﻿<?xml version="1.0" encoding="utf-8"?>
<ModMetaData>
<name>Eeveelutions - Umbreon Module [1.5]</name>
<author>Yanzihko</author>
<packageId>yanzihko.EUMBM</packageId>
<supportedVersions>
		<li>1.5</li>
</supportedVersions>
<modIconPath IgnoreIfNoMatchingField="True">UI/Minimodumb</modIconPath>
<description>
	
Umbreon is a species, based at Eevee's genome. Umbreon were originally designed to act as bodyguards, surveillance and other covert security roles for events and companies that valued aesthetics very highly. Umbreon, despite their small body size are very tough and hard to kill, not to mention fatal melee attacks that they can deal. Anyone who is not as tough as them or doesn't have corresponding equipment to counter their capabilities should avoid melee combat at all costs. Umbreon is an advanced variation of xenohumans with a precisely tuned genome that becomes highly unstable outside of very short range of acceptable parameters. Technically they even can be considered an alien species. Their modification is impossible outside of advanced Glitterworld facilities and without source Genome templates.

Support me at Boosty: https://boosty.to/yanzihko
</description>
	<modDependencies>
		<li>
			<packageId>erdelf.HumanoidAlienRaces</packageId>
			<displayName>Humanoid Alien Races 2.0</displayName>
			<steamWorkshopUrl>steam://url/CommunityFilePage/839005762</steamWorkshopUrl>
		</li>
		<li>
			<packageId>yanzihko.YZRCM</packageId>
			<displayName>Yanzihko's Races - Core Module [YZRCM][1.5]</displayName>
			<steamWorkshopUrl>steam://url/CommunityFilePage/3005787388</steamWorkshopUrl>
		</li>
	</modDependencies>
</ModMetaData>