﻿<?xml version="1.0" encoding="utf-8" ?>
<Defs>

  <PawnKindDef Abstract="True" Name="BaseMeowsticPawnKind">
    <race>Yanz_Meowstic</race>
	<backstoryFiltersOverride>
        <li>
            <categories>
                <li>001_G_Psychic_BackstoriesChildhood</li>
				<li>001_G_Psychic_BackstoriesAdulthood</li>
            </categories>
        </li>
    </backstoryFiltersOverride>
    <combatPower>30</combatPower>
    <isFighter>false</isFighter>
    <apparelIgnoreSeasons>true</apparelIgnoreSeasons>
    <forceNormalGearQuality>true</forceNormalGearQuality>
	<xenotypeSet>
      <xenotypeChances>
        <YZRCM_MeowsticXenotype MayRequire="Ludeon.RimWorld.Biotech">1</YZRCM_MeowsticXenotype>
      </xenotypeChances>
    </xenotypeSet>
  </PawnKindDef>

  <PawnKindDef ParentName="BaseMeowsticPawnKind">
    <defName>MeowsticTribalPawn</defName>
    <label>member</label>
    <defaultFactionType>PlayerMeowsticTribal</defaultFactionType>
    <apparelTags>
      <li>Neolithic</li>
    </apparelTags>
    <apparelMoney>200~1200</apparelMoney>
    <backstoryCryptosleepCommonality>1</backstoryCryptosleepCommonality>
    <initialWillRange>0~1</initialWillRange>
    <initialResistanceRange>2~5</initialResistanceRange>
  </PawnKindDef>
  
  <PawnKindDef ParentName="BaseMeowsticPawnKind">
    <defName>MeowsticIndustrialPawn</defName>
    <label>member</label>
    <race>Yanz_Meowstic</race>
    <defaultFactionType>PlayerMeowsticIndustrial</defaultFactionType>
    <apparelTags>
      <li>Industrial</li>
    </apparelTags>
    <apparelMoney>200~2000</apparelMoney>
    <backstoryCryptosleepCommonality>1</backstoryCryptosleepCommonality>
    <initialWillRange>0~1</initialWillRange>
    <initialResistanceRange>2~5</initialResistanceRange>
  </PawnKindDef>

</Defs>
