﻿<?xml version="1.0" encoding="utf-8" ?>
<Defs>
<RulePackDef>
        <defName>GlaceonNameM</defName>
        <rulePack>
            <rulesStrings>
                <li>name->[FirstM] '[SecondM]' [Ident]</li>
            </rulesStrings>
            <rulesRaw>
                <li Class="Rule_File">
                    <keyword>FirstM</keyword>
                    <path>GlaceonNames/GlaceonMaleFirstName</path>
                </li>
                <li Class="Rule_File">
                    <keyword>SecondM</keyword>
                    <path>GlaceonNames/GlaceonMaleMidName</path>
                </li>
                <li Class="Rule_File">
                    <keyword>Ident</keyword>
                    <path>GlaceonNames/GlaceonSurName</path>
                </li>
            </rulesRaw>
        </rulePack>
    </RulePackDef>
    
        <RulePackDef>
        <defName>GlaceonNameF</defName>
        <rulePack>
            <rulesStrings>
                <li>name->[FirstF] '[SecondF]' [Ident]</li>
            </rulesStrings>
            <rulesRaw>
                <li Class="Rule_File">
                    <keyword>FirstF</keyword>
                    <path>GlaceonNames/GlaceonFemaleFirstName</path>
                </li>
                <li Class="Rule_File">
                    <keyword>SecondF</keyword>
                    <path>GlaceonNames/GlaceonFemaleMidName</path>
                </li>
                <li Class="Rule_File">
                    <keyword>Ident</keyword>
                    <path>GlaceonNames/GlaceonSurName</path>
                </li>
            </rulesRaw>
        </rulePack>
    </RulePackDef>
</Defs>