<?xml version="1.0" encoding="utf-8" ?>
<Defs>

 <!--Marked them as such because they are primarly used by Eeveelutions. But these abilities can be used by other races-->
 
 <AbilityDef Name="YZRCM_AbilityTouchBase" MayRequire="Ludeon.RimWorld.Biotech" Abstract="True">
    <stunTargetWhileCasting>true</stunTargetWhileCasting>
    <displayGizmoWhileUndrafted>true</displayGizmoWhileUndrafted>
    <disableGizmoWhileUndrafted>false</disableGizmoWhileUndrafted>
    <jobDef>CastAbilityOnThingMelee</jobDef>
  </AbilityDef>
 <!--FLAREON-->
	<AbilityDef MayRequire="Ludeon.RimWorld.Biotech">
    <defName>YZRCM_Ability_FireSpew</defName>
    <label>Violent Thermal Discharge</label>
    <description>Special glands in nasopharynx release biological solution that is highly flammable when heated to several hundred degrees. Xenotype converts all aviable body resources into thermal energy to create a violent wall of fire, igniting everything on its path. Renders xenotype unconscious and causes "total cellural exhaustion". Usage of this ability drains body reserves and is usually used only as a last resort.</description>
    <iconPath>UI/Abilities/YZRCM_Ability_FireSpew</iconPath>
    <cooldownTicksRange>600000</cooldownTicksRange>
    <aiCanUse>true</aiCanUse>
    <warmupStartSound>FireSpew_Warmup</warmupStartSound>
    <verbProperties>
      <verbClass>Verb_CastAbility</verbClass>
      <range>10</range>
      <warmupTime>10</warmupTime>
      <soundCast>FireSpew_Resolve</soundCast>
      <targetParams>
        <canTargetLocations>true</canTargetLocations>
      </targetParams>
    </verbProperties>
	  <statBases>
      <Ability_Duration>1</Ability_Duration>
    </statBases>
    <comps>
	  <li Class="CompProperties_AbilityGiveHediff">
        <compClass>CompAbilityEffect_GiveHediff</compClass>
        <hediffDef>YZRCM_Cellural_Exhaustion_DummyMajor</hediffDef>
		<applyToSelf>true</applyToSelf>
		<applyToTarget>false</applyToTarget>
      </li>
      <li Class="CompProperties_AbilityFireSpew">
        <range>40</range>
        <lineWidthEnd>25</lineWidthEnd>
      </li>
    </comps>
	<confirmationDialogText>"Violent Thermal Discharge" is an ultimate ability of this xenotype that should be used only as a last resort measure. Selected pawn with recieve "total cellural exhaustion", making it completely useless for 10 days, with increased food requirements at top for the whole period. Are you sure?</confirmationDialogText>
	</AbilityDef>
  
	<AbilityDef MayRequire="Ludeon.RimWorld.Biotech">
	<defName>YZRCM_Ability_Fire_Shoot</defName>
    <label>Targeted Thermal Discharge</label>
    <description>Special glands in nasopharynx release biological solution that is highly flammable when heated to several hundred degrees. Xenotype converts aviable body resources to ignite and release dangerous ball of fire.</description>
    <iconPath>UI/Abilities/YZRCM_Ability_Fire_Shoot</iconPath>
    <cooldownTicksRange>36000</cooldownTicksRange>
    <displayOrder>200</displayOrder>
    <aiCanUse>true</aiCanUse>
    <verbProperties>
      <verbClass>Verb_CastAbility</verbClass>
      <range>10</range>
      <warmupTime>0.5</warmupTime>
      <soundCast>PiercingSpine_Launch</soundCast>
    </verbProperties>
    <comps>
      <li Class="CompProperties_AbilityLaunchProjectile">
        <projectileDef>YZRCM_FireProjectile</projectileDef>
      </li>
    </comps>
	</AbilityDef>
	<ThingDef ParentName="BaseBullet">
    <defName>YZRCM_FireProjectile</defName>
    <label>electrical bolt</label>
    <graphicData>
      <texPath>Things/Projectile/YZRCM_Fire</texPath>
      <graphicClass>Graphic_Single</graphicClass>
    </graphicData>
    <projectile>
      <damageDef>Flame</damageDef>
      <damageAmountBase>30</damageAmountBase>
      <armorPenetrationBase>1</armorPenetrationBase>
      <stoppingPower>1</stoppingPower>
      <speed>10</speed>
    </projectile>
	</ThingDef>
 
<!--JOLTEON--> 
	<AbilityDef MayRequire="Ludeon.RimWorld.Biotech">
    <defName>YZRCM_Ability_Electricity_Shoot</defName>
    <label>Targeted Electrical Discharge</label>
    <description>Xenotype partially discharges its electrical cells and channels the energy through the neural system to form an electrical bolt. Dangerous ability that can even set the target on fire. Great for distraction. Has a very large range due to its electrical nature.</description>
    <iconPath>UI/Abilities/YZRCM_Ability_Electricity_Shoot</iconPath>
    <cooldownTicksRange>36000</cooldownTicksRange>
    <displayOrder>200</displayOrder>
    <aiCanUse>true</aiCanUse>
    <verbProperties>
      <verbClass>Verb_CastAbility</verbClass>
      <range>40</range>
      <warmupTime>0.5</warmupTime>
      <soundCast>PiercingSpine_Launch</soundCast>
    </verbProperties>
    <comps>
      <li Class="CompProperties_AbilityLaunchProjectile">
        <projectileDef>YZRCM_ElectricityBolt</projectileDef>
      </li>
    </comps>
	</AbilityDef>
	<ThingDef ParentName="BaseBullet">
    <defName>YZRCM_ElectricityBolt</defName>
    <label>electrical bolt</label>
    <graphicData>
      <texPath>Things/Projectile/YZRCM_Electricity</texPath>
      <graphicClass>Graphic_Single</graphicClass>
    </graphicData>
    <projectile>
      <damageDef>Flame</damageDef>
      <damageAmountBase>5</damageAmountBase>
      <armorPenetrationBase>1</armorPenetrationBase>
      <stoppingPower>100</stoppingPower>
      <speed>100</speed>
    </projectile>
	</ThingDef>
  
	<AbilityDef MayRequire="Ludeon.RimWorld.Biotech">
    <defName>YZRCM_Ability_EMP_Shoot</defName>
    <label>Targeted Electromagnetic Pulse</label>
    <description>Xenotype partially discharges its electrical cells and channels the energy through the neural system to form an Electromagnetic Pulse (EMP). Dangerous to electronics but does nothing to living beings.</description>
    <iconPath>UI/Abilities/YZRCM_Ability_EMP_Shoot</iconPath>
    <cooldownTicksRange>36000</cooldownTicksRange>
    <displayOrder>200</displayOrder>
    <aiCanUse>true</aiCanUse>
    <verbProperties>
      <verbClass>Verb_CastAbility</verbClass>
      <range>40</range>
      <warmupTime>0.5</warmupTime>
      <soundCast>PiercingSpine_Launch</soundCast>
    </verbProperties>
    <comps>
      <li Class="CompProperties_AbilityLaunchProjectile">
        <projectileDef>YZRCM_EMPBolt</projectileDef>
      </li>
    </comps>
	</AbilityDef>
	<ThingDef ParentName="BaseBullet">
    <defName>YZRCM_EMPBolt</defName>
    <label>electrical bolt</label>
    <graphicData>
      <texPath>Things/Projectile/YZRCM_EMP</texPath>
      <graphicClass>Graphic_Single</graphicClass>
    </graphicData>
    <projectile>
      <damageDef>EMP</damageDef>
      <damageAmountBase>100</damageAmountBase>
      <armorPenetrationBase>1</armorPenetrationBase>
      <stoppingPower>10</stoppingPower>
      <speed>100</speed>
    </projectile>
	</ThingDef>
	
	<AbilityDef MayRequire="Ludeon.RimWorld.Biotech">
    <defName>YZRCM_Ability_Longjump</defName>
    <label>longjump</label>
    <description>Muscle cells in the legs are able to directly use electrical potential for a very short, yet powerful action. Biological safety mechanisms prevent frequent usage of this ability to avoid permanent damage of muscle tissue.</description>
    <iconPath>UI/Abilities/YZRCM_Ability_Longjump</iconPath>
    <cooldownTicksRange>36000</cooldownTicksRange>
    <hostile>false</hostile>
    <verbProperties>
      <verbClass>Verb_CastAbilityJump</verbClass>
      <label>jump</label>
      <violent>false</violent>
      <forceNormalTimeSpeed>false</forceNormalTimeSpeed>
      <warmupTime>0.1</warmupTime>
      <range>30</range>
      <requireLineOfSight>true</requireLineOfSight>
      <soundCast>Longjump_Jump</soundCast>
      <soundLanding>Longjump_Land</soundLanding>
      <targetParams>
        <canTargetLocations>true</canTargetLocations>
        <canTargetPawns>false</canTargetPawns>
        <canTargetBuildings>false</canTargetBuildings>
      </targetParams>
    </verbProperties>
    <jobDef>CastJump</jobDef>
    <comps>
    </comps>
	</AbilityDef>
  
	<AbilityDef MayRequire="Ludeon.RimWorld.Biotech">
    <defName>YZRCM_Ability_Flashstorm</defName>
    <label>Violent Electrical Discharge</label>
    <description>Xenotype converts all aviable body resources, whether its fat or any other sources of energy, into violent electrical impulse and channels it through the neural system to release it as a ball lighting. Renders xenotype unconscious and causes total "cellural exhaustion". Usage of this ability drains body reserves and is usually used only as a last resort.</description>
    <iconPath>UI/Abilities/YZRCM_Ability_Flashstorm</iconPath>
	<cooldownTicksRange>600000</cooldownTicksRange>
	<category>Skip</category>
    <writeCombatLog>True</writeCombatLog>
    <hotKey>Misc12</hotKey>
    <canUseAoeToGetTargets>False</canUseAoeToGetTargets>
    <statBases>
      <Ability_EffectRadius>5</Ability_EffectRadius>
      <Ability_Duration>300</Ability_Duration>
    </statBases>
    <verbProperties>
	 <verbClass>Verb_CastAbility</verbClass>
      <warmupTime>10</warmupTime>
      <range>50</range>
      <targetParams>
        <canTargetPawns>True</canTargetPawns>
        <canTargetLocations>True</canTargetLocations>
      </targetParams>
    </verbProperties>
    <comps>
	  <li Class="CompProperties_AbilityGiveHediff">
        <compClass>CompAbilityEffect_GiveHediff</compClass>
        <hediffDef>YZRCM_Cellural_Exhaustion_DummyMajor</hediffDef>
		<applyToSelf>true</applyToSelf>
		<applyToTarget>false</applyToTarget>
      </li>
      <li Class="CompProperties_AbilityFlashstorm">
        <goodwillImpact>-35</goodwillImpact>
      </li>
      <li Class="CompProperties_AbilityFleckOnTarget">
        <fleckDef>FlashstormAreaEffect</fleckDef>
        <sound>Psycast_Skip_Exit</sound>
      </li>
    </comps>
	<confirmationDialogText>"Violent Electrical Discharge" is an ultimate ability of this xenotype that should be used only as a last resort measure. Selected pawn with recieve "total cellural exhaustion", making it completely useless for 10 days, with increased food requirements at top for the whole period. Are you sure?</confirmationDialogText>
	</AbilityDef>

<!--EEVEE--> 
  
	<AbilityDef ParentName="YZRCM_AbilityTouchBase" MayRequire="Ludeon.RimWorld.Biotech">
    <defName>YZRCM_Ability_Moodbuff</defName>
    <label>Incense</label>
    <description>Xenotype releases special aromatic oils that can act as a perfume. It is usually reported to smell as a very pleasant mix of roses and cherry. And in general it feels very euphoric. Amount is microscopic and is really enough for one single colonist. Oils take some time to replenish.</description>
    <iconPath>UI/Abilities/YZRCM_Ability_Moodbuff</iconPath>
	<cooldownTicksRange>36000</cooldownTicksRange>
    <warmupMote>Mote_ResurrectAbility</warmupMote>
    <warmupStartSound>Resurrect_Cast</warmupStartSound>
    <displayOrder>600</displayOrder>
    <hostile>false</hostile>
	 <statBases>
      <Ability_Duration>1000</Ability_Duration>
    </statBases>
    <verbProperties>
      <verbClass>Verb_CastAbilityTouch</verbClass>
      <drawAimPie>false</drawAimPie>
      <range>-1</range>
      <warmupTime>2</warmupTime>
      <soundCast>Ressurect_Resolve</soundCast>
      <targetParams>
        <canTargetPawns>true</canTargetPawns>
        <canTargetBuildings>false</canTargetBuildings>
        <canTargetCorpses>false</canTargetCorpses>
        <canTargetMechs>false</canTargetMechs>
		<canTargetSelf>True</canTargetSelf>
        <canTargetAnimals>True</canTargetAnimals>
      </targetParams>
    </verbProperties>
    <comps>
      <li Class="CompProperties_AbilityGiveHediff">
        <compClass>CompAbilityEffect_GiveHediff</compClass>
        <hediffDef>YZRCM_Incense</hediffDef>
      </li>
      <li Class="CompProperties_AbilityFleckOnTarget">
        <fleckDef>PsycastPsychicEffect</fleckDef>
      </li>
    </comps>
	</AbilityDef>
  
	<AbilityDef ParentName="YZRCM_AbilityTouchBase" MayRequire="Ludeon.RimWorld.Biotech">
    <defName>YZRCM_Ability_Painless</defName>
    <label>Pain Reducing Oils</label>
    <description>Xenotype releases special oils that can reduce pain when applied to a certain area. Not as effective as medical drugs, but it is better than nothing. Oils take some time to replenish.</description>
    <iconPath>UI/Abilities/YZRCM_Ability_Painless</iconPath>
	<cooldownTicksRange>36000</cooldownTicksRange>
    <warmupMote>Mote_ResurrectAbility</warmupMote>
    <warmupStartSound>Resurrect_Cast</warmupStartSound>
    <displayOrder>600</displayOrder>
    <hostile>false</hostile>
	<statBases>
      <Ability_Duration>1000</Ability_Duration>
    </statBases>
    <verbProperties>
      <verbClass>Verb_CastAbilityTouch</verbClass>
      <drawAimPie>false</drawAimPie>
      <range>-1</range>
      <warmupTime>2</warmupTime>
      <soundCast>Ressurect_Resolve</soundCast>
      <targetParams>
        <canTargetPawns>true</canTargetPawns>
        <canTargetBuildings>false</canTargetBuildings>
        <canTargetCorpses>false</canTargetCorpses>
        <canTargetMechs>false</canTargetMechs>
		<canTargetSelf>true</canTargetSelf>
        <canTargetAnimals>true</canTargetAnimals>
      </targetParams>
    </verbProperties>
   <comps>
      <li Class="CompProperties_AbilityGiveHediff">
        <compClass>CompAbilityEffect_GiveHediff</compClass>
        <hediffDef>YZRCM_Painless</hediffDef>
      </li>
      <li Class="CompProperties_AbilityFleckOnTarget">
        <fleckDef>PsycastPsychicEffect</fleckDef>
      </li>
    </comps>
	</AbilityDef>
  
    <AbilityDef ParentName="YZRCM_AbilityTouchBase" MayRequire="Ludeon.RimWorld.Biotech">
    <defName>YZRCM_Ability_Euphoria</defName>
    <label>Euphoria Therapy</label>
    <description>Xenotype releases special oils, combined with its unnatural charm in form of a short therapy session. Target pawn must be a colonist and actively participate in session for it to take effect. While usage of this ability won't result in "cellural exhaustion", xenotype must be given time to replenish special oils and to recover mentally from such emotional experience.</description>
	<stunTargetWhileCasting>True</stunTargetWhileCasting>
    <iconPath>UI/Abilities/YZRCM_Ability_Euphoria</iconPath>
	<cooldownTicksRange>600000</cooldownTicksRange>
    <warmupMote>Mote_ResurrectAbility</warmupMote>
    <warmupStartSound>Resurrect_Cast</warmupStartSound>
    <displayOrder>600</displayOrder>
    <hostile>false</hostile>
	<statBases>
      <Ability_Duration>10000</Ability_Duration>
    </statBases>
    <verbProperties>
      <verbClass>Verb_CastAbilityTouch</verbClass>
      <drawAimPie>false</drawAimPie>
      <range>-1</range>
      <warmupTime>100</warmupTime>
      <soundCast>Ressurect_Resolve</soundCast>
      <targetParams>
        <canTargetPawns>true</canTargetPawns>
        <canTargetBuildings>false</canTargetBuildings>
        <canTargetCorpses>false</canTargetCorpses>
        <canTargetMechs>false</canTargetMechs>
		<canTargetSelf>false</canTargetSelf>
        <canTargetAnimals>false</canTargetAnimals>
		<onlyTargetColonists>true</onlyTargetColonists>
        <neverTargetIncapacitated>true</neverTargetIncapacitated>
      </targetParams>
    </verbProperties>
   <comps>
      <li Class="CompProperties_AbilityGiveHediff">
        <compClass>CompAbilityEffect_GiveHediff</compClass>
        <hediffDef>YZRCM_Euphoria</hediffDef>
      </li>
      <li Class="CompProperties_AbilityFleckOnTarget">
        <fleckDef>PsycastPsychicEffect</fleckDef>
      </li>
    </comps>
	</AbilityDef>
  
<!--LEAFEON--> 
	<AbilityDef ParentName="YZRCM_AbilityTouchBase" MayRequire="Ludeon.RimWorld.Biotech">
    <defName>YZRCM_Ability_Resurrect</defName>
    <label>Post Mortem Regenerative Threatment</label>
    <description>Xenotype sacrifices its biological material, special cells and ATF to repair fatal damage and restore biological processes of the targeted corpse. Special cells, containing high amounts of nutrition and repair molecules, being scattered all across the corpse act as catalysis centers. Renders xenotype unconscious and causes total "cellural exhaustion". Usage of this ability drains body reserves and is usually used only as a last resort.</description>
    <iconPath>UI/Abilities/YZRCM_Ability_Resurrect</iconPath>
    <cooldownTicksRange>600000</cooldownTicksRange>
    <warmupMote>Mote_ResurrectAbility</warmupMote>
    <warmupStartSound>Resurrect_Cast</warmupStartSound>
    <displayOrder>600</displayOrder>
    <hostile>false</hostile>
    <verbProperties>
      <verbClass>Verb_CastAbilityTouch</verbClass>
      <drawAimPie>false</drawAimPie>
      <range>-1</range>
      <warmupTime>2</warmupTime>
      <soundCast>Ressurect_Resolve</soundCast>
      <targetParams>
        <canTargetPawns>false</canTargetPawns>
        <canTargetBuildings>false</canTargetBuildings>
        <canTargetCorpses>true</canTargetCorpses>
        <canTargetMechs>false</canTargetMechs>
      </targetParams>
    </verbProperties>
    <comps>
		<li Class="CompProperties_AbilityGiveHediff">
        <compClass>CompAbilityEffect_GiveHediff</compClass>
        <hediffDef>YZRCM_Cellural_Exhaustion_DummyMajor</hediffDef>
		<applyToSelf>true</applyToSelf>
		<applyToTarget>false</applyToTarget>
		</li>
		<li Class="CompProperties_Resurrect" />
    </comps>
	<confirmationDialogText>"Post Mortem Regenerative Threatment" is an ultimate ability of this xenotype that should be used only as a last resort measure. Selected pawn with recieve "total cellural exhaustion", making it completely useless for 10 days, with increased food requirements at top for the whole period. Are you sure?</confirmationDialogText>
	</AbilityDef>
  
    <AbilityDef ParentName="YZRCM_AbilityTouchBase" MayRequire="Ludeon.RimWorld.Biotech">
    <defName>YZRCM_Ability_Coagulate</defName>
    <label>Healing Salvia</label>
    <description>Xenotype is able to synthesize special type of salvia with healing and coagulative properties on demand. Great for treatment of wounds. Each usage exhausts special glands and it takes some time for them to restore.</description>
    <iconPath>UI/Abilities/YZRCM_Ability_Coagulate</iconPath>
    <cooldownTicksRange>60000</cooldownTicksRange>
	<stunTargetWhileCasting>true</stunTargetWhileCasting>
    <displayGizmoWhileUndrafted>true</displayGizmoWhileUndrafted>
    <disableGizmoWhileUndrafted>false</disableGizmoWhileUndrafted>
    <warmupMote MayRequire="Ludeon.RimWorld.Biotech">Mote_CoagulateStencil</warmupMote>
    <warmupEffecter MayRequire="Ludeon.RimWorld.Biotech">Coagulate</warmupEffecter>
    <warmupStartSound>Coagulate_Cast</warmupStartSound>
    <jobDef>CastAbilityOnThingMelee</jobDef>
    <displayOrder>400</displayOrder>
    <hostile>false</hostile>
    <verbProperties>
      <verbClass>Verb_CastAbilityTouch</verbClass>
      <drawAimPie>false</drawAimPie>
      <range>-1</range>
      <warmupTime>1</warmupTime>
      <targetParams>
        <canTargetAnimals>true</canTargetAnimals>
        <canTargetSelf>false</canTargetSelf>
        <canTargetBuildings>false</canTargetBuildings>
        <canTargetMechs>false</canTargetMechs>
        <canTargetBloodfeeders>true</canTargetBloodfeeders>
      </targetParams>
    </verbProperties>
    <comps>
      <li Class="CompProperties_AbilityCoagulate">
        <tendQualityRange>0.75~1.0</tendQualityRange>
      </li>
      <li Class="CompProperties_AbilityRequiresCapacity">
        <capacity>Manipulation</capacity>
      </li>
    </comps>
	</AbilityDef>
  
<!--UMBREON--> 

    <AbilityDef ParentName="YZRCM_AbilityTouchBase" MayRequire="Ludeon.RimWorld.Biotech">
    <defName>YZRCM_Ability_Invisibility</defName>
    <label>Invisibility</label>
    <description>Surface level tissues have special molecules that can change their state and bend the light around the body, making it practically invisible. Shifted state of molecules is not efficient and requires cells to sacrifice lots of energy for their maintainance. As consequence, xenotype is able to use this ability rarely, and only for a limited amount of time.</description>
    <iconPath>UI/Abilities/YZRCM_Ability_Invisibility</iconPath>
	<cooldownTicksRange>36000</cooldownTicksRange>
    <warmupMote>Mote_ResurrectAbility</warmupMote>
    <warmupStartSound>Resurrect_Cast</warmupStartSound>
    <displayOrder>600</displayOrder>
    <hostile>false</hostile>
	<targetRequired>false</targetRequired>
	<statBases>
      <Ability_Duration>125</Ability_Duration>
    </statBases>
    <verbProperties>
      <verbClass>Verb_CastAbilityTouch</verbClass>
      <drawAimPie>false</drawAimPie>
      <range>-1</range>
      <warmupTime>2</warmupTime>
      <soundCast>Ressurect_Resolve</soundCast>
	  <nonInterruptingSelfCast>True</nonInterruptingSelfCast>
      <targetParams>
		<canTargetSelf>true</canTargetSelf>
      </targetParams>
    </verbProperties>
   <comps>
      <li Class="CompProperties_AbilityGiveHediff">
        <compClass>CompAbilityEffect_GiveHediff</compClass>
        <hediffDef>YZRCM_Invisibility</hediffDef>
      </li>
      <li Class="CompProperties_AbilityFleckOnTarget">
        <fleckDef>PsycastPsychicEffect</fleckDef>
      </li>
    </comps>
	</AbilityDef>
  
    <AbilityDef MayRequire="Ludeon.RimWorld.Biotech">
    <defName>YZRCM_Ability_Smokepop</defName>
    <label>Smoke Solution</label>
    <description>Special glands in nasopharynx have "luquid smoke" solution that instantly expands in volume by hundreds of times in volume upon release. Xenotypes needs some time for said solution to replenish.</description>
    <iconPath>UI/Abilities/YZRCM_Ability_Smokepop</iconPath>
	<cooldownTicksRange>36000</cooldownTicksRange>
    <displayOrder>600</displayOrder>
    <hostile>false</hostile>
	<statBases>
    </statBases>
	<verbProperties>
      <verbClass>Verb_CastAbility</verbClass>
      <range>2</range>
      <requireLineOfSight>True</requireLineOfSight>
      <warmupTime>1</warmupTime>
      <targetParams>
        <canTargetPawns>False</canTargetPawns>
        <canTargetLocations>True</canTargetLocations>
        <thingCategory>Item</thingCategory>
        <mapObjectTargetsMustBeAutoAttackable>False</mapObjectTargetsMustBeAutoAttackable>
      </targetParams>
    </verbProperties>
    <comps>
      <li Class = "CompProperties_AbilitySmokepop">
        <smokeRadius>2</smokeRadius>
        <clamorType>Ability</clamorType>
        <clamorRadius>15</clamorRadius>
      </li>
      <li Class="CompProperties_AbilityEffecterOnTarget">
        <effecterDef>Skip_Exit</effecterDef>
        <maintainForTicks>60</maintainForTicks>
      </li>
      <li Class="CompProperties_AbilityFleckOnTarget">
        <fleckDefs>
          <li>PsycastSkipInnerExit</li>
          <li>PsycastSkipOuterRingExit</li>
        </fleckDefs>
        <sound>Psycast_Skip_Exit</sound>
        <preCastTicks>5</preCastTicks>
      </li>
    </comps>
	</AbilityDef>
  
  
<!--ESPEON--> 

	<AbilityDef MayRequire="Ludeon.RimWorld.Biotech">
    <defName>YZRCM_Ability_Teleport</defName>
    <label>Space Fold</label>
    <description>Xenotype shifts entropy in two points not too far away from each other, allowing it to bend space for a brief moment and to "teleport" small enough object. Xenotype suffers "Minor Cellural Exhaustion".</description>
    <iconPath>UI/Abilities/YZRCM_Ability_Teleport</iconPath>
	<cooldownTicksRange>36000</cooldownTicksRange>
    <showPsycastEffects>False</showPsycastEffects>
    <statBases>
    </statBases>
    <verbProperties>
		<verbClass>Verb_CastAbility</verbClass>
		<requireLineOfSight>False</requireLineOfSight>
		<warmupTime>0.25</warmupTime>
		<range>27.9</range>
		<targetParams>
			<canTargetSelf>True</canTargetSelf>
			<canTargetAnimals>True</canTargetAnimals>
			<canTargetItems>True</canTargetItems>
		</targetParams>
    </verbProperties>
    <comps>
      <li Class = "CompProperties_AbilityTeleport">
        <compClass>CompAbilityEffect_Teleport</compClass>
        <destination>Selected</destination>
        <requiresLineOfSight>False</requiresLineOfSight>
        <range>50</range>
        <clamorType>Ability</clamorType>
        <clamorRadius>10</clamorRadius>
        <destClamorType>Ability</destClamorType>
        <destClamorRadius>10</destClamorRadius>
        <stunTicks>18~60</stunTicks>
        <goodwillImpact>-15</goodwillImpact>
        <applyGoodwillImpactToLodgers>False</applyGoodwillImpactToLodgers>
      </li>
    </comps>
	</AbilityDef>
  
    <AbilityDef MayRequire="Ludeon.RimWorld.Biotech">
    <defName>YZRCM_Ability_BulletShield</defName>
    <label>Entropy Shield</label>
    <description>Xenotype shifts entropy around itself, creating a bubble shield. Shield ignores outcoming projectiles, but anything from outside will be blocked. Xenotype suffers "Minor Cellural Exhaustion"</description>
    <iconPath>UI/Abilities/YZRCM_Ability_BulletShield</iconPath>
    <writeCombatLog>True</writeCombatLog>
    <canUseAoeToGetTargets>False</canUseAoeToGetTargets>
	<cooldownTicksRange>60000</cooldownTicksRange>
    <statBases>
      <Ability_EffectRadius>5</Ability_EffectRadius>
      <Ability_Duration>90</Ability_Duration>
    </statBases>
    <verbProperties>
	<verbClass>Verb_CastAbility</verbClass>
      <warmupTime>1</warmupTime>
      <range>1</range>
      <targetParams>
        <canTargetPawns>False</canTargetPawns>
        <canTargetLocations>True</canTargetLocations>
      </targetParams>
    </verbProperties>
    <comps>
      <li Class="CompProperties_AbilitySpawn">
        <thingDef>YZRCM_BulletShieldArea</thingDef>
      </li>
      <li Class="CompProperties_AbilityFleckOnTarget">
        <fleckDef>BulletShieldAreaEffect</fleckDef>
        <sound>Psycast_Skip_Exit</sound>
      </li>
    </comps>
	</AbilityDef>
    <ThingDef ParentName="EtherealThingBase">
    <defName>YZRCM_BulletShieldArea</defName>
    <label>entropy shield</label>
    <thingClass>ThingWithComps</thingClass>
    <tickerType>Normal</tickerType>
    <drawerType>RealtimeOnly</drawerType>
    <drawOffscreen>true</drawOffscreen>
    <graphicData>
      <graphicClass>Graphic_Single</graphicClass>
      <texPath>Things/Ethereal/PsychicShieldRipples</texPath>
      <shaderType>BulletShieldPsychic</shaderType>
      <color>(180, 231, 237)</color>
      <drawSize>9.9</drawSize>
      <shaderParameters>
        <_PulseInterval>0.5</_PulseInterval>
        <_DistortionScale>0.5</_DistortionScale>
        <_DistortionIntensity>0.15</_DistortionIntensity>
        <_MinAlpha>0.1</_MinAlpha>
        <_MaxAlpha>0.3</_MaxAlpha>
        <_DistortionTex>/Things/Mote/SmokeTiled</_DistortionTex>
      </shaderParameters>
    </graphicData>
    <comps>
      <li Class="CompProperties_ProjectileInterceptor">
        <radius>4.9</radius>
        <interceptGroundProjectiles>true</interceptGroundProjectiles>
        <interceptNonHostileProjectiles>true</interceptNonHostileProjectiles>
        <interceptOutgoingProjectiles>false</interceptOutgoingProjectiles>
        <color>(0.4, 0.4, 0.4)</color>
        <minAlpha>0.2</minAlpha>
        <interceptEffect>Interceptor_BlockedProjectilePsychic</interceptEffect>
      </li>
      <li Class="CompProperties_DestroyAfterDelay">
        <delayTicks>4500</delayTicks>
      </li>
    </comps>
	</ThingDef>
  
    <AbilityDef MayRequire="Ludeon.RimWorld.Biotech">
    <defName>YZRCM_Ability_Farskip</defName>
    <label>Far Space Fold</label>
    <description>Xenotype shifts entropy in two points across the planetary surface, allowing it to bend space for a brief moment and to "teleport" both itself and allies in a small area. However, shifting entropy in a point so far away requires some sort of hint or a familiar physical entitity, would it be friendly pawn or a beacon. Xenotype suffers "Minor Cellural Exhaustion"</description>
    <iconPath>UI/Abilities/YZRCM_Ability_Farskip</iconPath>
	<cooldownTicksRange>600000</cooldownTicksRange>
    <targetWorldCell>True</targetWorldCell>
    <showGizmoOnWorldView>True</showGizmoOnWorldView>
    <hostile>false</hostile>
    <statBases>
      <Ability_EffectRadius>4.9</Ability_EffectRadius>
    </statBases>
    <verbProperties>
	<verbClass>Verb_CastAbility</verbClass>
      <warmupTime>5</warmupTime>
      <range>4.9</range>
      <drawAimPie>False</drawAimPie>
      <requireLineOfSight>False</requireLineOfSight>
    </verbProperties>
    <comps>
      <li Class="CompProperties_AbilityFarskip">
        <stunTicks>18~60</stunTicks>
        <clamorType>Ability</clamorType>
        <clamorRadius>10</clamorRadius>
      </li>
    </comps>
	</AbilityDef>
  
    <AbilityDef MayRequire="Ludeon.RimWorld.Biotech">
    <defName>YZRCM_Ability_Neuroquake</defName>
    <label>Violent Signal</label>
    <description>Xenotype identifies entropy patterns of all neural systems in a large area and releases a powerful signal at certain frequency, making all living beings around virtually insane. Xenotype creates additional entropy field around itself, that blocks outcoming signal in a small area. It should be big enough to fit all the allies inside. Usage of this ability drains body reserves and is usually used only as a last resort.</description>
    <iconPath>UI/Abilities/YZRCM_Ability_Neuroquake</iconPath>
    <jobDef>CastAbilityOnThingUninterruptible</jobDef>
    <targetRequired>False</targetRequired>
    <canUseAoeToGetTargets>False</canUseAoeToGetTargets>
    <showPsycastEffects>False</showPsycastEffects>
    <showCastingProgressBar>True</showCastingProgressBar>
    <warmupMote>Mote_WarmupNeuroquake</warmupMote>
    <warmupStartSound>Psycast_Neuroquake_CastStart</warmupStartSound>
    <warmupSound>Psycast_Neuroquake_CastLoop</warmupSound>
    <warmupPreEndSound>Psycast_Neuroquake_CastEnd</warmupPreEndSound>
    <warmupPreEndSoundSeconds>5</warmupPreEndSoundSeconds>
	<cooldownTicksRange>600000</cooldownTicksRange>
    <hostile>false</hostile>
    <statBases>
      <Ability_EffectRadius>5.9</Ability_EffectRadius>
      <Ability_Duration>4800</Ability_Duration>
    </statBases>
    <verbProperties>
		<verbClass>Verb_CastAbility</verbClass>
      <warmupTime>12</warmupTime>
      <range>5.9</range>
      <drawAimPie>False</drawAimPie>
      <requireLineOfSight>False</requireLineOfSight>
      <targetParams>
        <canTargetSelf>True</canTargetSelf>
      </targetParams>
    </verbProperties>
    <comps>
      <li Class="CompProperties_AbilityNeuroquake">
        <goodwillImpactForBerserk>-75</goodwillImpactForBerserk>
        <goodwillImpactForNeuroquake>-10</goodwillImpactForNeuroquake>
        <worldRangeTiles>4</worldRangeTiles>
        <screenShakeIntensity>2</screenShakeIntensity>
        <mentalStateRadius>100</mentalStateRadius>
      </li>
      <li Class="CompProperties_AbilityGiveHediff">
        <compClass>CompAbilityEffect_GiveHediff</compClass>
        <hediffDef>YZRCM_Cellural_Exhaustion_DummyMajor</hediffDef>
		<applyToSelf>true</applyToSelf>
		<applyToTarget>false</applyToTarget>
      </li>
      <li Class="CompProperties_AbilityFleckOnTarget">
        <fleckDef>PsychicApplyNeuroquake</fleckDef>
        <sound>Psycast_Neuroquake_Effect</sound>
      </li>
    </comps>
    <confirmationDialogText>"Violent Signal" is an ultimate ability of this xenotype that should be used only as a last resort measure. Selected pawn with recieve "total cellural exhaustion", making it completely useless for 10 days, with increased food requirements at top for the whole period. Are you sure?</confirmationDialogText>
	</AbilityDef>
<!--GLACEON--> 

<!--■■■■■■■■■■■■■■■■■■■■ ANTI_FIRE ABILITY ■■■■■■■■■■■■■■■■■■■■-->
	<AbilityDef MayRequire="Ludeon.RimWorld.Biotech">
    <defName>YZRCM_Ability_Antifire_Ice</defName>
    <label>Extinguish Fire</label>
    <description>Xenotype forms a projectile with extremely low entropy that extinguishes any fire in area upon impact with the ground.</description>
    <iconPath>UI/Abilities/YZRCM_Ability_Antifire_Ice</iconPath>
    <charges>3</charges>
    <cooldownTicksRange>60000</cooldownTicksRange>
    <warmupStartSound>FoamSpray_Warmup</warmupStartSound>
    <hostile>false</hostile>
    <verbProperties>
      <verbClass>Verb_CastAbility</verbClass>
      <range>4.9</range>
      <warmupTime>1</warmupTime>
      <soundCast>FoamSpray_Resolve</soundCast>
      <targetParams>
        <canTargetLocations>true</canTargetLocations>
      </targetParams>
    </verbProperties>
    <comps>
      <li Class="CompProperties_AbilitySprayLiquid">
        <projectileDef>YZRCM_IceFoam_Ability_Projectile</projectileDef>
        <numCellsToHit>9</numCellsToHit>
        <sprayEffecter>FoamSpray_Directional</sprayEffecter>
      </li>
    </comps>
	</AbilityDef>
    <ThingDef Name="YZRCM_ProjectileIceFoam">
    <defName>YZRCM_IceFoam</defName>
    <label>ice</label>
    <thingClass>Projectile_Liquid</thingClass>
    <category>Projectile</category>
    <tickerType>Normal</tickerType>
    <altitudeLayer>Projectile</altitudeLayer>
    <useHitPoints>False</useHitPoints>
    <neverMultiSelect>True</neverMultiSelect>
    <graphicData>
      <texPath>Things/Projectile/YZRCM_Antifire_Ice</texPath>
      <graphicClass>Graphic_Single</graphicClass>
      <drawSize>0.85</drawSize>
    </graphicData>
    <projectile>
      <damageDef>Extinguish</damageDef>
      <speed>27</speed>
      <damageAmountBase>9999</damageAmountBase>
      <arcHeightFactor>0.4</arcHeightFactor>
      <armorPenetrationBase>0.8</armorPenetrationBase>
      <stoppingPower>1</stoppingPower>
      <shadowSize>0</shadowSize>
      <filth>YZRCM_Filth_IceFoam</filth>
      <filthCount>1</filthCount>
      <landedEffecter>ExtinguisherPuffSmall</landedEffecter>
      <numExtraHitCells>4</numExtraHitCells>
      <soundImpact>Foam_Impact</soundImpact>
    </projectile>
	</ThingDef>
    <ThingDef ParentName="BaseFilth">
    <defName>YZRCM_Filth_IceFoam</defName>
    <label>ice</label>
    <statBases>
      <Beauty>25</Beauty>
      <Cleanliness>-5</Cleanliness>
    </statBases>
    <graphicData>
      <texPath>Things/Filth/YZRCM_Filth_Ice</texPath>
	  <graphicClass>Graphic_Single</graphicClass>
	  <drawSize>1.75</drawSize>
    </graphicData>
    <filth>
      <ignoreFilthMultiplierStat>true</ignoreFilthMultiplierStat>
      <disappearsInDays>5~10</disappearsInDays>
      <rainWashes>true</rainWashes>
      <cleaningWorkToReduceThickness>100</cleaningWorkToReduceThickness>
      <canFilthAttach>true</canFilthAttach>
      <allowsFire>false</allowsFire>
      <cleaningSound>Interact_CleanFilth_Fluid</cleaningSound>
    </filth>
	</ThingDef>
	<ThingDef ParentName="YZRCM_ProjectileIceFoam">
    <defName>YZRCM_IceFoam_Ability_Projectile</defName>
    <projectile>
      <speed>25</speed>
      <numExtraHitCells>0</numExtraHitCells>
      <filthCount>1~3</filthCount>
    </projectile>
    <graphicData>
      <texPath>Things/Projectile/YZRCM_Antifire_Ice</texPath>
	  <graphicClass>Graphic_Single</graphicClass>
      <!--<graphicClass>Graphic_Random</graphicClass>
      <shaderType>MoteGlow</shaderType>
      <drawSize>1.35</drawSize>-->
    </graphicData>
	</ThingDef>
 
    <AbilityDef MayRequire="Ludeon.RimWorld.Biotech">
    <defName>YZRCM_Ability_Ice_Shoot</defName>
    <label>Targeted Thermal Discharge</label>
    <description>Xenotype forms a projectile with extremely low entropy that stuns and deals heavy frostbite damage to the target.</description>
    <iconPath>UI/Abilities/YZRCM_Ability_Ice_Shoot</iconPath>
    <cooldownTicksRange>30000</cooldownTicksRange>
    <displayOrder>200</displayOrder>
    <aiCanUse>true</aiCanUse>
     <verbProperties>
      <verbClass>Verb_CastAbility</verbClass>
      <drawAimPie>false</drawAimPie>
      <range>-1</range>
      <warmupTime>2</warmupTime>
      <soundCast>Ressurect_Resolve</soundCast>
      <targetParams>
        <canTargetPawns>true</canTargetPawns>
      </targetParams>
    </verbProperties>
    <comps>
      <li Class="CompProperties_AbilityLaunchProjectile">
        <projectileDef>YZRCM_IceProjectile</projectileDef>
      </li>
    </comps>
	</AbilityDef>
	<ThingDef ParentName="BaseBullet">
    <defName>YZRCM_IceProjectile</defName>
    <label>electrical bolt</label>
    <graphicData>
      <texPath>Things/Projectile/YZRCM_Ice</texPath>
      <graphicClass>Graphic_Single</graphicClass>
    </graphicData>
    <projectile>
      <damageDef>Frostbite</damageDef>
      <damageAmountBase>30</damageAmountBase>
      <armorPenetrationBase>1</armorPenetrationBase>
      <stoppingPower>100</stoppingPower>
      <speed>10</speed>
    </projectile>
	</ThingDef>
  
    <AbilityDef MayRequire="Ludeon.RimWorld.Biotech">
    <defName>YZRCM_Ability_Ice_Shoot_Ultimate</defName>
    <label>Violent Entropy Explosion</label>
    <description>Xenotype forms a projectile with negative entropy, that sucks energy out of all matter in range. Everything in radius experiences severe frostbite damage. Usage of this ability drains body reserves and is usually used only as a last resort.</description>
    <iconPath>UI/Abilities/YZRCM_Ability_Ice_Shoot_Ultimate</iconPath>
    <cooldownTicksRange>600000</cooldownTicksRange>
    <displayOrder>200</displayOrder>
    <aiCanUse>true</aiCanUse>
    <verbProperties>
      <verbClass>Verb_CastAbility</verbClass>
      <range>30</range>
      <warmupTime>0.5</warmupTime>
      <soundCast>PiercingSpine_Launch</soundCast>
	  <targetParams>
        <canTargetLocations>true</canTargetLocations>
		<canTargetPawns>true</canTargetPawns>
    </targetParams>
    </verbProperties>
    <comps>
	<li Class="CompProperties_AbilityGiveHediff">
        <compClass>CompAbilityEffect_GiveHediff</compClass>
        <hediffDef>YZRCM_Cellural_Exhaustion_DummyMajor</hediffDef>
		<applyToSelf>true</applyToSelf>
		<applyToTarget>false</applyToTarget>
      </li>
      <li Class="CompProperties_AbilityLaunchProjectile">
        <projectileDef>YZRCM_UltimateIceProjectile</projectileDef>
      </li>
    </comps>
	<confirmationDialogText>"Violent Entropy Explosion" is an ultimate ability of this xenotype that should be used only as a last resort measure. Selected pawn with recieve "total cellural exhaustion", making it completely useless for 10 days, with increased food requirements at top for the whole period. Are you sure?</confirmationDialogText>
	</AbilityDef>
    <ThingDef ParentName="BaseGrenadeProjectile">
    <defName>YZRCM_UltimateIceProjectile</defName>
    <label>EMP grenade</label>
    <thingClass>Projectile_Explosive</thingClass>
    <graphicData>
      <texPath>Things/Projectile/YZRCM_Powerful_Ice</texPath>
      <graphicClass>Graphic_Single</graphicClass>
    </graphicData>
    <projectile>
      <explosionRadius>10</explosionRadius>
      <damageDef>YZRCM_Frostbite_Sound</damageDef>
	  <damageAmountBase>30</damageAmountBase>
	  <stoppingPower>100</stoppingPower>
      <explosionDelay>1</explosionDelay>
    </projectile>
	</ThingDef>
    <DamageDef>
    <defName>YZRCM_Frostbite_Sound</defName>
    <label>frostbite</label>
    <workerClass>DamageWorker_Frostbite</workerClass>
    <externalViolence>false</externalViolence>
    <isExplosive>true</isExplosive>
    <deathMessage>{0} has succumbed to frostbite.</deathMessage>
    <hediff>Frostbite</hediff>
    <harmAllLayersUntilOutside>true</harmAllLayersUntilOutside>
	<canUseDeflectMetalEffect>false</canUseDeflectMetalEffect>
    <impactSoundType>Blunt</impactSoundType>
    <armorCategory>Sharp</armorCategory>
    <minDamageToFragment>15</minDamageToFragment>
    <defaultDamage>50</defaultDamage>
    <defaultStoppingPower>0.5</defaultStoppingPower>
    <defaultArmorPenetration>0.10</defaultArmorPenetration>
    <buildingDamageFactorImpassable>4</buildingDamageFactorImpassable>
    <buildingDamageFactorPassable>2</buildingDamageFactorPassable>
    <plantDamageFactor>4</plantDamageFactor>
    <corpseDamageFactor>0.5</corpseDamageFactor>
    <explosionAffectOutsidePartsOnly>false</explosionAffectOutsidePartsOnly>
    <explosionHeatEnergyPerCell>5</explosionHeatEnergyPerCell>
    <explosionCellFleck>YZRCM_Snowflake_Fleck</explosionCellFleck>
    <explosionColorCenter>(1, 0.5, 0.3)</explosionColorCenter>
    <explosionColorEdge>(0.6, 0.5, 0.4)</explosionColorEdge>
    <soundExplosion>Explosion_Bomb</soundExplosion>
    <combatLogRules>Damage_Bomb</combatLogRules>
	</DamageDef>
    <FleckDef ParentName="FleckBase">
    <defName>YZRCM_Snowflake_Fleck</defName>
    <graphicData>
      <texPath>Things/Mote/YZRCMSnowflake</texPath>
      <shaderType>TransparentPostLight</shaderType>
      <renderInstanced>true</renderInstanced>
    </graphicData>
    <altitudeLayer>MoteOverhead</altitudeLayer>
    <solidTime>0</solidTime>
    <fadeOutTime>1</fadeOutTime>
	</FleckDef>
  
<!--SYLVEON--> 

	<AbilityDef MayRequire="Ludeon.RimWorld.Biotech">
    <defName>YZRCM_Ability_Focus</defName>
    <label>Increase Neural Activity</label>
    <description>Xenotype generates special signal, tricking neural system into increasing its metabolic activity. Neural activity and reaction times are significantly improved at the expense of increased nutrition demands.</description>
    <iconPath>UI/Abilities/YZRCM_Ability_Focus</iconPath>
    <cooldownTicksRange>300000</cooldownTicksRange>
    <statBases>
      <Ability_Duration>1000</Ability_Duration>
    </statBases>
    <verbProperties>
	<verbClass>Verb_CastAbility</verbClass>
      <warmupTime>0.25</warmupTime>
      <range>27.9</range>
      <targetParams>
        <canTargetSelf>True</canTargetSelf>
        <canTargetAnimals>True</canTargetAnimals>
      </targetParams>
		</verbProperties>
		<comps>
      <li Class = "CompProperties_AbilityGiveHediff">
        <compClass>CompAbilityEffect_GiveHediff</compClass>
        <hediffDef>YZRCM_MindBoost</hediffDef>
        <onlyBrain>True</onlyBrain>
        <psychic>True</psychic>
        <durationMultiplier>PsychicSensitivity</durationMultiplier>
      </li>
      <li Class="CompProperties_AbilityFleckOnTarget">
        <fleckDef>PsycastPsychicEffect</fleckDef>
      </li>
    </comps>
	</AbilityDef>
  
    <AbilityDef ParentName="YZRCM_AbilityTouchBase" MayRequire="Ludeon.RimWorld.Biotech">
    <defName>YZRCM_Ability_Painless_Entropy</defName>
    <label>Pain Blocking Signal</label>
    <description>Xenotype generates special signal, disabling pain receptors of the target.</description>
    <iconPath>UI/Abilities/YZRCM_Ability_Painless_Entropy</iconPath>
	<cooldownTicksRange>60000</cooldownTicksRange>
    <warmupMote>Mote_ResurrectAbility</warmupMote>
    <warmupStartSound>Resurrect_Cast</warmupStartSound>
    <displayOrder>600</displayOrder>
    <hostile>false</hostile>
	<statBases>
      <Ability_Duration>1000</Ability_Duration>
    </statBases>
    <verbProperties>
      <verbClass>Verb_CastAbilityTouch</verbClass>
      <drawAimPie>false</drawAimPie>
      <range>-1</range>
      <warmupTime>2</warmupTime>
      <soundCast>Ressurect_Resolve</soundCast>
      <targetParams>
        <canTargetPawns>true</canTargetPawns>
        <canTargetBuildings>false</canTargetBuildings>
        <canTargetCorpses>false</canTargetCorpses>
        <canTargetMechs>false</canTargetMechs>
		<canTargetSelf>true</canTargetSelf>
        <canTargetAnimals>true</canTargetAnimals>
      </targetParams>
    </verbProperties>
   <comps>
      <li Class="CompProperties_AbilityGiveHediff">
        <compClass>CompAbilityEffect_GiveHediff</compClass>
        <hediffDef>YZRCM_Total_Painless</hediffDef>
      </li>
      <li Class="CompProperties_AbilityFleckOnTarget">
        <fleckDef>PsycastPsychicEffect</fleckDef>
      </li>
    </comps>
	</AbilityDef>
  
    <AbilityDef MayRequire="Ludeon.RimWorld.Biotech">
    <defName>YZRCM_Ability_CalmTheFuckDown</defName>
    <label>Soothing Signal</label>
    <description>Xenotype generates special signal at certain frequences, that ends mental break of a pawn and puts it into state of artificial coma.</description>
    <iconPath>UI/Abilities/YZRCM_Ability_CalmTheFuckDown</iconPath>
    <cooldownTicksRange>300000</cooldownTicksRange>
    <statBases>
      <Ability_Duration>246</Ability_Duration>
    </statBases>
    <verbProperties>
	<verbClass>Verb_CastAbility</verbClass>
		<range>24.9</range>
      <warmupTime>2</warmupTime>
      <targetParams>
        <canTargetAnimals>False</canTargetAnimals>
      </targetParams>
    </verbProperties>
    <comps>
      <li Class="CompProperties_AbilitySocialInteraction">
        <interactionDef>WordOfSerenity</interactionDef>
        <canApplyToMentallyBroken>True</canApplyToMentallyBroken>
        <canApplyToAsleep>true</canApplyToAsleep>
        <canApplyToUnconscious>true</canApplyToUnconscious>
      </li>
      <li Class="CompProperties_AbilityGiveHediff">
        <compClass>CompAbilityEffect_GiveHediff</compClass>
        <hediffDef>YZRCM_Artificial_Coma</hediffDef>
        <durationMultiplier>PsychicSensitivity</durationMultiplier>
      </li>
    </comps>
	</AbilityDef>
  
    <AbilityDef MayRequire="Ludeon.RimWorld.Biotech">
    <defName>YZRCM_Ability_Blinding_Pulse</defName>
    <label>Blinding Signal</label>
    <description>Xenotype generates special signal at certain frequences, temporarily disrupting work of visual nerves of all targets in the area.</description>
    <iconPath>UI/Abilities/YZRCM_Ability_Blinding_Pulse</iconPath>
    <writeCombatLog>True</writeCombatLog>
    <cooldownTicksRange>300000</cooldownTicksRange>
    <statBases>
      <Ability_Duration>30</Ability_Duration>
      <Ability_EffectRadius>3.9</Ability_EffectRadius>
    </statBases>
    <verbProperties>
	<verbClass>Verb_CastAbility</verbClass>
      <warmupTime>1</warmupTime>
      <range>24.9</range>
      <targetParams>
        <canTargetSelf>True</canTargetSelf>
        <canTargetAnimals>True</canTargetAnimals>
        <canTargetLocations>True</canTargetLocations>
      </targetParams>
    </verbProperties>
    <comps>
      <li Class = "CompProperties_AbilityGiveHediff">
        <compClass>CompAbilityEffect_GiveHediff</compClass>
        <hediffDef>YZRCM_Blindness</hediffDef>
        <onlyBrain>True</onlyBrain>
        <psychic>True</psychic>
        <goodwillImpact>-15</goodwillImpact>
        <applyGoodwillImpactToLodgers>False</applyGoodwillImpactToLodgers>
      </li>
      <li Class="CompProperties_AbilityFleckOnTarget">
        <fleckDef>PsycastPsychicEffect</fleckDef>
      </li>
    </comps>
	</AbilityDef>
  
<!--VAPOREON-->

	<AbilityDef MayRequire="Ludeon.RimWorld.Biotech">
    <defName>YZRCM_Ability_Waterskip</defName>
    <label>Water Splash</label>
    <description>Xenotype controls water entropy stored in its body and uses portion of it to extinguish fires in targeted area.</description>
    <iconPath>UI/Abilities/YZRCM_Ability_Waterskip</iconPath>
    <cooldownTicksRange>60000</cooldownTicksRange>
    <canUseAoeToGetTargets>False</canUseAoeToGetTargets>
    <hostile>false</hostile>
    <statBases>
      <Ability_EffectRadius>1.9</Ability_EffectRadius>
    </statBases>
    <verbProperties>
	<verbClass>Verb_CastAbility</verbClass>
      <warmupTime>1</warmupTime>
      <range>24.9</range>
      <targetParams>
        <canTargetPawns>False</canTargetPawns>
        <canTargetLocations>True</canTargetLocations>
      </targetParams>
    </verbProperties>
    <comps>
      <li Class = "CompProperties_AbilityWaterskip">
        <screenShakeIntensity>0.5</screenShakeIntensity>
        <clamorType>Ability</clamorType>
        <clamorRadius>10</clamorRadius>
      </li>
      <li Class="CompProperties_AbilityEffecterOnTarget">
        <effecterDef>Skip_Exit</effecterDef>
        <maintainForTicks>60</maintainForTicks>
      </li>
      <li Class="CompProperties_AbilityFleckOnTarget">
        <fleckDefs>
          <li>PsycastSkipInnerExit</li>
          <li>PsycastSkipOuterRingExit</li>
        </fleckDefs>
        <sound>Psycast_Skip_Exit</sound>
        <preCastTicks>5</preCastTicks>
      </li>
    </comps>
	</AbilityDef> 
  
    <AbilityDef MayRequire="Ludeon.RimWorld.Biotech">
    <defName>YZRCM_Ability_Water_Shoot_Ultimate</defName>
    <label>Violent Water Explosion</label>
    <description>Xenotype uses all aviable body reserves to compress water into a small dot by altering its entropy. Launched projectile upon contact with the ground violently explodes, dealing catastrophic damage to everything in a targeted area. Usage of this ability drains body reserves and is usually used only as a last resort.</description>
    <iconPath>UI/Abilities/YZRCM_Ability_Water_Shoot_Ultimate</iconPath>
    <cooldownTicksRange>600000</cooldownTicksRange>
    <displayOrder>200</displayOrder>
    <aiCanUse>true</aiCanUse>
    <verbProperties>
      <verbClass>Verb_CastAbility</verbClass>
      <range>30</range>
      <warmupTime>0.5</warmupTime>
      <soundCast>PiercingSpine_Launch</soundCast>
	  <targetParams>
        <canTargetLocations>true</canTargetLocations>
		<canTargetPawns>true</canTargetPawns>
    </targetParams>
    </verbProperties>
    <comps>
	<li Class="CompProperties_AbilityGiveHediff">
        <compClass>CompAbilityEffect_GiveHediff</compClass>
        <hediffDef>YZRCM_Cellural_Exhaustion_DummyMajor</hediffDef>
		<applyToSelf>true</applyToSelf>
		<applyToTarget>false</applyToTarget>
      </li>
      <li Class="CompProperties_AbilityLaunchProjectile">
        <projectileDef>YZRCM_UltimateWaterProjectile</projectileDef>
      </li>
    </comps>
	<confirmationDialogText>"Violent Water Explosion" is an ultimate ability of this xenotype that should be used only as a last resort measure. Selected pawn with recieve "total cellural exhaustion", making it completely useless for 10 days, with increased food requirements at top for the whole period. Are you sure?</confirmationDialogText>
	</AbilityDef>
    <ThingDef ParentName="BaseGrenadeProjectile">
    <defName>YZRCM_UltimateWaterProjectile</defName>
    <label>Compressed Water</label>
    <thingClass>Projectile_Explosive</thingClass>
    <graphicData>
      <texPath>Things/Projectile/YZRCM_Condensed_Matter</texPath>
      <graphicClass>Graphic_Single</graphicClass>
    </graphicData>
    <projectile>
      <explosionRadius>10</explosionRadius>
      <damageDef>YZRCM_Waterkill</damageDef>
	  <damageAmountBase>50</damageAmountBase>
	  <stoppingPower>100</stoppingPower>
      <explosionDelay>1</explosionDelay>
    </projectile>
	</ThingDef>
    <DamageDef>
    <defName>YZRCM_Waterkill</defName>
    <label>water pressure</label>
    <workerClass>DamageWorker_AddInjury</workerClass>
    <externalViolence>true</externalViolence>
    <isExplosive>true</isExplosive>
    <deathMessage>{0} has died from extreme water pressure.</deathMessage>
    <hediff>Shredded</hediff>
    <hediffSolid>Crack</hediffSolid>
    <harmAllLayersUntilOutside>true</harmAllLayersUntilOutside>
    <impactSoundType>Blunt</impactSoundType>
    <armorCategory>Sharp</armorCategory>
    <minDamageToFragment>15</minDamageToFragment>
    <defaultDamage>50</defaultDamage>
    <defaultStoppingPower>0.5</defaultStoppingPower>
    <defaultArmorPenetration>0.10</defaultArmorPenetration>
    <buildingDamageFactorImpassable>4</buildingDamageFactorImpassable>
    <buildingDamageFactorPassable>2</buildingDamageFactorPassable>
    <plantDamageFactor>4</plantDamageFactor>
    <corpseDamageFactor>0.5</corpseDamageFactor>
    <explosionAffectOutsidePartsOnly>false</explosionAffectOutsidePartsOnly>
    <explosionHeatEnergyPerCell>5</explosionHeatEnergyPerCell>
    <explosionCellFleck>YZRCM_Waterkill_Fleck</explosionCellFleck>
    <explosionColorCenter>(1, 0.5, 0.3)</explosionColorCenter>
    <explosionColorEdge>(0.6, 0.5, 0.4)</explosionColorEdge>
    <soundExplosion>Explosion_Bomb</soundExplosion>
    <combatLogRules>Damage_Bomb</combatLogRules>
	</DamageDef>
    <FleckDef ParentName="FleckBase">
    <defName>YZRCM_Waterkill_Fleck</defName>
    <graphicData>
      <texPath>Things/Mote/YZRCMWaterSpill</texPath>
      <shaderType>TransparentPostLight</shaderType>
      <renderInstanced>true</renderInstanced>
    </graphicData>
    <altitudeLayer>MoteOverhead</altitudeLayer>
    <solidTime>0</solidTime>
    <fadeOutTime>1</fadeOutTime>
	</FleckDef>
  
    <AbilityDef MayRequire="Ludeon.RimWorld.Biotech">
    <defName>YZRCM_Ability_VaporeonTailHit</defName>
    <label>Tail Hit</label>
    <description>Xenotype uses its heavy tail to deal a devastating blow.</description>
    <iconPath>UI/Abilities/YZRCM_Ability_VaporeonTailHit</iconPath>
    <cooldownTicksRange>6000</cooldownTicksRange>
    <displayOrder>200</displayOrder>
    <aiCanUse>true</aiCanUse>
    <verbProperties>
      <verbClass>Verb_CastAbility</verbClass>
      <range>3</range>
      <warmupTime>0.1</warmupTime>
      <soundCast>PiercingSpine_Launch</soundCast>
    </verbProperties>
    <comps>
      <li Class="CompProperties_AbilityLaunchProjectile">
        <projectileDef>YZRCM_VapTailProjectile</projectileDef>
      </li>
    </comps>
	</AbilityDef>
	<ThingDef ParentName="BaseBullet">
    <defName>YZRCM_VapTailProjectile</defName>
    <label>vaporeon tail</label>
    <graphicData>
      <texPath>Things/Projectile/YZRCM_VapTailProjectile</texPath>
      <graphicClass>Graphic_Single</graphicClass>
    </graphicData>
    <projectile>
      <damageDef>Blunt</damageDef>
      <damageAmountBase>10</damageAmountBase>
      <armorPenetrationBase>1</armorPenetrationBase>
      <stoppingPower>1</stoppingPower>
      <speed>100</speed>
    </projectile>
	</ThingDef>
  
  
</Defs>