<?xml version="1.0" encoding="utf-8" ?>
<Defs>

<AbilityDef MayRequire="Ludeon.RimWorld.Biotech">
    <defName>YZRCM_Ability_DenseBulletShield</defName>
    <label>Dense Entropy Shield</label>
    <description>Xenotype shifts entropy around itself, creating a very small but dense bubble shield. Shield ignores outcoming projectiles, but anything from outside will be blocked. Xenotype suffers "Minor Cellural Exhaustion"</description>
    <iconPath>UI/Abilities/YZRCM_Ability_DenseBulletShield</iconPath>
    <writeCombatLog>True</writeCombatLog>
    <canUseAoeToGetTargets>False</canUseAoeToGetTargets>
	<cooldownTicksRange>60000</cooldownTicksRange>
    <statBases>
      <Ability_EffectRadius>1.5</Ability_EffectRadius>
      <Ability_Duration>130</Ability_Duration>
    </statBases>
    <verbProperties>
	<verbClass>Verb_CastAbility</verbClass>
      <warmupTime>1</warmupTime>
      <range>1</range>
      <targetParams>
        <canTargetPawns>False</canTargetPawns>
        <canTargetLocations>True</canTargetLocations>
      </targetParams>
    </verbProperties>
    <comps>
      <li Class="CompProperties_AbilitySpawn">
        <thingDef>YZRCM_DenseBulletShieldArea</thingDef>
      </li>
      <li Class="CompProperties_AbilityFleckOnTarget">
        <fleckDef>BulletShieldAreaEffect</fleckDef>
        <sound>Psycast_Skip_Exit</sound>
      </li>
    </comps>
	</AbilityDef>
    <ThingDef ParentName="EtherealThingBase">
    <defName>YZRCM_DenseBulletShieldArea</defName>
    <label>dense entropy shield</label>
    <thingClass>ThingWithComps</thingClass>
    <tickerType>Normal</tickerType>
    <drawerType>RealtimeOnly</drawerType>
    <drawOffscreen>true</drawOffscreen>
    <graphicData>
      <graphicClass>Graphic_Single</graphicClass>
      <texPath>Things/Ethereal/PsychicShieldRipples</texPath>
      <shaderType>BulletShieldPsychic</shaderType>
      <color>(180, 231, 237)</color>
      <drawSize>9.9</drawSize>
      <shaderParameters>
        <_PulseInterval>0.5</_PulseInterval>
        <_DistortionScale>0.5</_DistortionScale>
        <_DistortionIntensity>0.15</_DistortionIntensity>
        <_MinAlpha>0.1</_MinAlpha>
        <_MaxAlpha>0.3</_MaxAlpha>
        <_DistortionTex>/Things/Mote/SmokeTiled</_DistortionTex>
      </shaderParameters>
    </graphicData>
    <comps>
      <li Class="CompProperties_ProjectileInterceptor">
        <radius>1.5</radius>
        <interceptGroundProjectiles>true</interceptGroundProjectiles>
        <interceptNonHostileProjectiles>true</interceptNonHostileProjectiles>
        <interceptOutgoingProjectiles>false</interceptOutgoingProjectiles>
        <color>(0.4, 0.4, 0.4)</color>
        <minAlpha>0.2</minAlpha>
        <interceptEffect>Interceptor_BlockedProjectilePsychic</interceptEffect>
      </li>
      <li Class="CompProperties_DestroyAfterDelay">
        <delayTicks>7500</delayTicks>
      </li>
    </comps>
	</ThingDef>
	
	<AbilityDef MayRequire="Ludeon.RimWorld.Biotech">
    <defName>YZRCM_Ability_MeowsticReskinNeuroquake</defName>
    <label>Violent Signal</label>
    <description>Xenotype identifies entropy patterns of all neural systems in a large area and releases a powerful signal at certain frequency, making all living beings around virtually insane. Xenotype creates additional entropy field around itself, that blocks outcoming signal in a small area. It should be big enough to fit all the allies inside. Usage of this ability drains body reserves and is usually used only as a last resort.</description>
    <iconPath>UI/Abilities/YZRCM_Ability_MeowsticReskinNeuroquake</iconPath>
    <jobDef>CastAbilityOnThingUninterruptible</jobDef>
    <targetRequired>False</targetRequired>
    <canUseAoeToGetTargets>False</canUseAoeToGetTargets>
    <showPsycastEffects>False</showPsycastEffects>
    <showCastingProgressBar>True</showCastingProgressBar>
    <warmupMote>Mote_WarmupNeuroquake</warmupMote>
    <warmupStartSound>Psycast_Neuroquake_CastStart</warmupStartSound>
    <warmupSound>Psycast_Neuroquake_CastLoop</warmupSound>
    <warmupPreEndSound>Psycast_Neuroquake_CastEnd</warmupPreEndSound>
    <warmupPreEndSoundSeconds>5</warmupPreEndSoundSeconds>
	<cooldownTicksRange>600000</cooldownTicksRange>
    <hostile>false</hostile>
    <statBases>
      <Ability_EffectRadius>5.9</Ability_EffectRadius>
      <Ability_Duration>4800</Ability_Duration>
    </statBases>
    <verbProperties>
		<verbClass>Verb_CastAbility</verbClass>
      <warmupTime>12</warmupTime>
      <range>5.9</range>
      <drawAimPie>False</drawAimPie>
      <requireLineOfSight>False</requireLineOfSight>
      <targetParams>
        <canTargetSelf>True</canTargetSelf>
      </targetParams>
    </verbProperties>
    <comps>
      <li Class="CompProperties_AbilityNeuroquake">
        <goodwillImpactForBerserk>-75</goodwillImpactForBerserk>
        <goodwillImpactForNeuroquake>-10</goodwillImpactForNeuroquake>
        <worldRangeTiles>4</worldRangeTiles>
        <screenShakeIntensity>2</screenShakeIntensity>
        <mentalStateRadius>100</mentalStateRadius>
      </li>
      <li Class="CompProperties_AbilityGiveHediff">
        <compClass>CompAbilityEffect_GiveHediff</compClass>
        <hediffDef>YZRCM_Cellural_Exhaustion_DummyMajor</hediffDef>
		<applyToSelf>true</applyToSelf>
		<applyToTarget>false</applyToTarget>
      </li>
      <li Class="CompProperties_AbilityFleckOnTarget">
        <fleckDef>PsychicApplyNeuroquake</fleckDef>
        <sound>Psycast_Neuroquake_Effect</sound>
      </li>
    </comps>
    <confirmationDialogText>"Violent Signal" is an ultimate ability of this xenotype that should be used only as a last resort measure. Selected pawn with recieve "total cellural exhaustion", making it completely useless for 10 days, with increased food requirements at top for the whole period. Are you sure?</confirmationDialogText>
	</AbilityDef>
	
	<AbilityDef ParentName="YZRCM_AbilityTouchBase" MayRequire="Ludeon.RimWorld.Biotech">
    <defName>YZRCM_Ability_Adrenaline_Boost</defName>
    <label>Adrenaline Boost</label>
    <description>Xenotype pushes its adrenaline production to extreme parameters on demand. Reaction time, endurance and pain tolerance are massively increased during duration of this ability.</description>
    <iconPath>UI/Abilities/YZRCM_Ability_Adrenaline_Boost</iconPath>
	<cooldownTicksRange>36000</cooldownTicksRange>
    <warmupMote>Mote_ResurrectAbility</warmupMote>
    <warmupStartSound>Resurrect_Cast</warmupStartSound>
    <displayOrder>600</displayOrder>
    <hostile>false</hostile>
	<targetRequired>false</targetRequired>
	<statBases>
      <Ability_Duration>125</Ability_Duration>
    </statBases>
    <verbProperties>
      <verbClass>Verb_CastAbilityTouch</verbClass>
      <drawAimPie>false</drawAimPie>
      <range>-1</range>
      <warmupTime>2</warmupTime>
      <soundCast>Ressurect_Resolve</soundCast>
	  <nonInterruptingSelfCast>True</nonInterruptingSelfCast>
      <targetParams>
		<canTargetSelf>true</canTargetSelf>
      </targetParams>
    </verbProperties>
   <comps>
      <li Class="CompProperties_AbilityGiveHediff">
        <compClass>CompAbilityEffect_GiveHediff</compClass>
        <hediffDef>YZRCM_AdrenalineBoost</hediffDef>
      </li>
      <li Class="CompProperties_AbilityFleckOnTarget">
        <fleckDef>PsycastPsychicEffect</fleckDef>
      </li>
    </comps>
	</AbilityDef>
  
  
</Defs>