<?xml version="1.0" encoding="utf-8" ?>
<Defs>

  <XenotypeDef MayRequire="yanzihko.EEVEM">
    <defName>YZRCM_EeveeXenotype</defName>
    <label>Eevee</label>
    <description>Arrange of precisely tuned genes, making this advanced xenotype what it is. Mostly encrypted, but there's small room for modifications. Eevees have special cells and glands that release various chemical solutions in the air on demand. Eevees are primarly known for their charm and their ability to sooth almost everyone.</description>
    <descriptionShort>Description</descriptionShort>
    <iconPath>UI/Icons/Xenotypes/eevee</iconPath>
    <inheritable>true</inheritable>
    <chanceToUseNameMaker>1</chanceToUseNameMaker>
    <genes>
      <li MayRequire="Ludeon.RimWorld.Biotech">Genetical_Industries_BasicGene</li>
	  <li MayRequire="Ludeon.RimWorld.Biotech">YZRCM_Gene_Eevee</li>
    </genes>
  </XenotypeDef>
  
  <XenotypeDef MayRequire="yanzihko.ELEAFM">
    <defName>YZRCM_LeafeonXenotype</defName>
    <label>Leafeon</label>
    <description>Arrange of precisely tuned genes, making this advanced xenotype what it is. Mostly encrypted, but there's small room for modifications. Half animal, half plant. Leafeons are a prime example of its creator's madness. Both cell types work in a unison, almost flawlessly. Leafeons have excellent regenerative abilities and can even help other living creatures to heal themselves, by sacrificing part of their biological material. Leafeons require much less "food". Half of their nutritional requirements are fulfilled by carefully tuned photosynthesis and absorbtion of minerals from most aviable matter, would it be dirt or stone.</description>
    <descriptionShort>Description</descriptionShort>
    <iconPath>UI/Icons/Xenotypes/leafeon</iconPath>
    <inheritable>true</inheritable>
    <chanceToUseNameMaker>1</chanceToUseNameMaker>
    <genes>
      <li MayRequire="Ludeon.RimWorld.Biotech">Genetical_Industries_BasicGene</li>
	  <li MayRequire="Ludeon.RimWorld.Biotech">YZRCM_Gene_Leafeon</li>
    </genes>
  </XenotypeDef>
  
  <XenotypeDef MayRequire="yanzihko.EUMBM">
    <defName>YZRCM_UmbreonXenotype</defName>
    <label>Umbeon</label>
    <description>Arrange of precisely tuned genes, making this advanced xenotype what it is. Mostly encrypted, but there's small room for modifications. Umbreons have bigger and more dense Amygdala in their Brain, making them excellent natural predators. Umbreons also have few biological features, allowing them to be very stealthy.</description>
    <descriptionShort>Description</descriptionShort>
    <iconPath>UI/Icons/Xenotypes/umbreon</iconPath>
    <inheritable>true</inheritable>
    <chanceToUseNameMaker>1</chanceToUseNameMaker>
    <genes>
      <li MayRequire="Ludeon.RimWorld.Biotech">Genetical_Industries_BasicGene</li>
	  <li MayRequire="Ludeon.RimWorld.Biotech">YZRCM_Gene_Umbreon</li>
    </genes>
  </XenotypeDef>
  
  <XenotypeDef MayRequire="yanzihko.EFLARM">
    <defName>YZRCM_FlareonXenotype</defName>
    <label>Flareon</label>
    <description>Arrange of precisely tuned genes, making this advanced xenotype what it is. Mostly encrypted, but there's small room for modifications. Flareons are able to chemically convert excessive fat and cells into thermal energy on demand.</description>
    <descriptionShort>Description</descriptionShort>
    <iconPath>UI/Icons/Xenotypes/flareon</iconPath>
    <inheritable>true</inheritable>
    <chanceToUseNameMaker>1</chanceToUseNameMaker>
    <genes>
      <li MayRequire="Ludeon.RimWorld.Biotech">Genetical_Industries_BasicGene</li>
	  <li MayRequire="Ludeon.RimWorld.Biotech">YZRCM_Gene_Flareon</li>
    </genes>
  </XenotypeDef>
  
  <XenotypeDef MayRequire="yanzihko.EGLACM">
    <defName>YZRCM_GlaceonXenotype</defName>
    <label>Glaceon</label>
    <description>Arrange of precisely tuned genes, making this advanced xenotype what it is. Mostly encrypted, but there's small room for modifications. Mechanism of Glaceon's biological processes that allows them to reduce local enthropy and seemingly dump it into nowhere is not fully understood and looks like a straight up magic. It is unknown what exactly Genetical Industries did to achieve such result. Countless coompetitors tried to "break the code" for centuries but they all have failed. Glaceons themselves seem to have much lower enthropy than their surroundings. As a side-effect, they are extremely tolerable to both cold and hot environments.</description>
    <descriptionShort>Description</descriptionShort>
    <iconPath>UI/Icons/Xenotypes/glaceon</iconPath>
    <inheritable>true</inheritable>
    <chanceToUseNameMaker>1</chanceToUseNameMaker>
    <genes>
      <li MayRequire="Ludeon.RimWorld.Biotech">Genetical_Industries_BasicGene</li>
	  <li MayRequire="Ludeon.RimWorld.Biotech">YZRCM_Gene_Glaceon</li>
    </genes>
  </XenotypeDef>
  
  <XenotypeDef MayRequire="yanzihko.EJOLTM">
    <defName>YZRCM_JolteonXenotype</defName>
    <label>Jolteon</label>
    <description>Arrange of precisely tuned genes, making this advanced xenotype what it is. Mostly encrypted, but there's small room for modifications. Jolteons have special cells that are able to store electrical potential and violently release it on demand.</description>
    <descriptionShort>Description</descriptionShort>
    <iconPath>UI/Icons/Xenotypes/jolteon</iconPath>
    <inheritable>true</inheritable>
    <chanceToUseNameMaker>1</chanceToUseNameMaker>
    <genes>
      <li MayRequire="Ludeon.RimWorld.Biotech">Genetical_Industries_BasicGene</li>
	  <li MayRequire="Ludeon.RimWorld.Biotech">YZRCM_Gene_Jolteon</li>
    </genes>
  </XenotypeDef>
  
  <XenotypeDef MayRequire="yanzihko.EESPM">
    <defName>YZRCM_EspeonXenotype</defName>
    <label>Espeon</label>
    <description>Arrange of precisely tuned genes, making this advanced xenotype what it is. Mostly encrypted, but there's small room for modifications. Espeons are able to manipulate local enthropy with high precision. Mechanism of Espeon's biological processes that allow them to do this are not fully undrestood. It is unknown what exactly Genetical Industries did to achieve such result. Countless coompetitors tried to "break the code" for centuries but they all have failed. While Espeons are able to use their abilities in very violent and unique ways, their bodies are extremely fragile and experience "cellural exhaustion" after usage of each one.</description>
    <descriptionShort>Description</descriptionShort>
    <iconPath>UI/Icons/Xenotypes/espeon</iconPath>
    <inheritable>true</inheritable>
    <chanceToUseNameMaker>1</chanceToUseNameMaker>
    <genes>
      <li MayRequire="Ludeon.RimWorld.Biotech">Genetical_Industries_BasicGene</li>
	  <li MayRequire="Ludeon.RimWorld.Biotech">YZRCM_Gene_Espeon</li>
    </genes>
  </XenotypeDef>
  
  <XenotypeDef MayRequire="yanzihko.ESYLVM">
    <defName>YZRCM_SylveonXenotype</defName>
    <label>Sylveon</label>
    <description>Arrange of precisely tuned genes, making this advanced xenotype what it is. Mostly encrypted, but there's small room for modifications. Absolutely Charming, Cheerful Sylveons. Sylveons are able to manipulate enthropy at microscopic scale, but with extremely high precision. Special cells across an entire neurous system and within the brain are able to vibrate with certain frequences, allowing to manipulate brain maves of other living beings and affect their psychic state.</description>
    <descriptionShort>Description</descriptionShort>
    <iconPath>UI/Icons/Xenotypes/sylveon</iconPath>
    <inheritable>true</inheritable>
    <chanceToUseNameMaker>1</chanceToUseNameMaker>
    <genes>
      <li MayRequire="Ludeon.RimWorld.Biotech">Genetical_Industries_BasicGene</li>
	  <li MayRequire="Ludeon.RimWorld.Biotech">YZRCM_Gene_Sylveon</li>
    </genes>
  </XenotypeDef>
  
  <XenotypeDef MayRequire="yanzihko.EVAPM">
    <defName>YZRCM_VaporeonXenotype</defName>
    <label>Vaporeon</label>
    <description>Arrange of precisely tuned genes, making this advanced xenotype what it is. Mostly encrypted, but there's small room for modifications. Prototype Xenotype that is mostly based of DNA of sea creatures at earth. Vaporeons are able to manipulate enthropy of the water inside them, allowing them to use it in an unique ways. However, vaporeons themselves are rather strong creatures, so they should be approached carefully even if their unique biological abilities are in a dormant state.</description>
    <descriptionShort>Description</descriptionShort>
    <iconPath>UI/Icons/Xenotypes/vaporeon</iconPath>
    <inheritable>true</inheritable>
    <chanceToUseNameMaker>1</chanceToUseNameMaker>
    <genes>
      <li MayRequire="Ludeon.RimWorld.Biotech">Genetical_Industries_BasicGene</li>
	  <li MayRequire="Ludeon.RimWorld.Biotech">YZRCM_Gene_Vaporeon</li>
    </genes>
  </XenotypeDef>

</Defs>