<?xml version="1.0" encoding="utf-8" ?>
<Defs>
 
    <GeneDef MayRequire="Ludeon.RimWorld.Biotech">
    <defName>YZRCM_Gene_Meowstic</defName>
    <label>G.I.-X0244™</label>
    <description>Arrange of precisely tuned genes, making this advanced xenotype what it is. Mostly encrypted, but there's small room for modifications.<!--Meowstics are able to manipulate surrounding enthropy in unique ways, making them powerful psychics.--></description>
    <iconPath>UI/Icons/Genes/Gene_Pokemon_Meowstic1</iconPath>
    <displayCategory>Yanz_GeneInd</displayCategory>
	<displayOrderInCategory>132</displayOrderInCategory>
    <marketValueFactor>1</marketValueFactor>
	<prerequisite>Genetical_Industries_BasicGene</prerequisite>
    <!--<abilities>
		<li>YZRCM_Ability_Adrenaline_Boost</li>
		<li>YZRCM_Ability_DenseBulletShield</li>
		<li>YZRCM_Ability_MeowsticReskinNeuroquake</li>
    </abilities>
    <descriptionHyperlinks>
		<AbilityDef>YZRCM_Ability_Adrenaline_Boost</AbilityDef>
		<AbilityDef>YZRCM_Ability_DenseBulletShield</AbilityDef>
		<AbilityDef>YZRCM_Ability_MeowsticReskinNeuroquake</AbilityDef>
    </descriptionHyperlinks>-->
    <biostatMet>-10</biostatMet>
	<biostatCpx>3</biostatCpx>
    <symbolPack>
      <wholeNameSymbols>
      </wholeNameSymbols>
      <prefixSymbols>
      </prefixSymbols>
      <suffixSymbols>
      </suffixSymbols>
    </symbolPack>
  </GeneDef>
  
   <GeneDef MayRequire="Ludeon.RimWorld.Biotech">
    <defName>YZRCM_Gene_Gardevoir</defName>
    <label>G.I.-X0245™</label>
    <description>Arrange of precisely tuned genes, making this advanced xenotype what it is. Mostly encrypted, but there's small room for modifications.</description>
    <iconPath>UI/Icons/Genes/Gene_Pokemon_Gardevoir1</iconPath>
    <displayCategory>Yanz_GeneInd</displayCategory>
	<displayOrderInCategory>132</displayOrderInCategory>
    <marketValueFactor>1</marketValueFactor>
	<prerequisite>Genetical_Industries_BasicGene</prerequisite>
   <abilities>
    </abilities>
    <descriptionHyperlinks>
    </descriptionHyperlinks>
    <biostatMet>-10</biostatMet>
	<biostatCpx>3</biostatCpx>
    <symbolPack>
      <wholeNameSymbols>
      </wholeNameSymbols>
      <prefixSymbols>
      </prefixSymbols>
      <suffixSymbols>
      </suffixSymbols>
    </symbolPack>
  </GeneDef>
  
  <GeneDef MayRequire="Ludeon.RimWorld.Biotech">
    <defName>YZRCM_Gene_Vulpes</defName>
    <label>G.I.-X0010™</label>
    <description>Arrange of precisely tuned genes, making this advanced xenotype what it is. Mostly encrypted, but there's small room for modifications.</description>
    <iconPath>UI/Icons/Genes/Gene_Vulpes1</iconPath>
    <displayCategory>Yanz_GeneInd</displayCategory>
	<displayOrderInCategory>132</displayOrderInCategory>
    <marketValueFactor>1</marketValueFactor>
	<prerequisite>Genetical_Industries_BasicGene</prerequisite>
   <abilities>
    </abilities>
    <descriptionHyperlinks>
    </descriptionHyperlinks>
    <biostatMet>-10</biostatMet>
	<biostatCpx>3</biostatCpx>
    <symbolPack>
      <wholeNameSymbols>
      </wholeNameSymbols>
      <prefixSymbols>
      </prefixSymbols>
      <suffixSymbols>
      </suffixSymbols>
    </symbolPack>
  </GeneDef>
  
  <GeneDef MayRequire="Ludeon.RimWorld.Biotech">
    <defName>YZRCM_Gene_Lombax</defName>
    <label>G.I.-X0011™</label>
    <description>Arrange of precisely tuned genes, making this advanced xenotype what it is. Mostly encrypted, but there's small room for modifications.</description>
    <iconPath>UI/Icons/Genes/Gene_Lombax1</iconPath>
    <displayCategory>Yanz_GeneInd</displayCategory>
	<displayOrderInCategory>132</displayOrderInCategory>
    <marketValueFactor>1</marketValueFactor>
	<prerequisite>Genetical_Industries_BasicGene</prerequisite>
   <abilities>
    </abilities>
    <descriptionHyperlinks>
    </descriptionHyperlinks>
    <biostatMet>-10</biostatMet>
	<biostatCpx>3</biostatCpx>
    <symbolPack>
      <wholeNameSymbols>
      </wholeNameSymbols>
      <prefixSymbols>
      </prefixSymbols>
      <suffixSymbols>
      </suffixSymbols>
    </symbolPack>
  </GeneDef>
  
  <GeneDef MayRequire="Ludeon.RimWorld.Biotech">
    <defName>YZRCM_Gene_Braixen</defName>
    <label>G.I.-X0012™</label>
    <description>Arrange of precisely tuned genes, making this advanced xenotype what it is. Mostly encrypted, but there's small room for modifications.</description>
    <iconPath>UI/Icons/Genes/Gene_Braixen1</iconPath>
    <displayCategory>Yanz_GeneInd</displayCategory>
	<displayOrderInCategory>132</displayOrderInCategory>
    <marketValueFactor>1</marketValueFactor>
	<prerequisite>Genetical_Industries_BasicGene</prerequisite>
   <abilities>
    </abilities>
    <descriptionHyperlinks>
    </descriptionHyperlinks>
    <biostatMet>-10</biostatMet>
	<biostatCpx>3</biostatCpx>
    <symbolPack>
      <wholeNameSymbols>
      </wholeNameSymbols>
      <prefixSymbols>
      </prefixSymbols>
      <suffixSymbols>
      </suffixSymbols>
    </symbolPack>
  </GeneDef>
  
  <GeneDef MayRequire="Ludeon.RimWorld.Biotech">
    <defName>YZRCM_Gene_Delphox</defName>
    <label>G.I.-X0013™</label>
    <description>Arrange of precisely tuned genes, making this advanced xenotype what it is. Mostly encrypted, but there's small room for modifications.</description>
    <iconPath>UI/Icons/Genes/Gene_Delphox1</iconPath>
    <displayCategory>Yanz_GeneInd</displayCategory>
	<displayOrderInCategory>132</displayOrderInCategory>
    <marketValueFactor>1</marketValueFactor>
	<prerequisite>Genetical_Industries_BasicGene</prerequisite>
   <abilities>
    </abilities>
    <descriptionHyperlinks>
    </descriptionHyperlinks>
    <biostatMet>-10</biostatMet>
	<biostatCpx>3</biostatCpx>
    <symbolPack>
      <wholeNameSymbols>
      </wholeNameSymbols>
      <prefixSymbols>
      </prefixSymbols>
      <suffixSymbols>
      </suffixSymbols>
    </symbolPack>
  </GeneDef>
  
  <GeneDef MayRequire="Ludeon.RimWorld.Biotech">
    <defName>YZRCM_Gene_Icephox</defName>
    <label>G.I.-X0014™</label>
    <description>Arrange of precisely tuned genes, making this advanced xenotype what it is. Mostly encrypted, but there's small room for modifications.</description>
    <iconPath>UI/Icons/Genes/Gene_Icephox1</iconPath>
    <displayCategory>Yanz_GeneInd</displayCategory>
	<displayOrderInCategory>132</displayOrderInCategory>
    <marketValueFactor>1</marketValueFactor>
	<prerequisite>Genetical_Industries_BasicGene</prerequisite>
   <abilities>
    </abilities>
    <descriptionHyperlinks>
    </descriptionHyperlinks>
    <biostatMet>-10</biostatMet>
	<biostatCpx>3</biostatCpx>
    <symbolPack>
      <wholeNameSymbols>
      </wholeNameSymbols>
      <prefixSymbols>
      </prefixSymbols>
      <suffixSymbols>
      </suffixSymbols>
    </symbolPack>
  </GeneDef>
  
  <GeneDef MayRequire="Ludeon.RimWorld.Biotech">
    <defName>YZRCM_Gene_Cheetah</defName>
    <label>G.I.-X0015™</label>
    <description>Arrange of precisely tuned genes, making this advanced xenotype what it is. Mostly encrypted, but there's small room for modifications.</description>
    <iconPath>UI/Icons/Genes/Gene_Cheetah1</iconPath>
    <displayCategory>Yanz_GeneInd</displayCategory>
	<displayOrderInCategory>132</displayOrderInCategory>
    <marketValueFactor>1</marketValueFactor>
	<prerequisite>Genetical_Industries_BasicGene</prerequisite>
   <abilities>
    </abilities>
    <descriptionHyperlinks>
    </descriptionHyperlinks>
    <biostatMet>-10</biostatMet>
	<biostatCpx>3</biostatCpx>
    <symbolPack>
      <wholeNameSymbols>
      </wholeNameSymbols>
      <prefixSymbols>
      </prefixSymbols>
      <suffixSymbols>
      </suffixSymbols>
    </symbolPack>
  </GeneDef>
  
  <GeneDef MayRequire="Ludeon.RimWorld.Biotech">
    <defName>YZRCM_Gene_Jaguar</defName>
    <label>G.I.-X0016™</label>
    <description>Arrange of precisely tuned genes, making this advanced xenotype what it is. Mostly encrypted, but there's small room for modifications.</description>
    <iconPath>UI/Icons/Genes/Gene_Jaguar1</iconPath>
    <displayCategory>Yanz_GeneInd</displayCategory>
	<displayOrderInCategory>132</displayOrderInCategory>
    <marketValueFactor>1</marketValueFactor>
	<prerequisite>Genetical_Industries_BasicGene</prerequisite>
   <abilities>
    </abilities>
    <descriptionHyperlinks>
    </descriptionHyperlinks>
    <biostatMet>-10</biostatMet>
	<biostatCpx>3</biostatCpx>
    <symbolPack>
      <wholeNameSymbols>
      </wholeNameSymbols>
      <prefixSymbols>
      </prefixSymbols>
      <suffixSymbols>
      </suffixSymbols>
    </symbolPack>
  </GeneDef>
  
  <GeneDef MayRequire="Ludeon.RimWorld.Biotech">
    <defName>YZRCM_Gene_Leo</defName>
    <label>G.I.-X0017™</label>
    <description>Arrange of precisely tuned genes, making this advanced xenotype what it is. Mostly encrypted, but there's small room for modifications.</description>
    <iconPath>UI/Icons/Genes/Gene_Leo1</iconPath>
    <displayCategory>Yanz_GeneInd</displayCategory>
	<displayOrderInCategory>132</displayOrderInCategory>
    <marketValueFactor>1</marketValueFactor>
	<prerequisite>Genetical_Industries_BasicGene</prerequisite>
   <abilities>
    </abilities>
    <descriptionHyperlinks>
    </descriptionHyperlinks>
    <biostatMet>-10</biostatMet>
	<biostatCpx>3</biostatCpx>
    <symbolPack>
      <wholeNameSymbols>
      </wholeNameSymbols>
      <prefixSymbols>
      </prefixSymbols>
      <suffixSymbols>
      </suffixSymbols>
    </symbolPack>
  </GeneDef>
  
  <GeneDef MayRequire="Ludeon.RimWorld.Biotech">
    <defName>YZRCM_Gene_Panther</defName>
    <label>G.I.-X0018™</label>
    <description>Arrange of precisely tuned genes, making this advanced xenotype what it is. Mostly encrypted, but there's small room for modifications.</description>
    <iconPath>UI/Icons/Genes/Gene_Panther1</iconPath>
    <displayCategory>Yanz_GeneInd</displayCategory>
	<displayOrderInCategory>132</displayOrderInCategory>
    <marketValueFactor>1</marketValueFactor>
	<prerequisite>Genetical_Industries_BasicGene</prerequisite>
   <abilities>
    </abilities>
    <descriptionHyperlinks>
    </descriptionHyperlinks>
    <biostatMet>-10</biostatMet>
	<biostatCpx>3</biostatCpx>
    <symbolPack>
      <wholeNameSymbols>
      </wholeNameSymbols>
      <prefixSymbols>
      </prefixSymbols>
      <suffixSymbols>
      </suffixSymbols>
    </symbolPack>
  </GeneDef>
  
  <GeneDef MayRequire="Ludeon.RimWorld.Biotech">
    <defName>YZRCM_Gene_Tigris</defName>
    <label>G.I.-X0019™</label>
    <description>Arrange of precisely tuned genes, making this advanced xenotype what it is. Mostly encrypted, but there's small room for modifications.</description>
    <iconPath>UI/Icons/Genes/Gene_Tigris1</iconPath>
    <displayCategory>Yanz_GeneInd</displayCategory>
	<displayOrderInCategory>132</displayOrderInCategory>
    <marketValueFactor>1</marketValueFactor>
	<prerequisite>Genetical_Industries_BasicGene</prerequisite>
   <abilities>
    </abilities>
    <descriptionHyperlinks>
    </descriptionHyperlinks>
    <biostatMet>-10</biostatMet>
	<biostatCpx>3</biostatCpx>
    <symbolPack>
      <wholeNameSymbols>
      </wholeNameSymbols>
      <prefixSymbols>
      </prefixSymbols>
      <suffixSymbols>
      </suffixSymbols>
    </symbolPack>
  </GeneDef>
  
  <GeneDef MayRequire="Ludeon.RimWorld.Biotech">
    <defName>YZRCM_Gene_Kisalfar</defName>
    <label>G.I.-X0020™</label>
    <description>Arrange of precisely tuned genes, making this advanced xenotype what it is. Mostly encrypted, but there's small room for modifications.</description>
    <iconPath>UI/Icons/Genes/Gene_Kisalfar1</iconPath>
    <displayCategory>Yanz_GeneInd</displayCategory>
	<displayOrderInCategory>132</displayOrderInCategory>
    <marketValueFactor>1</marketValueFactor>
	<prerequisite>Genetical_Industries_BasicGene</prerequisite>
   <abilities>
    </abilities>
    <descriptionHyperlinks>
    </descriptionHyperlinks>
    <biostatMet>-10</biostatMet>
	<biostatCpx>3</biostatCpx>
    <symbolPack>
      <wholeNameSymbols>
      </wholeNameSymbols>
      <prefixSymbols>
      </prefixSymbols>
      <suffixSymbols>
      </suffixSymbols>
    </symbolPack>
  </GeneDef>
  
  <GeneDef MayRequire="Ludeon.RimWorld.Biotech">
    <defName>YZRCM_Gene_Fressalfar</defName>
    <label>G.I.-X0021™</label>
    <description>Arrange of precisely tuned genes, making this advanced xenotype what it is. Mostly encrypted, but there's small room for modifications.</description>
    <iconPath>UI/Icons/Genes/Gene_Fressalfar1</iconPath>
    <displayCategory>Yanz_GeneInd</displayCategory>
	<displayOrderInCategory>132</displayOrderInCategory>
    <marketValueFactor>1</marketValueFactor>
	<prerequisite>Genetical_Industries_BasicGene</prerequisite>
   <abilities>
    </abilities>
    <descriptionHyperlinks>
    </descriptionHyperlinks>
    <biostatMet>-10</biostatMet>
	<biostatCpx>3</biostatCpx>
    <symbolPack>
      <wholeNameSymbols>
      </wholeNameSymbols>
      <prefixSymbols>
      </prefixSymbols>
      <suffixSymbols>
      </suffixSymbols>
    </symbolPack>
  </GeneDef>
  
  <GeneDef MayRequire="Ludeon.RimWorld.Biotech">
    <defName>YZRCM_Gene_Zoroark</defName>
    <label>G.I.-X0022™</label>
    <description>Arrange of precisely tuned genes, making this advanced xenotype what it is. Mostly encrypted, but there's small room for modifications.</description>
    <iconPath>UI/Icons/Genes/Gene_Zoroark1</iconPath>
    <displayCategory>Yanz_GeneInd</displayCategory>
	<displayOrderInCategory>132</displayOrderInCategory>
    <marketValueFactor>1</marketValueFactor>
	<prerequisite>Genetical_Industries_BasicGene</prerequisite>
   <abilities>
    </abilities>
    <descriptionHyperlinks>
    </descriptionHyperlinks>
    <biostatMet>-10</biostatMet>
	<biostatCpx>3</biostatCpx>
    <symbolPack>
      <wholeNameSymbols>
      </wholeNameSymbols>
      <prefixSymbols>
      </prefixSymbols>
      <suffixSymbols>
      </suffixSymbols>
    </symbolPack>
  </GeneDef>

</Defs>