<?xml version="1.0" encoding="utf-8" ?>
<Defs>

  <GeneDef MayRequire="Ludeon.RimWorld.Biotech">
    <defName>Genetical_Industries_BasicGene</defName>
    <label>G.I.-X0001™</label>
    <description>Core genetical template that can be found in a variety of Advanced Xenotypes. It is essentially a framework used by gene-engineering specialists that's been polished to perfection. Its not a single gene, but a highly modified part of Human DNA that is encrypted with special locker chains that are ignored by the cellural processes. They make analysis and editing of this template impossible outside of advanced Glitterworld facilities. Significantly increases efficiency of metabolic processes. "-Developed and Patented by Genetical Industries™ 2184"</description>
    <iconPath>UI/Icons/Genes/Genetical_Industries_BasicGene</iconPath>
    <biostatMet>10</biostatMet>
	<biostatCpx>3</biostatCpx>
    <displayCategory>Yanz_GeneInd</displayCategory>
    <displayOrderInCategory>1</displayOrderInCategory>
    <symbolPack>
      <prefixSymbols>
      </prefixSymbols>
      <suffixSymbols>
      </suffixSymbols>
    </symbolPack>
  </GeneDef>

</Defs>