<?xml version="1.0" encoding="utf-8" ?>
<Defs>
  
  <XenotypeDef MayRequire="yanzihko.MMP">
    <defName>YZRCM_MeowsticXenotype</defName>
    <label>Meowstic</label>
    <description>Arrange of precisely tuned genes, making this advanced xenotype what it is. Mostly encrypted, but there's small room for modifications. Meowstics are able to manipulate surrounding enthropy in unique ways, making them powerful psychics.</description>
    <descriptionShort>Description</descriptionShort>
    <iconPath>UI/Icons/Xenotypes/meowstic</iconPath>
    <inheritable>true</inheritable>
    <chanceToUseNameMaker>1</chanceToUseNameMaker>
    <genes>
      <li MayRequire="Ludeon.RimWorld.Biotech">Genetical_Industries_BasicGene</li>
	  <li MayRequire="Ludeon.RimWorld.Biotech">YZRCM_Gene_Meowstic</li>
    </genes>
  </XenotypeDef>
  
   <XenotypeDef MayRequire="yanzihko.GFP">
    <defName>YZRCM_GardevoirXenotype</defName>
    <label>Gardevoir</label>
    <description>Arrange of precisely tuned genes, making this advanced xenotype what it is. Mostly encrypted, but there's small room for modifications.</description>
    <descriptionShort>Description</descriptionShort>
    <iconPath>UI/Icons/Xenotypes/gardevoir</iconPath>
    <inheritable>true</inheritable>
    <chanceToUseNameMaker>1</chanceToUseNameMaker>
    <genes>
      <li MayRequire="Ludeon.RimWorld.Biotech">Genetical_Industries_BasicGene</li>
	  <li MayRequire="Ludeon.RimWorld.Biotech">YZRCM_Gene_Gardevoir</li>
    </genes>
  </XenotypeDef>
  
  <XenotypeDef MayRequire="yanzihko.VAF">
    <defName>YZRCM_VulpesXenotype</defName>
    <label>Vulpes</label>
    <description>Arrange of precisely tuned genes, making this advanced xenotype what it is. Mostly encrypted, but there's small room for modifications.</description>
    <descriptionShort>Description</descriptionShort>
    <iconPath>UI/Icons/Xenotypes/vulpes</iconPath>
    <inheritable>true</inheritable>
    <chanceToUseNameMaker>1</chanceToUseNameMaker>
    <genes>
      <li MayRequire="Ludeon.RimWorld.Biotech">Genetical_Industries_BasicGene</li>
	  <li MayRequire="Ludeon.RimWorld.Biotech">YZRCM_Gene_Vulpes</li>
    </genes>
  </XenotypeDef>
  
  <XenotypeDef MayRequire="yanzihko.LDW">
    <defName>YZRCM_LombaxXenotype</defName>
    <label>Lombax</label>
    <description>Arrange of precisely tuned genes, making this advanced xenotype what it is. Mostly encrypted, but there's small room for modifications.</description>
    <descriptionShort>Description</descriptionShort>
    <iconPath>UI/Icons/Xenotypes/lombax</iconPath>
    <inheritable>true</inheritable>
    <chanceToUseNameMaker>1</chanceToUseNameMaker>
    <genes>
      <li MayRequire="Ludeon.RimWorld.Biotech">Genetical_Industries_BasicGene</li>
	  <li MayRequire="Ludeon.RimWorld.Biotech">YZRCM_Gene_Lombax</li>
    </genes>
  </XenotypeDef>
  
  <XenotypeDef MayRequire="yanzihko.BDFP">
    <defName>YZRCM_BraixenXenotype</defName>
    <label>Braixen</label>
    <description>Arrange of precisely tuned genes, making this advanced xenotype what it is. Mostly encrypted, but there's small room for modifications.</description>
    <descriptionShort>Description</descriptionShort>
    <iconPath>UI/Icons/Xenotypes/braixen</iconPath>
    <inheritable>true</inheritable>
    <chanceToUseNameMaker>1</chanceToUseNameMaker>
    <genes>
      <li MayRequire="Ludeon.RimWorld.Biotech">Genetical_Industries_BasicGene</li>
	  <li MayRequire="Ludeon.RimWorld.Biotech">YZRCM_Gene_Braixen</li>
    </genes>
  </XenotypeDef>
  
  <XenotypeDef MayRequire="yanzihko.BDFP">
    <defName>YZRCM_DelphoxXenotype</defName>
    <label>Delphox</label>
    <description>Arrange of precisely tuned genes, making this advanced xenotype what it is. Mostly encrypted, but there's small room for modifications.</description>
    <descriptionShort>Description</descriptionShort>
    <iconPath>UI/Icons/Xenotypes/delphox</iconPath>
    <inheritable>true</inheritable>
    <chanceToUseNameMaker>1</chanceToUseNameMaker>
    <genes>
      <li MayRequire="Ludeon.RimWorld.Biotech">Genetical_Industries_BasicGene</li>
	  <li MayRequire="Ludeon.RimWorld.Biotech">YZRCM_Gene_Delphox</li>
    </genes>
  </XenotypeDef>
  
  <XenotypeDef MayRequire="yanzihko.IBDFPA">
    <defName>YZRCM_IcephoxXenotype</defName>
    <label>Icephox</label>
    <description>Arrange of precisely tuned genes, making this advanced xenotype what it is. Mostly encrypted, but there's small room for modifications.</description>
    <descriptionShort>Description</descriptionShort>
    <iconPath>UI/Icons/Xenotypes/icephox</iconPath>
    <inheritable>true</inheritable>
    <chanceToUseNameMaker>1</chanceToUseNameMaker>
    <genes>
      <li MayRequire="Ludeon.RimWorld.Biotech">Genetical_Industries_BasicGene</li>
	  <li MayRequire="Ludeon.RimWorld.Biotech">YZRCM_Gene_Icephox</li>
    </genes>
  </XenotypeDef>
  
  <XenotypeDef MayRequire="yanzihko.FFR">
    <defName>YZRCM_CheetahXenotype</defName>
    <label>Cheetah</label>
    <description>Arrange of precisely tuned genes, making this advanced xenotype what it is. Mostly encrypted, but there's small room for modifications.</description>
    <descriptionShort>Description</descriptionShort>
    <iconPath>UI/Icons/Xenotypes/cheetah</iconPath>
    <inheritable>true</inheritable>
    <chanceToUseNameMaker>1</chanceToUseNameMaker>
    <genes>
      <li MayRequire="Ludeon.RimWorld.Biotech">Genetical_Industries_BasicGene</li>
	  <li MayRequire="Ludeon.RimWorld.Biotech">YZRCM_Gene_Cheetah</li>
    </genes>
  </XenotypeDef>
  
  <XenotypeDef MayRequire="yanzihko.FFR">
    <defName>YZRCM_JaguarXenotype</defName>
    <label>Jaguar</label>
    <description>Arrange of precisely tuned genes, making this advanced xenotype what it is. Mostly encrypted, but there's small room for modifications.</description>
    <descriptionShort>Description</descriptionShort>
    <iconPath>UI/Icons/Xenotypes/jaguar</iconPath>
    <inheritable>true</inheritable>
    <chanceToUseNameMaker>1</chanceToUseNameMaker>
    <genes>
      <li MayRequire="Ludeon.RimWorld.Biotech">Genetical_Industries_BasicGene</li>
	  <li MayRequire="Ludeon.RimWorld.Biotech">YZRCM_Gene_Jaguar</li>
    </genes>
  </XenotypeDef>
  
  <XenotypeDef MayRequire="yanzihko.FFR">
    <defName>YZRCM_LeoXenotype</defName>
    <label>Leo</label>
    <description>Arrange of precisely tuned genes, making this advanced xenotype what it is. Mostly encrypted, but there's small room for modifications.</description>
    <descriptionShort>Description</descriptionShort>
    <iconPath>UI/Icons/Xenotypes/leo</iconPath>
    <inheritable>true</inheritable>
    <chanceToUseNameMaker>1</chanceToUseNameMaker>
    <genes>
      <li MayRequire="Ludeon.RimWorld.Biotech">Genetical_Industries_BasicGene</li>
	  <li MayRequire="Ludeon.RimWorld.Biotech">YZRCM_Gene_Leo</li>
    </genes>
  </XenotypeDef>
  
  <XenotypeDef MayRequire="yanzihko.FFR">
    <defName>YZRCM_PantherXenotype</defName>
    <label>Panther</label>
    <description>Arrange of precisely tuned genes, making this advanced xenotype what it is. Mostly encrypted, but there's small room for modifications.</description>
    <descriptionShort>Description</descriptionShort>
    <iconPath>UI/Icons/Xenotypes/panther</iconPath>
    <inheritable>true</inheritable>
    <chanceToUseNameMaker>1</chanceToUseNameMaker>
    <genes>
      <li MayRequire="Ludeon.RimWorld.Biotech">Genetical_Industries_BasicGene</li>
	  <li MayRequire="Ludeon.RimWorld.Biotech">YZRCM_Gene_Panther</li>
    </genes>
  </XenotypeDef>
  
  <XenotypeDef MayRequire="yanzihko.FFR">
    <defName>YZRCM_TigrisXenotype</defName>
    <label>Tigris</label>
    <description>Arrange of precisely tuned genes, making this advanced xenotype what it is. Mostly encrypted, but there's small room for modifications.</description>
    <descriptionShort>Description</descriptionShort>
    <iconPath>UI/Icons/Xenotypes/tigris</iconPath>
    <inheritable>true</inheritable>
    <chanceToUseNameMaker>1</chanceToUseNameMaker>
    <genes>
      <li MayRequire="Ludeon.RimWorld.Biotech">Genetical_Industries_BasicGene</li>
	  <li MayRequire="Ludeon.RimWorld.Biotech">YZRCM_Gene_Tigris</li>
    </genes>
  </XenotypeDef>
  
  <XenotypeDef MayRequire="yanzihko.KFLS">
    <defName>YZRCM_KisalfarXenotype</defName>
    <label>Kisalfar</label>
    <description>Arrange of precisely tuned genes, making this advanced xenotype what it is. Mostly encrypted, but there's small room for modifications.</description>
    <descriptionShort>Description</descriptionShort>
    <iconPath>UI/Icons/Xenotypes/kisalfar</iconPath>
    <inheritable>true</inheritable>
    <chanceToUseNameMaker>1</chanceToUseNameMaker>
    <genes>
      <li MayRequire="Ludeon.RimWorld.Biotech">Genetical_Industries_BasicGene</li>
	  <li MayRequire="Ludeon.RimWorld.Biotech">YZRCM_Gene_Kisalfar</li>
    </genes>
  </XenotypeDef>
  
  <XenotypeDef MayRequire="yanzihko.KFLS">
    <defName>YZRCM_FressalfarXenotype</defName>
    <label>Fressalfar</label>
    <description>Arrange of precisely tuned genes, making this advanced xenotype what it is. Mostly encrypted, but there's small room for modifications.</description>
    <descriptionShort>Description</descriptionShort>
    <iconPath>UI/Icons/Xenotypes/fressalfar</iconPath>
    <inheritable>true</inheritable>
    <chanceToUseNameMaker>1</chanceToUseNameMaker>
    <genes>
      <li MayRequire="Ludeon.RimWorld.Biotech">Genetical_Industries_BasicGene</li>
	  <li MayRequire="Ludeon.RimWorld.Biotech">YZRCM_Gene_Fressalfar</li>
    </genes>
  </XenotypeDef>
  
  <XenotypeDef MayRequire="yanzihko.ZIP">
    <defName>YZRCM_ZoroarkXenotype</defName>
    <label>Zoroark</label>
    <description>Arrange of precisely tuned genes, making this advanced xenotype what it is. Mostly encrypted, but there's small room for modifications.</description>
    <descriptionShort>Description</descriptionShort>
    <iconPath>UI/Icons/Xenotypes/zoroark</iconPath>
    <inheritable>true</inheritable>
    <chanceToUseNameMaker>1</chanceToUseNameMaker>
    <genes>
      <li MayRequire="Ludeon.RimWorld.Biotech">Genetical_Industries_BasicGene</li>
	  <li MayRequire="Ludeon.RimWorld.Biotech">YZRCM_Gene_Zoroark</li>
    </genes>
  </XenotypeDef>

</Defs>