<?xml version="1.0" encoding="utf-8" ?>
<Defs>

  <GeneCategoryDef MayRequire="Ludeon.RimWorld.Biotech">
    <defName>Yanz_GeneInd</defName>
    <label>Genetical Industries</label>
    <displayPriorityInXenotype>9000</displayPriorityInXenotype>
  </GeneCategoryDef>
  
  <GeneCategoryDef MayRequire="Ludeon.RimWorld.Biotech">
    <defName>Yanz_GeneIndCustom</defName>
    <label>Genetical Industries - Customization</label>
    <displayPriorityInXenotype>8999</displayPriorityInXenotype>
  </GeneCategoryDef>

</Defs>