<?xml version="1.0" encoding="utf-8" ?>
<Defs>

	<AlienRace.ThingDef_AlienRace ParentName="BasePawn" Name="BaseDelphox"> 
		<defName>Icephox</defName>
		<label>Icephox</label>
		<description>A medium-sized, bipedal, Fox-like humanoid that has a natural affinity to frost and psychic capabilities. Related to Delphox and Braxen, and is considered to be an alternative version designed long ago for a very cold glitterworld. It's unknown what kind of gene-engineering magic the Glitterworld that originally produced them used, but their bodies have almost a complete resistance to cold temperatures. These creatures are able to consciously regulate temperature of their bodies. Before collapse of it's original solar system, this species was mainly used as domestic servants, entertainers, or just a beauteful and kind friend to have around. Icephox is an advanced variation of xenohumans with a precisely tuned genome that becomes highly unstable outside of very short range of acceptable parameters. Technically they even can be considered an alien species. Their modification is impossible outside of advanced Glitterworld facilities and without source Genome templates.</description>
<!--■■■■■■■■■■■■■■■■■■■■ Bio Stats ■■■■■■■■■■■■■■■■■■■■-->
		<statBases>
			<PawnBeauty>1</PawnBeauty>
			<CarryingCapacity>50</CarryingCapacity>
			<PainShockThreshold>0.8</PainShockThreshold>
			<MarketValue>3000</MarketValue>
			<MoveSpeed>4.6</MoveSpeed>
			<Mass>60</Mass>
			<ImmunityGainSpeed>1.6</ImmunityGainSpeed>
			<ComfyTemperatureMin>-100</ComfyTemperatureMin>
			<ComfyTemperatureMax>15</ComfyTemperatureMax>
			<LeatherAmount>45</LeatherAmount>
			<MeatAmount>60</MeatAmount>
<!--■■■■■■■■■■■■■■■■■■■■ Skills ■■■■■■■■■■■■■■■■■■■■-->
			<ResearchSpeed>1.1</ResearchSpeed>
			<GlobalLearningFactor>1.5</GlobalLearningFactor>
			<PsychicSensitivity>1.6</PsychicSensitivity>
			<MiningSpeed>0.5</MiningSpeed>
			<SocialImpact>1.2</SocialImpact>
			<ConstructionSpeed>0.6</ConstructionSpeed>
			<AnimalGatherSpeed>1.3</AnimalGatherSpeed>
			<AnimalGatherYield>1.3</AnimalGatherYield>
			<ShootingAccuracyPawn>4</ShootingAccuracyPawn>
			<!--FIRE PROOF-->
			<Flammability>0</Flammability>
			<ArmorRating_Heat>2.00</ArmorRating_Heat>
		</statBases>
<!--■■■■■■■■■■■■■■■■■■■■ Race ■■■■■■■■■■■■■■■■■■■■-->
		<race>
			<fleshType>BraDel</fleshType>
			<leatherDef>Icephox_leather</leatherDef>
			<body>Delphox</body>
			<baseBodySize>0.8</baseBodySize>
			<baseHealthScale>0.8</baseHealthScale>
			<baseHungerRate>0.8</baseHungerRate>
			<thinkTreeMain>Humanlike</thinkTreeMain>
			<thinkTreeConstant>HumanlikeConstant</thinkTreeConstant>
			<intelligence>Humanlike</intelligence>
			<makesFootprints>true</makesFootprints>
			<lifeExpectancy>100</lifeExpectancy>
			<useMeatFrom>Human</useMeatFrom>
			<nameCategory>HumanStandard</nameCategory>
			<!--Name Gen-->
			<nameGenerator>IcephoxNameM</nameGenerator>
			<nameGeneratorFemale>IcephoxNameF</nameGeneratorFemale> 
			<!--End of Name Gen-->
			<hasGenders>true</hasGenders>
			<foodType>OmnivoreHuman</foodType>
			<soundMeleeHitPawn>Pawn_Melee_Punch_HitPawn</soundMeleeHitPawn>
			<soundMeleeHitBuilding>Pawn_Melee_Punch_HitBuilding</soundMeleeHitBuilding>
			<soundMeleeMiss>Pawn_Melee_Punch_Miss</soundMeleeMiss>
			<gestationPeriodDays>45</gestationPeriodDays>
			<meatMarketValue>0.8</meatMarketValue>
			<manhunterOnDamageChance>0.20</manhunterOnDamageChance>
			<manhunterOnTameFailChance>0.02</manhunterOnTameFailChance>
			<specialShadowData>
				<volume>(0.3, 0.8, 0.4)</volume>
				<offset>(0,0,-0.3)</offset>
			</specialShadowData>
			<hediffGiverSets>
				<li>OrganicStandard</li>
			</hediffGiverSets>
			<litterSizeCurve>
				<points>
					<li>(0.5, 0)</li>
					<li>(1, 1)</li>
					<li>(1.01, 0.02)</li>
					<li>(3.5, 0)</li>
				</points>
			</litterSizeCurve>
			<lifeStageAges>
				<li>
					<def>HumanlikeBaby</def>
					<minAge>0</minAge>
				</li>
				<li>
					<def>HumanlikeChild</def>
					<minAge>3</minAge>
				</li>
				<li MayRequire="Ludeon.RimWorld.Biotech">
					<def>HumanlikePreTeenager</def>
					<minAge>9</minAge>
				</li>
				<li>
					<def>HumanlikeTeenager</def>
					<minAge>13</minAge>
				</li>
				<li>
					<def>HumanlikeAdult</def>
						<minAge>18</minAge>
				</li>
			</lifeStageAges>
			<ageGenerationCurve>
				<points>
					<li MayRequire="Ludeon.RimWorld.Biotech">(0,0)</li>
					<li MayRequire="Ludeon.RimWorld.Biotech">(0.001,43)</li>
					<li MayRequire="Ludeon.RimWorld.Biotech">(8,86)</li>
					<li MayRequire="Ludeon.RimWorld.Biotech">(12.5,118)</li>  <!-- Exclude 12.5-13 years to avoid spawning pawns who are very close to becoming adults -->  
					<li MayRequire="Ludeon.RimWorld.Biotech">(12.51,0)</li>  
					<li MayRequire="Ludeon.RimWorld.Biotech">(13,0)</li>      
					<li MayRequire="Ludeon.RimWorld.Biotech">(13.001,122)</li><!-- End exclude -->
					<li MayRequire="Ludeon.RimWorld.Biotech">(13.999,130)</li>
					<li>(14,0)</li>
					<li MayRequire="Ludeon.RimWorld.Biotech">(14.001,130)</li>
					<li>(16,100)</li>
					<li>(50,100)</li>
					<li>(60,30)</li>
					<li>(70,18)</li>
					<li>(80,10)</li>
					<li>(90,3)</li>
					<li>(100,0)</li>
				</points>
			</ageGenerationCurve>
		</race>
		<recipes>
			<li>ExciseCarcinoma</li>
			<li>AdministerMechSerumHealer</li>
			<li>RemoveBodyPart</li>
			<li>Euthanize</li>
			<li>Anesthetize</li>
			<li>CureScaria</li>
			<!--ROYALITY-->
			<li MayRequire="Ludeon.RimWorld.Royalty">CureBloodRot</li>
			<li MayRequire="Ludeon.RimWorld.Royalty">CureAbasia</li>
			<!--BIOTECH-->
			<li MayRequire="Ludeon.RimWorld.Biotech">Vasectomy</li>
			<li MayRequire="Ludeon.RimWorld.Biotech">ReverseVasectomy</li>
			<li MayRequire="Ludeon.RimWorld.Biotech">TubalLigation</li>
			<li MayRequire="Ludeon.RimWorld.Biotech">ExtractOvum</li>
			<li MayRequire="Ludeon.RimWorld.Biotech">ExtractHemogenPack</li>
			<li MayRequire="Ludeon.RimWorld.Biotech">BloodTransfusion</li>
			<li MayRequire="Ludeon.RimWorld.Biotech">ImplantXenogerm</li>
			<li MayRequire="Ludeon.RimWorld.Biotech">ImplantIUD</li>
			<li MayRequire="Ludeon.RimWorld.Biotech">RemoveIUD</li>
			<li MayRequire="Ludeon.RimWorld.Biotech">TerminatePregnancy</li>
		</recipes>
<!--■■■■■■■■■■■■■■■■■■■■ Tools (attack) ■■■■■■■■■■■■■■■■■■■■-->
		<tools>
			<li>
				<label>teeth</label>
				<capacities>
					<li>Bite</li>
				</capacities>
				<power>7</power>
				<cooldownTime>1</cooldownTime>
				<linkedBodyPartsGroup>Teeth</linkedBodyPartsGroup>
			</li>
			<li>
				<label>left claws</label>
				<capacities>
					<li>Scratch</li>
				</capacities>
				<power>4</power>
				<cooldownTime>1</cooldownTime>
				<linkedBodyPartsGroup>LeftHand</linkedBodyPartsGroup>
					<extraMeleeDamages>
						<li>
							<def>Frostbite</def>
							<amount>20</amount>
							<chance>1</chance>
						</li>
					</extraMeleeDamages>
			</li>
			<li>
				<label>right claws</label>
				<capacities>
					<li>Scratch</li>
				</capacities>
				<power>4</power>
				<cooldownTime>1</cooldownTime>
				<linkedBodyPartsGroup>RightHand</linkedBodyPartsGroup>
					<extraMeleeDamages>
						<li>
							<def>Frostbite</def>
							<amount>20</amount>
							<chance>1</chance>
						</li>
					</extraMeleeDamages>
			</li>
		</tools>

		<alienRace>
			<generalSettings>
				<humanRecipeImport>true</humanRecipeImport>
				<maleGenderProbability>0.4</maleGenderProbability>
				<immuneToAge>true</immuneToAge>
<!--■■■■■■■■■■■■■■■■■■■■ Disabled traits ■■■■■■■■■■■■■■■■■■■■-->
				<disallowedTraits>
					<li><defName>Bloodlust</defName></li>
					<li><defName>Nudist</defName></li>
					<li><defName>Psychopath</defName></li>
					<li><defName>Cannibal</defName></li>
					<li><defName>AnnoyingVoice</defName></li>
					<li><defName>CreepyBreathing</defName></li>
					<li><defName>DislikesWomen</defName></li>
					<li><defName>DislikesMen</defName></li>
					<li><defName>Greedy</defName></li>
					<li><defName>Masochist</defName></li>
					<li><defName>Jealous</defName></li>
					<li><defName>Abrasive</defName></li>
					<li><defName>DrugDesire</defName></li>
				</disallowedTraits>
<!--■■■■■■■■■■■■■■■■■■■■ Forced traits ■■■■■■■■■■■■■■■■■■■■-->
				<forcedRaceTraitEntries>
					<li>
						<defName>BDFP_Delphox</defName>
						<chance>100</chance>
					</li>
					<li>
						<defName>Nimble</defName>
						<chance>100</chance>
					</li>
					<li>
						<defName>Pyromaniac</defName>
						<chance>25</chance>
					</li>
				</forcedRaceTraitEntries>
<!--■■■■■■■■■■■■■■■■■■■■ Body addons/colorgen ■■■■■■■■■■■■■■■■■■■■-->
				<alienPartGenerator>
				<customDrawSize>(0.8, 0.8)</customDrawSize>
				<customPortraitDrawSize>(0.8, 0.8)</customPortraitDrawSize>
					<headTypes Inherit="False">
						<li>Male_AverageNormal</li>
						<li>Female_AverageNormal</li>
					</headTypes>
					<!--<headOffset>(0.0, 0.06)</headOffset>-->
					<headOffsetDirectional>
                        <north>(0.0, -0.01)</north>
                        <east>(-0.10,-0.01)</east>
                        <south>(0.0, -0.01)</south>
                        <west>(0.10, -0.01)</west>
                    </headOffsetDirectional>
					<!--Body Type-->
					<bodyTypes>
						<li>Female</li>
						<li MayRequire="Ludeon.RimWorld.Biotech">Child</li>
						<li MayRequire="Ludeon.RimWorld.Biotech">Baby</li>
					</bodyTypes>
					<!--Ass long list of body addons below-->
					<!--Don't you fucking dare to touch anything here, it's like a fragile pie.-->
					<bodyAddons>
						<!--TAIL-->
						<li>
							<drawnDesiccated>false</drawnDesiccated>
							<hiddenUnderApparelFor>
								<li>Yanz_Tail</li>
							</hiddenUnderApparelFor>
							<drawSize>1</drawSize>
							<scaleWithPawnDrawsize>true</scaleWithPawnDrawsize>
							<path>Icephox/Tail/Defaulttail</path>
							<bodyPart>Yanz_Base_Tail</bodyPart>
							<inFrontOfBody>false</inFrontOfBody>
							<colorChannel>skin</colorChannel>
							<drawnInBed>false</drawnInBed>
							<offsets>
								<south>
								<layerOffset>0.195</layerOffset>
									<bodyTypes>
										<Female>(0,0)</Female>
										<Child MayRequire="Ludeon.RimWorld.Biotech">(0,0.1)</Child>
										<Baby MayRequire="Ludeon.RimWorld.Biotech">(0,0.1)</Baby>
									</bodyTypes>
								</south>
								<north>
								<layerOffset>0.34</layerOffset>
									<bodyTypes>
										<Female>(0,0)</Female>
										<Child MayRequire="Ludeon.RimWorld.Biotech">(0,0.05)</Child>
										<Baby MayRequire="Ludeon.RimWorld.Biotech">(0,0.05)</Baby>
									</bodyTypes>
								</north>
								<east>
									<layerOffset>0</layerOffset>
									<bodyTypes>
										<Female>(0,0)</Female>
										<Child MayRequire="Ludeon.RimWorld.Biotech">(-0.1,0.1)</Child>
										<Baby MayRequire="Ludeon.RimWorld.Biotech">(-0.1,0.1)</Baby>
									</bodyTypes>
								</east>
							</offsets>
						</li>
						<!--NOSE-->
						<li>
							<drawnDesiccated>false</drawnDesiccated>
							<hiddenUnderApparelFor>

							</hiddenUnderApparelFor>
							<!--<shaderType>Cutout</shaderType>-->
							<drawSize>1</drawSize>
							<scaleWithPawnDrawsize>true</scaleWithPawnDrawsize>
							<path>Icephox/Nose/Defaultnose</path>
							<bodyPart>Nose</bodyPart>
							<inFrontOfBody>false</inFrontOfBody>
							<colorChannel>skin</colorChannel>
							<drawnInBed>true</drawnInBed>
							<alignWithHead>true</alignWithHead>
							<offsets>
								<south>
								<layerOffset>-0.325</layerOffset>
									<bodyTypes>
										<Female>(0,-0.01)</Female>
										<Child MayRequire="Ludeon.RimWorld.Biotech">(0,-0.01)</Child>
										<Baby MayRequire="Ludeon.RimWorld.Biotech">(0,-0.01)</Baby>
									</bodyTypes>
								</south>
								<north>
								<layerOffset>-0.33</layerOffset>
									<bodyTypes>
										<Female>(0,0)</Female>
										<Child MayRequire="Ludeon.RimWorld.Biotech">(0,0)</Child>
										<Baby MayRequire="Ludeon.RimWorld.Biotech">(0,0)</Baby>
									</bodyTypes>
								</north>
								<east>
								<layerOffset>-0.3245</layerOffset>
									<bodyTypes>
										<Female>(0,0)</Female>
										<Child MayRequire="Ludeon.RimWorld.Biotech">(0,0)</Child>
										<Baby MayRequire="Ludeon.RimWorld.Biotech">(0,0)</Baby>
									</bodyTypes>
								</east>
							</offsets>
						</li>
						<!--LEFT EYE MALE-->
						<li>
							<drawnDesiccated>false</drawnDesiccated>
							<drawForMale>true</drawForMale>
							<drawForFemale>false</drawForFemale>
							<drawSize>1</drawSize>
							<scaleWithPawnDrawsize>true</scaleWithPawnDrawsize>
							<path>Icephox/Eye/Male/lefteye</path>
							<bodyPart>Eye</bodyPart>
							<bodyPartLabel>left eye</bodyPartLabel>
							<inFrontOfBody>false</inFrontOfBody>
							<colorChannel>skin</colorChannel>
							<drawnInBed>true</drawnInBed>
							<alignWithHead>true</alignWithHead>
							<offsets>
								<south>
								<layerOffset>-0.325</layerOffset>
									<bodyTypes>
										<Female>(0,0)</Female>
										<Child MayRequire="Ludeon.RimWorld.Biotech">(0,0)</Child>
										<Baby MayRequire="Ludeon.RimWorld.Biotech">(0,0)</Baby>
									</bodyTypes>
								</south>
								<north>
								<layerOffset>-0.33</layerOffset>
									<bodyTypes>
										<Female>(0,0)</Female>
										<Child MayRequire="Ludeon.RimWorld.Biotech">(0,0)</Child>
										<Baby MayRequire="Ludeon.RimWorld.Biotech">(0,0)</Baby>
									</bodyTypes>
								</north>
								<east>
								<layerOffset>-0.325</layerOffset>
									<bodyTypes>
										<Female>(0,0)</Female>
										<Child MayRequire="Ludeon.RimWorld.Biotech">(0,0)</Child>
										<Baby MayRequire="Ludeon.RimWorld.Biotech">(0,0)</Baby>
									</bodyTypes>
								</east>
							</offsets>
						</li>
						<!--LEFT EYE FEMALE-->
						<li>
							<drawnDesiccated>false</drawnDesiccated>
							<drawForMale>false</drawForMale>
							<drawForFemale>true</drawForFemale>
							<drawSize>1</drawSize>
							<scaleWithPawnDrawsize>true</scaleWithPawnDrawsize>
							<path>Icephox/Eye/Female/lefteye</path>
							<bodyPart>Eye</bodyPart>
							<bodyPartLabel>left eye</bodyPartLabel>
							<inFrontOfBody>false</inFrontOfBody>
							<colorChannel>skin</colorChannel>
							<drawnInBed>true</drawnInBed>
							<alignWithHead>true</alignWithHead>
							<offsets>
								<south>
								<layerOffset>-0.325</layerOffset>
									<bodyTypes>
										<Female>(0,0)</Female>
										<Child MayRequire="Ludeon.RimWorld.Biotech">(0,0)</Child>
										<Baby MayRequire="Ludeon.RimWorld.Biotech">(0,0)</Baby>
									</bodyTypes>
								</south>
								<north>
								<layerOffset>-0.33</layerOffset>
									<bodyTypes>
										<Female>(0,0)</Female>
										<Child MayRequire="Ludeon.RimWorld.Biotech">(0,0)</Child>
										<Baby MayRequire="Ludeon.RimWorld.Biotech">(0,0)</Baby>
									</bodyTypes>
								</north>
								<east>
								<layerOffset>-0.325</layerOffset>
									<bodyTypes>
										<Female>(0,0)</Female>
										<Child MayRequire="Ludeon.RimWorld.Biotech">(0,0)</Child>
										<Baby MayRequire="Ludeon.RimWorld.Biotech">(0,0)</Baby>
									</bodyTypes>
								</east>
							</offsets>
						</li>
						<!--RIGHT EYE MALE-->
						<li>
							<drawnDesiccated>false</drawnDesiccated>
							<drawForMale>true</drawForMale>
							<drawForFemale>false</drawForFemale>
							<drawSize>1</drawSize>
							<scaleWithPawnDrawsize>true</scaleWithPawnDrawsize>
							<path>Icephox/Eye/Male/righteye</path>
							<bodyPart>Eye</bodyPart>
							<bodyPartLabel>right eye</bodyPartLabel>
							<inFrontOfBody>false</inFrontOfBody>
							<colorChannel>skin</colorChannel>
							<drawnInBed>true</drawnInBed>
							<alignWithHead>true</alignWithHead>
							<offsets>
								<south>
								<layerOffset>-0.325</layerOffset>
									<bodyTypes>
										<Female>(0,0)</Female>
										<Child MayRequire="Ludeon.RimWorld.Biotech">(0,0)</Child>
										<Baby MayRequire="Ludeon.RimWorld.Biotech">(0,0)</Baby>
									</bodyTypes>
								</south>
								<north>
								<layerOffset>-0.33</layerOffset>
									<bodyTypes>
										<Female>(0,0)</Female>
										<Child MayRequire="Ludeon.RimWorld.Biotech">(0,0)</Child>
										<Baby MayRequire="Ludeon.RimWorld.Biotech">(0,0)</Baby>
									</bodyTypes>
								</north>
								<east>
								<layerOffset>-0.325</layerOffset>
									<bodyTypes>
										<Female>(0,0)</Female>
										<Child MayRequire="Ludeon.RimWorld.Biotech">(0,0)</Child>
										<Baby MayRequire="Ludeon.RimWorld.Biotech">(0,0)</Baby>
									</bodyTypes>
								</east>
							</offsets>
						</li>
						<!--RIGHT EYE FEMALE-->
						<li>
							<drawnDesiccated>false</drawnDesiccated>
							<drawForMale>false</drawForMale>
							<drawForFemale>true</drawForFemale>
							<drawSize>1</drawSize>
							<scaleWithPawnDrawsize>true</scaleWithPawnDrawsize>
							<path>Icephox/Eye/Female/righteye</path>
							<bodyPart>Eye</bodyPart>
							<bodyPartLabel>right eye</bodyPartLabel>
							<inFrontOfBody>false</inFrontOfBody>
							<colorChannel>skin</colorChannel>
							<drawnInBed>true</drawnInBed>
							<alignWithHead>true</alignWithHead>
							<offsets>
								<south>
								<layerOffset>-0.325</layerOffset>
									<bodyTypes>
										<Female>(0,0)</Female>
										<Child MayRequire="Ludeon.RimWorld.Biotech">(0,0)</Child>
										<Baby MayRequire="Ludeon.RimWorld.Biotech">(0,0)</Baby>
									</bodyTypes>
								</south>
								<north>
								<layerOffset>-0.33</layerOffset>
									<bodyTypes>
										<Female>(0,0)</Female>
										<Child MayRequire="Ludeon.RimWorld.Biotech">(0,0)</Child>
										<Baby MayRequire="Ludeon.RimWorld.Biotech">(0,0)</Baby>
									</bodyTypes>
								</north>
								<east>
								<layerOffset>-0.325</layerOffset>
									<bodyTypes>
										<Female>(0,0)</Female>
										<Child MayRequire="Ludeon.RimWorld.Biotech">(0,0)</Child>
										<Baby MayRequire="Ludeon.RimWorld.Biotech">(0,0)</Baby>
									</bodyTypes>
								</east>
							</offsets>
						</li>

						<!--LEFT EAR-->
						<li>
							<drawnDesiccated>false</drawnDesiccated>
							<hiddenUnderApparelFor>

							</hiddenUnderApparelFor>
							<shaderType>Transparent</shaderType>
							<drawSize>1</drawSize>
							<scaleWithPawnDrawsize>true</scaleWithPawnDrawsize>
							<path>Icephox/Ear/leftear</path>
							<bodyPart>Ear</bodyPart>
							<bodyPartLabel>left ear</bodyPartLabel>
							<inFrontOfBody>false</inFrontOfBody>
							<colorChannel>skin</colorChannel>
							<drawnInBed>true</drawnInBed>
							<alignWithHead>true</alignWithHead>
							<offsets>
								<south>
									<layerOffset>0.19</layerOffset>
									<bodyTypes>
										<Female>(0,0)</Female>
										<Child MayRequire="Ludeon.RimWorld.Biotech">(0,0)</Child>
										<Baby MayRequire="Ludeon.RimWorld.Biotech">(0,0)</Baby>
									</bodyTypes>
								</south>
								<north>
									<layerOffset>0.33</layerOffset>
									<bodyTypes>
										<Female>(0,0)</Female>
										<Child MayRequire="Ludeon.RimWorld.Biotech">(0,0)</Child>
										<Baby MayRequire="Ludeon.RimWorld.Biotech">(0,0)</Baby>
									</bodyTypes>
								</north>
								<east>
									<layerOffset>-0.33</layerOffset>
									<bodyTypes>
										<Female>(0,0)</Female>
										<Child MayRequire="Ludeon.RimWorld.Biotech">(0,0)</Child>
										<Baby MayRequire="Ludeon.RimWorld.Biotech">(0,0)</Baby>
									</bodyTypes>
								</east>
								<west>
									<layerOffset>0.33</layerOffset>
									<bodyTypes>
										<Female>(0,0)</Female>
										<Child MayRequire="Ludeon.RimWorld.Biotech">(0,0)</Child>
										<Baby MayRequire="Ludeon.RimWorld.Biotech">(0,0)</Baby>
									</bodyTypes>
								</west>
							</offsets>
						</li>
						
						<!--RIGHT EAR-->
						<li>
							<drawnDesiccated>false</drawnDesiccated>
							<hiddenUnderApparelFor>

							</hiddenUnderApparelFor>
							<linkVariantIndexWithPrevious>true</linkVariantIndexWithPrevious>
							<shaderType>Transparent</shaderType>
							<drawSize>1</drawSize>
							<scaleWithPawnDrawsize>true</scaleWithPawnDrawsize>
							<path>Icephox/Ear/rightear</path>
							<bodyPart>Ear</bodyPart>
							<bodyPartLabel>right ear</bodyPartLabel>
							<inFrontOfBody>false</inFrontOfBody>
							<colorChannel>skin</colorChannel>
							<drawnInBed>true</drawnInBed>
							<alignWithHead>true</alignWithHead>
							<offsets>
								<south>
									<layerOffset>0.19</layerOffset>
									<bodyTypes>
										<Female>(0,0)</Female>
										<Child MayRequire="Ludeon.RimWorld.Biotech">(0,0)</Child>
										<Baby MayRequire="Ludeon.RimWorld.Biotech">(0,0)</Baby>
									</bodyTypes>
								</south>
								<north>
									<layerOffset>0.33</layerOffset>
									<bodyTypes>
										<Female>(0,0)</Female>
										<Child MayRequire="Ludeon.RimWorld.Biotech">(0,0)</Child>
										<Baby MayRequire="Ludeon.RimWorld.Biotech">(0,0)</Baby>
									</bodyTypes>
								</north>
								<east>
									<layerOffset>0.33</layerOffset>
									<bodyTypes>
										<Female>(0,0)</Female>
										<Child MayRequire="Ludeon.RimWorld.Biotech">(0,0)</Child>
										<Baby MayRequire="Ludeon.RimWorld.Biotech">(0,0)</Baby>
									</bodyTypes>
								</east>
								<west>
									<layerOffset>-0.35</layerOffset>
									<bodyTypes>
										<Female>(0,0)</Female>
										<Child MayRequire="Ludeon.RimWorld.Biotech">(0,0)</Child>
										<Baby MayRequire="Ludeon.RimWorld.Biotech">(0,0)</Baby>
									</bodyTypes>
								</west>
							</offsets>
						</li>
						
					</bodyAddons>
					
					<!--HAIR COLOR-->
					<colorChannels>
						<li>
							<name>hair</name>
							<first Class="AlienRace.ColorGenerator_CustomAlienChannel">
								<colorChannel>skin_1</colorChannel>
							</first>
							<second Class="ColorGenerator_Options">
								<options>
									<li>
										<weight>10</weight>
										<only>RGBA(0.500, 1.000, 0.000, 1.000)</only>
									</li>
								</options>
							</second>
						</li>

						<!--FUR COLOR-->
						<li>
							<name>skin</name>
							<first Class="ColorGenerator_Options">
								<options>
									<!--No changes-->
									<li>
										<weight>10</weight>
										<only>RGBA(255,255,255,255)</only>
									</li>
									<!--Light Blue-->
									<li>
										<weight>1</weight>
										<only>RGBA(205,214,255,255)</only>
									</li>
									<!--Dark Blue-->
									<li>
										<weight>1</weight>
										<only>RGBA(129,156,218,255)</only>
									</li>
									<!--Purple Blue-->
									<li>
										<weight>1</weight>
										<only>RGBA(255,209,255,255)</only>
									</li>
								</options>
							</first>
							<!--EYE COLOR-->
							<second Class="ColorGenerator_Options">
								<options>
									<!--Cyan-->
									<li>
										<weight>1</weight>
										<only>RGBA(0,255,255,255)</only>
									</li>
									<!--Dark Blue-->
									<li>
										<weight>1</weight>
										<only>RGBA(0,115,226,255)</only>
									</li>
									<!--Purple-->
									<li>
										<weight>1</weight>
										<only>RGBA(155,159,255,255)</only>
									</li>
									<!--Pink-->
									<li>
										<weight>1</weight>
										<only>RGBA(231,190,248,255)</only>
									</li>
								</options>
							</second>
						</li>
					</colorChannels>

				</alienPartGenerator>
			</generalSettings>

			<graphicPaths>
					<body>Icephox/Body/</body>
					<head>Icephox/Head/</head>
			</graphicPaths>

			<styleSettings>
				<li>
					<key>BeardDef</key>
					<value>
						<hasStyle>false</hasStyle>
					</value>
				</li>
				<li>
					<key>HairDef</key>
					<value>
						<hasStyle>false</hasStyle>
					</value>
				</li>
				<li>
				<key>TattooDef</key>
					<value>
						<hasStyle>false</hasStyle>
					</value>
				</li>
			</styleSettings>

			<thoughtSettings>
				<cannotReceiveThoughts>
					<!--Food thoughts (Delphox cannot recieve bufs and debufs from eating human meat and bad food in general)-->
					<!-- Other thoughts -->
					<li>SleptOnGround</li>
					<li>SharedBed</li>
					<li>Naked</li>
				</cannotReceiveThoughts>
			</thoughtSettings>
			
			<raceRestriction>
			<!--<onlyHaveRaceRestrictedGenes>false</onlyHaveRaceRestrictedGenes>-->
				<blackGeneList >
                    <li MayRequire="Ludeon.RimWorld.Biotech">Brow_Heavy</li>
                    <li MayRequire="Ludeon.RimWorld.Biotech">FacialRidges</li>
                </blackGeneList>
                <blackGeneTags>
                    <li MayRequire="Ludeon.RimWorld.Biotech">SkinColor</li>
                    <li MayRequire="Ludeon.RimWorld.Biotech">HairColor</li>
                    <li MayRequire="Ludeon.RimWorld.Biotech">EyeColor</li>
                    <li MayRequire="Ludeon.RimWorld.Biotech">BodyType</li>
                    <li MayRequire="Ludeon.RimWorld.Biotech">Ears</li>
                    <li MayRequire="Ludeon.RimWorld.Biotech">Nose</li>
                    <li MayRequire="Ludeon.RimWorld.Biotech">Jaw</li>
                    <li MayRequire="Ludeon.RimWorld.Biotech">Head</li>
                    <li MayRequire="Ludeon.RimWorld.Biotech">Headbone</li>
                    <li MayRequire="Ludeon.RimWorld.Biotech">HairStyle</li>
                    <li MayRequire="Ludeon.RimWorld.Biotech">BeardStyle</li>
                    <li MayRequire="Ludeon.RimWorld.Biotech">SkinColorOverride</li>
                    <li MayRequire="Ludeon.RimWorld.Biotech">Fur</li>
                    <li MayRequire="Ludeon.RimWorld.Biotech">Tail</li>
                </blackGeneTags>
                <blackEndoCategories>
                    <li MayRequire="Ludeon.RimWorld.Biotech">Melanin</li>
                    <li MayRequire="Ludeon.RimWorld.Biotech">HairColor</li>
                    <li MayRequire="Ludeon.RimWorld.Biotech">Ears</li>
                    <li MayRequire="Ludeon.RimWorld.Biotech">Nose</li>
                    <li MayRequire="Ludeon.RimWorld.Biotech">Jaw</li>
                    <li MayRequire="Ludeon.RimWorld.Biotech">Head</li>
                    <li MayRequire="Ludeon.RimWorld.Biotech">BodyType</li>
                </blackEndoCategories>
				<whiteGeneList MayRequire="Ludeon.RimWorld.Biotech">
				</whiteGeneList>
				<recipeList>
				</recipeList>
			</raceRestriction>

			<relationSettings>
			</relationSettings>

		</alienRace>

	</AlienRace.ThingDef_AlienRace>
</Defs>