﻿<?xml version="1.0" encoding="utf-8" ?>
<Defs>

<!--Archo-analyzer Design-->	
	<ResearchProjectDef>
		<defName>Archo_Analyzer_Design</defName>
		<label>Archo-analyzer Design</label>
		<description>Develop a design of Archo-analyzer that will help you decrypt and apply archotech blueprints and technologies.</description>
		<baseCost>10000</baseCost>
		<techLevel>Ultra</techLevel>
		<requiredResearchBuilding>HiTechResearchBench</requiredResearchBuilding>
		<requiredResearchFacilities>
			<li>MultiAnalyzer</li>
		</requiredResearchFacilities>
		<prerequisites>
			<li>MicroelectronicsBasics</li>
		</prerequisites>
		<tab>ARE</tab>
		<researchViewX>0.00</researchViewX>
		<researchViewY>2.40</researchViewY>

	</ResearchProjectDef>
	
  <!--Archotech Basics-->	
	<ResearchProjectDef>
		<defName>Archotech_Basics</defName>
		<label>Archotech Basics</label>
		<description>Decrypt basic archotech knowledge and blueprints that are essential for you to go deeper into Archotech secrets. You'll be able to build Archotech Station that will open a whole world of new wondrous technologies.</description>
		<baseCost>10000</baseCost>
		<techLevel>Archotech</techLevel>
		<requiredResearchBuilding>HiTechResearchBench</requiredResearchBuilding>
		<requiredResearchFacilities>
			<li>ArchoAnalyzer</li>
		</requiredResearchFacilities>
		<prerequisites>
			<li>Archo_Analyzer_Design</li>
		</prerequisites>
		<tab>ARE</tab>
		<researchViewX>1.00</researchViewX>
		<researchViewY>2.40</researchViewY>
	</ResearchProjectDef>
	
	<!--Archomachinery-->	
	<ResearchProjectDef>
		<defName>Archomachinery</defName>
		<label>Archomachinery</label>
		<description>Discover secrets of Archomachinery production with help of Archo-Analyzer. Archomachines are a foundament of archotech worlds.</description>
		<baseCost>10000</baseCost>
		<techLevel>Archotech</techLevel>
		<requiredResearchBuilding>HiTechResearchBench</requiredResearchBuilding>
		<requiredResearchFacilities>
			<li>ArchoAnalyzer</li>
		</requiredResearchFacilities>
		<prerequisites>
			<li>Archotech_Basics</li>
		</prerequisites>
		<tab>ARE</tab>
		<researchViewX>2.00</researchViewX>
		<researchViewY>2.45</researchViewY>
	</ResearchProjectDef>
	
	<!--Archotech Furniture-->	
	<ResearchProjectDef>
		<defName>ArchoFurniture</defName>
		<label>Archotech Furniture</label>
		<description>A set of beauteful floors and minor stuff that will improve mood of your colonists.</description>
		<baseCost>10000</baseCost>
		<techLevel>Archotech</techLevel>
		<requiredResearchBuilding>HiTechResearchBench</requiredResearchBuilding>
		<requiredResearchFacilities>
			<li>ArchoAnalyzer</li>
		</requiredResearchFacilities>
		<prerequisites>
			<li>Archomachinery</li>
		</prerequisites>
		<tab>ARE</tab>
		<researchViewX>4.00</researchViewX>
		<researchViewY>4.50</researchViewY>
	</ResearchProjectDef>
	
	<!--Archotech Industry Solutions-->	
	<ResearchProjectDef>
		<defName>ArchoIndustrySol</defName>
		<label>Archotech Industry Solutions</label>
		<description>A set of extremely efficient solutions and facilities for production and resource acquisition. Decryption and anylysis of Archotech industry solutions is a tough task even for Archo-Analyzer. The only thing scientists can do here is to make sure that all research facilities do not overheat and work at peak efficiency. This project will take a lot of time...</description>
		<baseCost>25000</baseCost>
		<techLevel>Archotech</techLevel>
		<requiredResearchBuilding>HiTechResearchBench</requiredResearchBuilding>
		<requiredResearchFacilities>
			<li>ArchoAnalyzer</li>
		</requiredResearchFacilities>
		<prerequisites>
			<li>Archomachinery</li>
		</prerequisites>
		<tab>ARE</tab>
		<researchViewX>4.00</researchViewX>
		<researchViewY>3.75</researchViewY>
	</ResearchProjectDef>
	
		<ResearchProjectDef>
		<defName>ArchoIndustrySol2</defName>
		<label>Archotech Advanced Industry Solutions</label>
		<description>A set of extremely efficient solutions and facilities for production of advanced materials such as plasteel and basic archotech materials and components. Decryption and anylysis of Archotech industry solutions is a tough task even for Archo-Analyzer. The only thing scientists can do here is to make sure that all research facilities do not overheat and work at peak efficiency. This project will take a lot of time...</description>
		<baseCost>100000</baseCost>
		<techLevel>Archotech</techLevel>
		<requiredResearchBuilding>HiTechResearchBench</requiredResearchBuilding>
		<requiredResearchFacilities>
			<li>ArchoAnalyzer</li>
		</requiredResearchFacilities>
		<prerequisites>
			<li>ArchoIndustrySol</li>
		</prerequisites>
		<tab>ARE</tab>
		<researchViewX>5.00</researchViewX>
		<researchViewY>3.75</researchViewY>
	</ResearchProjectDef>
	
		<ResearchProjectDef>
		<defName>ArchoIndustrySol3</defName>
		<label>Archotech Fomax</label>
		<description>Advanced facilities dedicated for production of archomachinery at industrial scale. Very expensive to make, but investments pay off very fast. Decryption and anylysis of Archotech industry solutions is a tough task even for Archo-Analyzer. The only thing scientists can do here is to make sure that all research facilities do not overheat and work at peak efficiency. This project will take a lot of time...</description>
		<baseCost>200000</baseCost>
		<techLevel>Archotech</techLevel>
		<requiredResearchBuilding>HiTechResearchBench</requiredResearchBuilding>
		<requiredResearchFacilities>
			<li>ArchoAnalyzer</li>
		</requiredResearchFacilities>
		<prerequisites>
			<li>ArchoIndustrySol2</li>
		</prerequisites>
		<tab>ARE</tab>
		<researchViewX>6.00</researchViewX>
		<researchViewY>3.75</researchViewY>
	</ResearchProjectDef>
	
	<!--Archotech Power Solutions-->	
	<ResearchProjectDef>
		<defName>ArchoPowerSol</defName>
		<label>Archotech Power Solutions</label>
		<description>Archotech facilities that provide stable and almost endless source of power. Decryption and anylysis of Archotech power solutions is a tough task even for Archo-Analyzer. The only thing scientists can do here is to make sure that all research facilities do not overheat and work at peak efficiency. This project will take a lot of time...</description>
		<baseCost>25000</baseCost>
		<techLevel>Archotech</techLevel>
		<requiredResearchBuilding>HiTechResearchBench</requiredResearchBuilding>
		<requiredResearchFacilities>
			<li>ArchoAnalyzer</li>
		</requiredResearchFacilities>
		<prerequisites>
			<li>Archomachinery</li>
		</prerequisites>
		<tab>ARE</tab>
		<researchViewX>4.00</researchViewX>
		<researchViewY>3.00</researchViewY>
	</ResearchProjectDef>
	
	<!--Archotech Military Designs-->	
	<ResearchProjectDef>
		<defName>ArchoMilDesigns</defName>
		<label>Archotech Military Designs</label>
		<description>Decrypt and analyze Archotech weaponary blueprints with help of Archo-analyzer. Tough armor and godlike weapons that will scare everyone around. Decryption and anylysis of Archotech weaponary blueprints is a tough task even for Archo-Analyzer. The only thing scientists can do here is to make sure that all research facilities do not overheat and work at peak efficiency. This project will take a lot of time...</description>
		<baseCost>25000</baseCost>
		<techLevel>Archotech</techLevel>
		<requiredResearchBuilding>HiTechResearchBench</requiredResearchBuilding>
		<requiredResearchFacilities>
			<li>ArchoAnalyzer</li>
		</requiredResearchFacilities>
		<prerequisites>
			<li>Archomachinery</li>
		</prerequisites>
		<tab>ARE</tab>
		<researchViewX>4.00</researchViewX>
		<researchViewY>2.30</researchViewY>
	</ResearchProjectDef>
	
	<!--Archomachinery Medical Applications-->	
	<ResearchProjectDef>
		<defName>ArchoMedApp</defName>
		<label>Archomachinery Medical Applications</label>
		<description>Our scientists think it's possible to use Archomachinery in medical applications. Possibilities are endless...</description>
		<baseCost>10000</baseCost>
		<techLevel>Archotech</techLevel>
		<requiredResearchBuilding>HiTechResearchBench</requiredResearchBuilding>
		<requiredResearchFacilities>
			<li>ArchoAnalyzer</li>
		</requiredResearchFacilities>
		<prerequisites>
			<li>Archomachinery</li>
		</prerequisites>
		<tab>ARE</tab>
		<researchViewX>4.00</researchViewX>
		<researchViewY>1.45</researchViewY>
	</ResearchProjectDef>
	
	<!--Archotech Proesthetics-->	
	<ResearchProjectDef>
		<defName>ArchoProesthetics</defName>
		<label>Archotech Proesthetics</label>
		<description>Decrypt and research blueprints of Archotech Proesthetics with help of Archo-Analyzer.</description>
		<baseCost>10000</baseCost>
		<techLevel>Archotech</techLevel>
		<requiredResearchBuilding>HiTechResearchBench</requiredResearchBuilding>
		<requiredResearchFacilities>
			<li>ArchoAnalyzer</li>
		</requiredResearchFacilities>
		<prerequisites>
			<li>Archomachinery</li>
		</prerequisites>
		<tab>ARE</tab>
		<researchViewX>3.00</researchViewX>
		<researchViewY>0.50</researchViewY>
	</ResearchProjectDef>
	
	<!--Archotech Vital Organs-->	
	<ResearchProjectDef>
		<defName>ArchoVitalOrgans</defName>
		<label>Archotech Vital Organs</label>
		<description>Dive deeper into blueprints of Archotech Proesthetics. Archotech vital organs such as liver or kidney are usually way more complex in design than "simple" archotech arm or eye. Decryption and anylysis of Archotech Vital Organs blueprints is a tough task even for Archo-Analyzer. The only thing scientists can do here is to make sure that all research facilities do not overheat and work at peak efficiency. This project will take a lot of time...</description>
		<baseCost>25000</baseCost>
		<techLevel>Archotech</techLevel>
		<requiredResearchBuilding>HiTechResearchBench</requiredResearchBuilding>
		<requiredResearchFacilities>
			<li>ArchoAnalyzer</li>
		</requiredResearchFacilities>
		<prerequisites>
			<li>ArchoProesthetics</li>
		</prerequisites>
		<tab>ARE</tab>
		<researchViewX>4.00</researchViewX>
		<researchViewY>0.50</researchViewY>
	</ResearchProjectDef>
	
	<!--Archotech Nexus-->	
	<ResearchProjectDef>
		<defName>ArchoNexus</defName>
		<label>Archotech Nexus</label>
		<description>A jewel among all Archotech proesthetics. Technological marvel that turns its host into superhuman. Decryption and anylysis of Archotech Nexus blueprints is a tough task even for Archo-Analyzer. The only thing scientists can do here is to make sure that all research facilities do not overheat and work at peak efficiency. This project will take a lot of time...</description>
		<baseCost>50000</baseCost>
		<techLevel>Archotech</techLevel>
		<requiredResearchBuilding>HiTechResearchBench</requiredResearchBuilding>
		<requiredResearchFacilities>
			<li>ArchoAnalyzer</li>
		</requiredResearchFacilities>
		<prerequisites>
			<li>ArchoVitalOrgans</li>
		</prerequisites>
		<tab>ARE</tab>
		<researchViewX>5.00</researchViewX>
		<researchViewY>0.55</researchViewY>
	</ResearchProjectDef>

</Defs>