﻿<?xml version="1.0" encoding="utf-8"?>
<ModMetaData>
<name>Yanzihko Races - Rebalance Submod [1.5]</name>
<author>Yanzihko</author>
<packageId>yanzihko.YRRS</packageId>
<supportedVersions>
		<li>1.5</li>
</supportedVersions>
<modIconPath IgnoreIfNoMatchingField="True">UI/MinimodYZRCM</modIconPath>
<description>
	
This patch is dedicated to "unify" all my Races and is an attempt to make them somewhat balanced without touching original mods directly. It's not ideal, but i hope you will enjoy it.

Support me at Boosty: https://boosty.to/yanzihko
</description>
	<modDependencies>
		<li>
			<packageId>erdelf.HumanoidAlienRaces</packageId>
			<displayName>Humanoid Alien Races 2.0</displayName>
			<steamWorkshopUrl>steam://url/CommunityFilePage/839005762</steamWorkshopUrl>
		</li>
		<li>
			<packageId>yanzihko.YZRCM</packageId>
			<displayName>Yanzihko's Races - Core Module [YZRCM][1.5]</displayName>
			<steamWorkshopUrl>steam://url/CommunityFilePage/3005787388</steamWorkshopUrl>
		</li>
	</modDependencies>
</ModMetaData>