﻿<?xml version="1.0" encoding="utf-8"?>
<ModMetaData>
<name>Kisalfar and Fressálfar - Lost Project [1.4]</name>
<author>Yanzihko</author>
<packageId>yanzihko.KFLS</packageId>
<supportedVersions>
		<li>1.4</li>
</supportedVersions>
<description>
	
Fressalfar - A marvel of genetic engineering created on a far off glitterworld on the verge of transcendence. The Fressalfar were the result of a lone scientists quest to engineer the perfect being that did not rely on the taint of mechanite technology. Pods of them were sent off to rimworlds all across the universe in an effort to save his creation before the AI scourge devoured their homeworld. Believed to be the genetic combination of hyper-intelligent felines, thrumbos, and human DNA; the Fressalfar are fast, highly intelligent, and incredibly beautiful.

Kisalfar - Genetic descendants of the Fressalfar. The Kisalfar are slightly inferior the Fressalfar due to the highly unstable genome not replicating perfectly outside of lab conditions. Physically this led to the lost of their highly coveted horns and some would say they could never live up to the original race. However, the combination of high intelligence and growing up in a natural environment means the  Kisalfar are much more attuned with the ways of their home world and those around them. What they lost in speed and beauty they make up for in natural charm and instinct and they have proven an ability to get along with humans in a way the Fressalfar never could.

Support me at Boosty: https://boosty.to/yanzihko
</description>
	<modDependencies>
		<li>
			<packageId>erdelf.HumanoidAlienRaces</packageId>
			<displayName>Humanoid Alien Races 2.0</displayName>
			<steamWorkshopUrl>steam://url/CommunityFilePage/839005762</steamWorkshopUrl>
		</li>
		<li>
			<packageId>yanzihko.YZRCM</packageId>
			<displayName>Yanzihko's Races - Core Module [YZRCM][1.4]</displayName>
			<steamWorkshopUrl>steam://url/CommunityFilePage/3005787388</steamWorkshopUrl>
		</li>
	</modDependencies>
</ModMetaData>