<?xml version="1.0" encoding="utf-8" ?>
<Defs>

	<AlienRace.ThingDef_AlienRace ParentName="BasePawn" Name="BaseGlaceon"> 
		<defName>Yanz_Glaceon</defName>
		<label>Glaceon</label>
		<description>Glaceons were a highly experimental xenotype developed upon entropy manipulation research. Glaceons are able to reduce local enthropy and to seemingly dump it into nowhere. Glaceons themselves seem to have much lower enthropy than their surroundings, making them essentially immunte to cold temperatures. Glaceon is an advanced variation of xenohumans with a precisely tuned genome that becomes highly unstable outside of very short range of acceptable parameters. Technically they even can be considered an alien species. Their modification is impossible outside of advanced Glitterworld facilities and without source Genome templates.</description>
<!--■■■■■■■■■■■■■■■■■■■■ Bio Stats ■■■■■■■■■■■■■■■■■■■■-->
		<statBases>
			<PawnBeauty>2</PawnBeauty>
			<CarryingCapacity>50</CarryingCapacity>
			<PainShockThreshold>0.8</PainShockThreshold>
			<MarketValue>5000</MarketValue>
			<MoveSpeed>4.6</MoveSpeed>
			<Mass>50</Mass>
			<ImmunityGainSpeed>2</ImmunityGainSpeed>
			<ComfyTemperatureMin>-180</ComfyTemperatureMin>
			<ComfyTemperatureMax>18</ComfyTemperatureMax>
			<LeatherAmount>35</LeatherAmount>
			<MeatAmount>50</MeatAmount>
<!--■■■■■■■■■■■■■■■■■■■■ Skills ■■■■■■■■■■■■■■■■■■■■-->
			<WorkSpeedGlobal>1</WorkSpeedGlobal>
			<ResearchSpeed>1</ResearchSpeed>
			<GlobalLearningFactor>1.5</GlobalLearningFactor>
			<PsychicSensitivity>0.5</PsychicSensitivity>
			<MiningSpeed>0.5</MiningSpeed>
			<SocialImpact>1</SocialImpact>
			<ConstructionSpeed>1</ConstructionSpeed>
			<AnimalGatherSpeed>1</AnimalGatherSpeed>
			<AnimalGatherYield>1</AnimalGatherYield>
			<ShootingAccuracyPawn>1.5</ShootingAccuracyPawn>
		</statBases>
<!--■■■■■■■■■■■■■■■■■■■■ Race ■■■■■■■■■■■■■■■■■■■■-->
		<race>
			<fleshType>Glaceon</fleshType>
			<leatherDef>Glaceon_leather</leatherDef>
			<body>Glaceon</body>
			<baseBodySize>0.95</baseBodySize>
			<baseHealthScale>0.5</baseHealthScale>
			<baseHungerRate>1.5</baseHungerRate>
			<thinkTreeMain>Humanlike</thinkTreeMain>
			<thinkTreeConstant>HumanlikeConstant</thinkTreeConstant>
			<intelligence>Humanlike</intelligence>
			<makesFootprints>true</makesFootprints>
			<lifeExpectancy>100</lifeExpectancy>
			<useMeatFrom>Human</useMeatFrom>
			<nameCategory>HumanStandard</nameCategory>
			<!--Name Gen-->
			<nameGenerator>EeveelutionsNameM</nameGenerator>
			<nameGeneratorFemale>EeveelutionsNameF</nameGeneratorFemale> 
			<!--End of Name Gen-->
			<hasGenders>true</hasGenders>
			<foodType>OmnivoreHuman</foodType>
			<soundMeleeHitPawn>Pawn_Melee_Punch_HitPawn</soundMeleeHitPawn>
			<soundMeleeHitBuilding>Pawn_Melee_Punch_HitBuilding</soundMeleeHitBuilding>
			<soundMeleeMiss>Pawn_Melee_Punch_Miss</soundMeleeMiss>
			<gestationPeriodDays>45</gestationPeriodDays>
			<meatMarketValue>0.8</meatMarketValue>
			<manhunterOnDamageChance>0.20</manhunterOnDamageChance>
			<manhunterOnTameFailChance>0.02</manhunterOnTameFailChance>
			<specialShadowData>
				<volume>(0.3, 0.8, 0.4)</volume>
				<offset>(0,0,-0.3)</offset>
			</specialShadowData>
			<hediffGiverSets>
				<li>OrganicStandard</li>
			</hediffGiverSets>
			<litterSizeCurve>
				<points>
					<li>(0.5, 0)</li>
					<li>(1, 1)</li>
					<li>(1.01, 0.02)</li>
					<li>(3.5, 0)</li>
				</points>
			</litterSizeCurve>
			<lifeStageAges>
				<li>
					<def>HumanlikeBaby</def>
					<minAge>0</minAge>
				</li>
				<li>
					<def>HumanlikeChild</def>
					<minAge>3</minAge>
				</li>
				<li MayRequire="Ludeon.RimWorld.Biotech">
					<def>HumanlikePreTeenager</def>
					<minAge>9</minAge>
				</li>
				<li>
					<def>HumanlikeTeenager</def>
					<minAge>13</minAge>
				</li>
				<li>
					<def>HumanlikeAdult</def>
						<minAge>18</minAge>
				</li>
			</lifeStageAges>
			<ageGenerationCurve>
				<points>
					<li MayRequire="Ludeon.RimWorld.Biotech">(0,0)</li>
					<li MayRequire="Ludeon.RimWorld.Biotech">(0.001,43)</li>
					<li MayRequire="Ludeon.RimWorld.Biotech">(8,86)</li>
					<li MayRequire="Ludeon.RimWorld.Biotech">(12.5,118)</li>  <!-- Exclude 12.5-13 years to avoid spawning pawns who are very close to becoming adults -->  
					<li MayRequire="Ludeon.RimWorld.Biotech">(12.51,0)</li>  
					<li MayRequire="Ludeon.RimWorld.Biotech">(13,0)</li>      
					<li MayRequire="Ludeon.RimWorld.Biotech">(13.001,122)</li><!-- End exclude -->
					<li MayRequire="Ludeon.RimWorld.Biotech">(13.999,130)</li>
					<li>(14,0)</li>
					<li MayRequire="Ludeon.RimWorld.Biotech">(14.001,130)</li>
					<li>(16,100)</li>
					<li>(50,100)</li>
					<li>(60,30)</li>
					<li>(70,18)</li>
					<li>(80,10)</li>
					<li>(90,3)</li>
					<li>(100,0)</li>
				</points>
			</ageGenerationCurve>
		</race>
		<recipes>
			<li>ExciseCarcinoma</li>
			<li>AdministerMechSerumHealer</li>
			<li>RemoveBodyPart</li>
			<li>Euthanize</li>
			<li>Anesthetize</li>
			<li>CureScaria</li>
			<!--ROYALITY-->
			<li MayRequire="Ludeon.RimWorld.Royalty">CureBloodRot</li>
			<li MayRequire="Ludeon.RimWorld.Royalty">CureAbasia</li>
			<!--BIOTECH-->
			<li MayRequire="Ludeon.RimWorld.Biotech">Vasectomy</li>
			<li MayRequire="Ludeon.RimWorld.Biotech">ReverseVasectomy</li>
			<li MayRequire="Ludeon.RimWorld.Biotech">TubalLigation</li>
			<li MayRequire="Ludeon.RimWorld.Biotech">ExtractOvum</li>
			<li MayRequire="Ludeon.RimWorld.Biotech">ExtractHemogenPack</li>
			<li MayRequire="Ludeon.RimWorld.Biotech">BloodTransfusion</li>
			<li MayRequire="Ludeon.RimWorld.Biotech">ImplantXenogerm</li>
			<li MayRequire="Ludeon.RimWorld.Biotech">ImplantIUD</li>
			<li MayRequire="Ludeon.RimWorld.Biotech">RemoveIUD</li>
			<li MayRequire="Ludeon.RimWorld.Biotech">TerminatePregnancy</li>
		</recipes>
<!--■■■■■■■■■■■■■■■■■■■■ Tools (attack) ■■■■■■■■■■■■■■■■■■■■-->
		<tools>
			<li>
				<label>teeth</label>
				<capacities>
					<li>Bite</li>
				</capacities>
				<power>8</power>
				<cooldownTime>1</cooldownTime>
				<linkedBodyPartsGroup>Teeth</linkedBodyPartsGroup>
			</li>
			<li>
				<label>left claws</label>
				<capacities>
					<li>Scratch</li>
				</capacities>
				<power>6</power>
				<cooldownTime>1</cooldownTime>
				<linkedBodyPartsGroup>LeftHand</linkedBodyPartsGroup>
				<surpriseAttack>
					<extraMeleeDamages>
						<li>
							<def>Stun</def>
							<amount>25</amount>
						</li>
					</extraMeleeDamages>
				</surpriseAttack>
			</li>
			<li>
				<label>right claws</label>
				<capacities>
					<li>Scratch</li>
				</capacities>
				<power>6</power>
				<cooldownTime>1</cooldownTime>
				<linkedBodyPartsGroup>RightHand</linkedBodyPartsGroup>
				<surpriseAttack>
					<extraMeleeDamages>
						<li>
							<def>Stun</def>
							<amount>25</amount>
						</li>
					</extraMeleeDamages>
				</surpriseAttack>
			</li>
		</tools>

		<alienRace>
			<generalSettings>
				<humanRecipeImport>true</humanRecipeImport>
				<maleGenderProbability>0.4</maleGenderProbability>
				<immuneToAge>true</immuneToAge>
<!--■■■■■■■■■■■■■■■■■■■■ Disabled traits ■■■■■■■■■■■■■■■■■■■■-->
				<disallowedTraits>
					<li><defName>Pyromaniac</defName></li>
					<li><defName>Bloodlust</defName></li>
					<li><defName>Nudist</defName></li>
					<li><defName>Psychopath</defName></li>
					<li><defName>Cannibal</defName></li>
					<li><defName>AnnoyingVoice</defName></li>
					<li><defName>CreepyBreathing</defName></li>
					<li><defName>DislikesWomen</defName></li>
					<li><defName>DislikesMen</defName></li>
					<li><defName>Greedy</defName></li>
					<li><defName>Masochist</defName></li>
					<li><defName>Jealous</defName></li>
					<li><defName>Abrasive</defName></li>
					<li><defName>DrugDesire</defName></li>
				</disallowedTraits>
<!--■■■■■■■■■■■■■■■■■■■■ Forced traits ■■■■■■■■■■■■■■■■■■■■-->
				<forcedRaceTraitEntries>
					<li>
						<defName>EEM_Glaceon</defName>
						<chance>100</chance>
					</li>
					<li>
						<defName>NaturalMood</defName>
						<degree>1</degree>
						<chance>50</chance>
					</li>
					<li>
						<defName>NaturalMood</defName>
						<degree>2</degree>
						<chance>25</chance>
					</li>
					<li>
						<defName>Beauty</defName>
						<degree>1</degree>
						<chance>50</chance>
					</li>
					<li>
						<defName>Beauty</defName>
						<degree>2</degree>
						<chance>25</chance>
					</li>
					<li>
						<defName>Kind</defName>
						<chance>15</chance>
					</li>
				</forcedRaceTraitEntries>
<!--■■■■■■■■■■■■■■■■■■■■ Body addons/colorgen ■■■■■■■■■■■■■■■■■■■■-->
				<alienPartGenerator>
				<customDrawSize>(0.8, 0.8)</customDrawSize>
				<customPortraitDrawSize>(0.8, 0.8)</customPortraitDrawSize>
					<headTypes Inherit="False">
						<li>Male_AverageNormal</li>
						<li>Female_AverageNormal</li>
					</headTypes>
					<headOffsetDirectional>
                        <north>(0.0, -0.13)</north>
                        <east>(-0.02,-0.13)</east>
                        <south>(0.0, -0.13)</south>
                        <west>(0.02, -0.13)</west>
                    </headOffsetDirectional>
					<!--Body Type-->
					<bodyTypes>
						<li>Thin</li>
						<li MayRequire="Ludeon.RimWorld.Biotech">Child</li>
						<li MayRequire="Ludeon.RimWorld.Biotech">Baby</li>
					</bodyTypes>
					<!--Ass long list of body addons below-->
					<!--Don't you fucking dare to touch anything here, it's like a fragile pie.-->
					<bodyAddons>
						<!--HAIR FRONT-->
						<li>
							<drawnDesiccated>false</drawnDesiccated>
							<hiddenUnderApparelFor>
							<li>FullHead</li>
							<li>UpperHead</li>
							</hiddenUnderApparelFor>
							<!--<shaderType>Cutout</shaderType>-->
							<drawSize>1</drawSize>
							<scaleWithPawnDrawsize>true</scaleWithPawnDrawsize>
							<path>Glaceon/Hairfront/fhair</path>
							<bodyPart>Head</bodyPart>
							<inFrontOfBody>false</inFrontOfBody>
							<colorChannel>skin</colorChannel>
							<drawnInBed>true</drawnInBed>
							<alignWithHead>true</alignWithHead>
							<offsets>
								<south>
								<layerOffset>-0.326</layerOffset>
									<bodyTypes>
										<Thin>(0,0)</Thin>
										<Child MayRequire="Ludeon.RimWorld.Biotech">(0,0)</Child>
										<Baby MayRequire="Ludeon.RimWorld.Biotech">(0,0)</Baby>
									</bodyTypes>
								</south>
								<north>
								<layerOffset>-0.278</layerOffset>
									<bodyTypes>
										<Thin>(0,0)</Thin>
										<Child MayRequire="Ludeon.RimWorld.Biotech">(0,0)</Child>
										<Baby MayRequire="Ludeon.RimWorld.Biotech">(0,0)</Baby>
									</bodyTypes>
								</north>
								<east>
								<layerOffset>-0.33</layerOffset>
									<bodyTypes>
										<Thin>(0,0)</Thin>
										<Child MayRequire="Ludeon.RimWorld.Biotech">(0,0)</Child>
										<Baby MayRequire="Ludeon.RimWorld.Biotech">(0,0)</Baby>
									</bodyTypes>
								</east>
							</offsets>
						</li>
						<!--FEMALE DECORE-->
						<!--<li>
							<drawnDesiccated>false</drawnDesiccated>
							<drawForMale>false</drawForMale>
							<drawForFemale>true</drawForFemale>
							<hiddenUnderApparelFor>
							<li>FullHead</li>
							<li>UpperHead</li>
							</hiddenUnderApparelFor>
							<drawSize>1</drawSize>
							<scaleWithPawnDrawsize>true</scaleWithPawnDrawsize>
							<path>Glaceon/Femdec/femdec</path>
							<bodyPart>Head</bodyPart>
							<inFrontOfBody>false</inFrontOfBody>
							<colorChannel>skin</colorChannel>
							<drawnInBed>true</drawnInBed>
							<alignWithHead>true</alignWithHead>
							<offsets>
								<south>
								<layerOffset>-0.3261</layerOffset>
									<bodyTypes>
										<Thin>(0,0)</Thin>
										<Child MayRequire="Ludeon.RimWorld.Biotech">(0,0)</Child>
										<Baby MayRequire="Ludeon.RimWorld.Biotech">(0,0)</Baby>
									</bodyTypes>
								</south>
								<north>
								<layerOffset>-0.331</layerOffset>
									<bodyTypes>
										<Thin>(0,0)</Thin>
										<Child MayRequire="Ludeon.RimWorld.Biotech">(0,0)</Child>
										<Baby MayRequire="Ludeon.RimWorld.Biotech">(0,0)</Baby>
									</bodyTypes>
								</north>
								<east>
								<layerOffset>-0.3251</layerOffset>
									<bodyTypes>
										<Thin>(0,0)</Thin>
										<Child MayRequire="Ludeon.RimWorld.Biotech">(0,0)</Child>
										<Baby MayRequire="Ludeon.RimWorld.Biotech">(0,0)</Baby>
									</bodyTypes>
								</east>
							</offsets>
						</li>-->
						<!--HAIR BACK-->
						<li>
							<drawnDesiccated>false</drawnDesiccated>
							<!--<shaderType>Cutout</shaderType>-->
							<drawForMale>true</drawForMale>
							<drawForFemale>true</drawForFemale>
							<hiddenUnderApparelFor>
							<li>FullHead</li>
							</hiddenUnderApparelFor>
							<drawSize>1</drawSize>
							<scaleWithPawnDrawsize>true</scaleWithPawnDrawsize>
							<path>Glaceon/Hairback/Var</path>
							<bodyPart>Head</bodyPart>
							<inFrontOfBody>false</inFrontOfBody>
							<colorChannel>skin</colorChannel>
							<drawnInBed>true</drawnInBed>
							<alignWithHead>true</alignWithHead>
							<offsets>
								<south>
							<layerOffset>0.19</layerOffset>
									<bodyTypes>
										<Thin>(0,0)</Thin>
										<Child MayRequire="Ludeon.RimWorld.Biotech">(0,0)</Child>
										<Baby MayRequire="Ludeon.RimWorld.Biotech">(0,0)</Baby>
									</bodyTypes>
								</south>
								<north>
							<layerOffset>0.33</layerOffset>
									<bodyTypes>
										<Thin>(0,0)</Thin>
										<Child MayRequire="Ludeon.RimWorld.Biotech">(0,0)</Child>
										<Baby MayRequire="Ludeon.RimWorld.Biotech">(0,0)</Baby>
									</bodyTypes>
								</north>
								<east>
							<layerOffset>-0.329</layerOffset>
									<bodyTypes>
										<Thin>(0,0)</Thin>
										<Child MayRequire="Ludeon.RimWorld.Biotech">(0,0)</Child>
										<Baby MayRequire="Ludeon.RimWorld.Biotech">(0,0)</Baby>
									</bodyTypes>
								</east>
								<west>
							<layerOffset>-0.329</layerOffset>
									<bodyTypes>
										<Thin>(0,0)</Thin>
										<Child MayRequire="Ludeon.RimWorld.Biotech">(0,0)</Child>
										<Baby MayRequire="Ludeon.RimWorld.Biotech">(0,0)</Baby>
									</bodyTypes>
								</west>
							</offsets>
						</li>
						<!--TAIL-->
						<li>
							<drawnDesiccated>false</drawnDesiccated>
							<hiddenUnderApparelFor>
								<li>Yanz_Tail</li>
							</hiddenUnderApparelFor>
							<drawSize>1</drawSize>
							<scaleWithPawnDrawsize>true</scaleWithPawnDrawsize>
							<path>Glaceon/Tail/Defaulttail</path>
							<bodyPart>Yanz_Base_Tail</bodyPart>
							<inFrontOfBody>false</inFrontOfBody>
							<colorChannel>skin</colorChannel>
							<drawnInBed>false</drawnInBed>
							<offsets>
								<south>
								<layerOffset>0.195</layerOffset>
									<bodyTypes>
										<Thin>(0,0)</Thin>
										<Child MayRequire="Ludeon.RimWorld.Biotech">(0,0.1)</Child>
										<Baby MayRequire="Ludeon.RimWorld.Biotech">(0,0.1)</Baby>
									</bodyTypes>
								</south>
								<north>
								<layerOffset>0.34</layerOffset>
									<bodyTypes>
										<Thin>(0,0)</Thin>
										<Child MayRequire="Ludeon.RimWorld.Biotech">(0,0.05)</Child>
										<Baby MayRequire="Ludeon.RimWorld.Biotech">(0,0.05)</Baby>
									</bodyTypes>
								</north>
								<east>
								<layerOffset>0</layerOffset>
									<bodyTypes>
										<Thin>(0,0)</Thin>
										<Child MayRequire="Ludeon.RimWorld.Biotech">(0,0.05)</Child>
										<Baby MayRequire="Ludeon.RimWorld.Biotech">(0,0.05)</Baby>
									</bodyTypes>
								</east>
							</offsets>
						</li>
						<!--NOSE-->
						<li>
							<drawnDesiccated>false</drawnDesiccated>
							<hiddenUnderApparelFor>

							</hiddenUnderApparelFor>
							<!--<shaderType>Cutout</shaderType>-->
							<drawSize>1</drawSize>
							<scaleWithPawnDrawsize>true</scaleWithPawnDrawsize>
							<path>Glaceon/Nose/Defaultnose</path>
							<bodyPart>Nose</bodyPart>
							<inFrontOfBody>false</inFrontOfBody>
							<colorChannel>skin</colorChannel>
							<drawnInBed>true</drawnInBed>
							<alignWithHead>true</alignWithHead>
							<offsets>
								<south>
								<layerOffset>-0.325</layerOffset>
									<bodyTypes>
										<Thin>(0,0)</Thin>
										<Child MayRequire="Ludeon.RimWorld.Biotech">(0,0)</Child>
										<Baby MayRequire="Ludeon.RimWorld.Biotech">(0,0)</Baby>
									</bodyTypes>
								</south>
								<north>
								<layerOffset>-0.33</layerOffset>
									<bodyTypes>
										<Thin>(0,0)</Thin>
										<Child MayRequire="Ludeon.RimWorld.Biotech">(0,0)</Child>
										<Baby MayRequire="Ludeon.RimWorld.Biotech">(0,0)</Baby>
									</bodyTypes>
								</north>
								<east>
								<layerOffset>-0.3245</layerOffset>
									<bodyTypes>
										<Thin>(0,0)</Thin>
										<Child MayRequire="Ludeon.RimWorld.Biotech">(0,0)</Child>
										<Baby MayRequire="Ludeon.RimWorld.Biotech">(0,0)</Baby>
									</bodyTypes>
								</east>
							</offsets>
						</li>
						<!--LEFT EYE MALE-->
						<li>
							<drawnDesiccated>false</drawnDesiccated>
							<drawForMale>true</drawForMale>
							<drawForFemale>false</drawForFemale>
							<drawSize>1</drawSize>
							<scaleWithPawnDrawsize>true</scaleWithPawnDrawsize>
							<path>Glaceon/Eye/Male/lefteye</path>
							<bodyPart>Eye</bodyPart>
							<bodyPartLabel>left eye</bodyPartLabel>
							<inFrontOfBody>false</inFrontOfBody>
							<colorChannel>skin</colorChannel>
							<drawnInBed>true</drawnInBed>
							<alignWithHead>true</alignWithHead>
							<offsets>
								<south>
									<layerOffset>-0.325</layerOffset>
									<bodyTypes>
										<Thin>(0,0)</Thin>
										<Child MayRequire="Ludeon.RimWorld.Biotech">(0,0)</Child>
										<Baby MayRequire="Ludeon.RimWorld.Biotech">(0,0)</Baby>
									</bodyTypes>
								</south>
								<north>
									<layerOffset>-0.33</layerOffset>
									<bodyTypes>
										<Thin>(0,0)</Thin>
										<Child MayRequire="Ludeon.RimWorld.Biotech">(0,0)</Child>
										<Baby MayRequire="Ludeon.RimWorld.Biotech">(0,0)</Baby>
									</bodyTypes>
								</north>
								<east>
									<layerOffset>-0.325</layerOffset>
									<bodyTypes>
										<Thin>(0,0)</Thin>
										<Child MayRequire="Ludeon.RimWorld.Biotech">(0,0)</Child>
										<Baby MayRequire="Ludeon.RimWorld.Biotech">(0,0)</Baby>
									</bodyTypes>
								</east>
							</offsets>
						</li>
						<!--LEFT EYE FEMALE-->
						<li>
							<drawnDesiccated>false</drawnDesiccated>
							<drawForMale>false</drawForMale>
							<drawForFemale>true</drawForFemale>
							<drawSize>1</drawSize>
							<scaleWithPawnDrawsize>true</scaleWithPawnDrawsize>
							<path>Glaceon/Eye/Female/lefteye</path>
							<bodyPart>Eye</bodyPart>
							<bodyPartLabel>left eye</bodyPartLabel>
							<inFrontOfBody>false</inFrontOfBody>
							<colorChannel>skin</colorChannel>
							<drawnInBed>true</drawnInBed>
							<alignWithHead>true</alignWithHead>
							<offsets>
								<south>
									<layerOffset>-0.325</layerOffset>
									<bodyTypes>
										<Thin>(0,0)</Thin>
										<Child MayRequire="Ludeon.RimWorld.Biotech">(0,0)</Child>
										<Baby MayRequire="Ludeon.RimWorld.Biotech">(0,0)</Baby>
									</bodyTypes>
								</south>
								<north>
									<layerOffset>-0.33</layerOffset>
									<bodyTypes>
										<Thin>(0,0)</Thin>
										<Child MayRequire="Ludeon.RimWorld.Biotech">(0,0)</Child>
										<Baby MayRequire="Ludeon.RimWorld.Biotech">(0,0)</Baby>
									</bodyTypes>
								</north>
								<east>
									<layerOffset>-0.325</layerOffset>
									<bodyTypes>
										<Thin>(0,0)</Thin>
										<Child MayRequire="Ludeon.RimWorld.Biotech">(0,0)</Child>
										<Baby MayRequire="Ludeon.RimWorld.Biotech">(0,0)</Baby>
									</bodyTypes>
								</east>
							</offsets>
						</li>
						<!--RIGHT EYE MALE-->
						<li>
							<drawnDesiccated>false</drawnDesiccated>
							<drawForMale>true</drawForMale>
							<drawForFemale>false</drawForFemale>
							<drawSize>1</drawSize>
							<scaleWithPawnDrawsize>true</scaleWithPawnDrawsize>
							<path>Glaceon/Eye/Male/righteye</path>
							<bodyPart>Eye</bodyPart>
							<bodyPartLabel>right eye</bodyPartLabel>
							<inFrontOfBody>false</inFrontOfBody>
							<colorChannel>skin</colorChannel>
							<drawnInBed>true</drawnInBed>
							<alignWithHead>true</alignWithHead>
							<offsets>
								<south>
									<layerOffset>-0.325</layerOffset>
									<bodyTypes>
										<Thin>(0,0)</Thin>
										<Child MayRequire="Ludeon.RimWorld.Biotech">(0,0)</Child>
										<Baby MayRequire="Ludeon.RimWorld.Biotech">(0,0)</Baby>
									</bodyTypes>
								</south>
								<north>
									<layerOffset>-0.33</layerOffset>
									<bodyTypes>
										<Thin>(0,0)</Thin>
										<Child MayRequire="Ludeon.RimWorld.Biotech">(0,0)</Child>
										<Baby MayRequire="Ludeon.RimWorld.Biotech">(0,0)</Baby>
									</bodyTypes>
								</north>
								<east>
									<layerOffset>-0.325</layerOffset>
									<bodyTypes>
										<Thin>(0,0)</Thin>
										<Child MayRequire="Ludeon.RimWorld.Biotech">(0,0)</Child>
										<Baby MayRequire="Ludeon.RimWorld.Biotech">(0,0)</Baby>
									</bodyTypes>
								</east>
							</offsets>
						</li>
						<!--RIGHT EYE FEMALE-->
						<li>
							<drawnDesiccated>false</drawnDesiccated>
							<drawForMale>false</drawForMale>
							<drawForFemale>true</drawForFemale>
							<drawSize>1</drawSize>
							<scaleWithPawnDrawsize>true</scaleWithPawnDrawsize>
							<path>Glaceon/Eye/Female/righteye</path>
							<bodyPart>Eye</bodyPart>
							<bodyPartLabel>right eye</bodyPartLabel>
							<inFrontOfBody>false</inFrontOfBody>
							<colorChannel>skin</colorChannel>
							<drawnInBed>true</drawnInBed>
							<alignWithHead>true</alignWithHead>
							<offsets>
								<south>
									<layerOffset>-0.325</layerOffset>
									<bodyTypes>
										<Thin>(0,0)</Thin>
										<Child MayRequire="Ludeon.RimWorld.Biotech">(0,0)</Child>
										<Baby MayRequire="Ludeon.RimWorld.Biotech">(0,0)</Baby>
									</bodyTypes>
								</south>
								<north>
									<layerOffset>-0.33</layerOffset>
									<bodyTypes>
										<Thin>(0,0)</Thin>
										<Child MayRequire="Ludeon.RimWorld.Biotech">(0,0)</Child>
										<Baby MayRequire="Ludeon.RimWorld.Biotech">(0,0)</Baby>
									</bodyTypes>
								</north>
								<east>
									<layerOffset>-0.325</layerOffset>
									<bodyTypes>
										<Thin>(0,0)</Thin>
										<Child MayRequire="Ludeon.RimWorld.Biotech">(0,0)</Child>
										<Baby MayRequire="Ludeon.RimWorld.Biotech">(0,0)</Baby>
									</bodyTypes>
								</east>
							</offsets>
						</li>

						<!--LEFT EAR-->
						<li>
							<drawnDesiccated>false</drawnDesiccated>
							<hiddenUnderApparelFor>

							</hiddenUnderApparelFor>
							<shaderType>Transparent</shaderType>
							<drawSize>1</drawSize>
							<scaleWithPawnDrawsize>true</scaleWithPawnDrawsize>
							<path>Glaceon/Ear/leftear</path>
							<bodyPart>Ear</bodyPart>
							<bodyPartLabel>left ear</bodyPartLabel>
							<inFrontOfBody>false</inFrontOfBody>
							<colorChannel>skin</colorChannel>
							<drawnInBed>true</drawnInBed>
							<alignWithHead>true</alignWithHead>
							<!--<layerOffset>-0.274</layerOffset>-->
							<offsets>
								<south>
									<layerOffset>0.19</layerOffset>
									<bodyTypes>
										<Thin>(0,0)</Thin>
										<Child MayRequire="Ludeon.RimWorld.Biotech">(0,0)</Child>
										<Baby MayRequire="Ludeon.RimWorld.Biotech">(0,0)</Baby>
									</bodyTypes>
								</south>
								<north>
									<layerOffset>0.33</layerOffset>
									<bodyTypes>
										<Thin>(0,0)</Thin>
										<Child MayRequire="Ludeon.RimWorld.Biotech">(0,0)</Child>
										<Baby MayRequire="Ludeon.RimWorld.Biotech">(0,0)</Baby>
									</bodyTypes>
								</north>
								<east>
									<layerOffset>-0.33</layerOffset>
									<bodyTypes>
										<Thin>(0,0)</Thin>
										<Child MayRequire="Ludeon.RimWorld.Biotech">(0,0)</Child>
										<Baby MayRequire="Ludeon.RimWorld.Biotech">(0,0)</Baby>
									</bodyTypes>
								</east>
								<west>
									<layerOffset>0.33</layerOffset>
									<bodyTypes>
										<Thin>(0,0)</Thin>
										<Child MayRequire="Ludeon.RimWorld.Biotech">(0,0)</Child>
										<Baby MayRequire="Ludeon.RimWorld.Biotech">(0,0)</Baby>
									</bodyTypes>
								</west>
							</offsets>
						</li>

						<!--RIGHT EAR-->
						<li>
							<drawnDesiccated>false</drawnDesiccated>
							<hiddenUnderApparelFor>

							</hiddenUnderApparelFor>
							<shaderType>Transparent</shaderType>
							<drawSize>1</drawSize>
							<scaleWithPawnDrawsize>true</scaleWithPawnDrawsize>
							<path>Glaceon/Ear/rightear</path>
							<bodyPart>Ear</bodyPart>
							<bodyPartLabel>right ear</bodyPartLabel>
							<inFrontOfBody>false</inFrontOfBody>
							<colorChannel>skin</colorChannel>
							<drawnInBed>true</drawnInBed>
							<alignWithHead>true</alignWithHead>
							<!--<layerOffset>-0.274</layerOffset>-->
							<offsets>
								<south>
									<layerOffset>0.19</layerOffset>
									<bodyTypes>
										<Thin>(0,0)</Thin>
										<Child MayRequire="Ludeon.RimWorld.Biotech">(0,0)</Child>
										<Baby MayRequire="Ludeon.RimWorld.Biotech">(0,0)</Baby>
									</bodyTypes>
								</south>
								<north>
									<layerOffset>0.33</layerOffset>
									<bodyTypes>
										<Thin>(0,0)</Thin>
										<Child MayRequire="Ludeon.RimWorld.Biotech">(0,0)</Child>
										<Baby MayRequire="Ludeon.RimWorld.Biotech">(0,0)</Baby>
									</bodyTypes>
								</north>
								<east>
									<layerOffset>0.33</layerOffset>
									<bodyTypes>
										<Thin>(0,0)</Thin>
										<Child MayRequire="Ludeon.RimWorld.Biotech">(0,0)</Child>
										<Baby MayRequire="Ludeon.RimWorld.Biotech">(0,0)</Baby>
									</bodyTypes>
								</east>
								<west>
									<layerOffset>-0.35</layerOffset>
									<bodyTypes>
										<Thin>(0,0)</Thin>
										<Child MayRequire="Ludeon.RimWorld.Biotech">(0,0)</Child>
										<Baby MayRequire="Ludeon.RimWorld.Biotech">(0,0)</Baby>
									</bodyTypes>
								</west>
							</offsets>
						</li>

					</bodyAddons>
					<!--HAIR COLOR-->
					<colorChannels>
						<li>
							<name>hair</name>
							<first Class="AlienRace.ColorGenerator_CustomAlienChannel">
								<colorChannel>skin_1</colorChannel>
							</first>
							<second Class="ColorGenerator_Options">
								<options>
									<li>
										<weight>10</weight>
										<only>RGBA(0.500, 1.000, 0.000, 1.000)</only>
									</li>
								</options>
							</second>
						</li>

						<!--FUR COLOR-->
						<li>
							<name>skin</name>
							<first Class="ColorGenerator_Options">
								<options>
									<!--Standard Glaceon (NO COLOR CHANGES BECAUSE 255)-->
									<li>
										<weight>1</weight>
										<only>RGBA(255,255,255,255)</only>
									</li>
									<!--Saladish-->
									<li>
										<weight>0.2</weight>
										<only>RGBA(244,255,222,255)</only>
									</li>
									<!--Purple-->
									<li>
										<weight>1</weight>
										<only>RGBA(255,211,255,255)</only>
									</li>
									<!--Blue-->
									<li>
										<weight>1</weight>
										<only>RGBA(61,134,175,255)</only>
									</li>
								</options>
							</first>
							<!--EYE COLOR-->
							<second Class="ColorGenerator_Options">
								<options>
									<!--Brown-->
									<li>
										<weight>1</weight>
										<only>RGBA(255,255,255,255</only>
									</li>
								</options>
							</second>
						</li>
					</colorChannels>

				</alienPartGenerator>
			</generalSettings>

			<graphicPaths>
					<body>Glaceon/Body/</body>
					<head>Glaceon/Head/</head>
			</graphicPaths>
			<styleSettings>
		        <li>
                    <key>BeardDef</key>
                    <value>
						<hasStyle>false</hasStyle>
					</value>
				</li>
                <li>
                    <key>HairDef</key>
                    <value>
                        <hasStyle>false</hasStyle>
                    </value>
                </li>
				<li>
				<key>TattooDef</key>
					<value>
						<hasStyle>false</hasStyle>
					</value>
				</li>
			</styleSettings>
			<thoughtSettings>
				<cannotReceiveThoughts>
					<!--Food thoughts (Glaceon cannot recieve bufs and debufs from eating human meat and bad food in general)-->
					<li>AteWithoutTable</li>
					<li>AteRawFood</li>
					<li>AteKibble</li>
					<li>AteCorpse</li>
					<li>AteHumanlikeMeatDirect</li>
					<li>AteHumanlikeMeatAsIngredient</li>
					<li>AteInsectMeatDirect</li>
					<li>AteInsectMeatAsIngredient</li>
					<!-- Other thoughts -->
					<li>SleptOnGround</li>
					<li>NeedOutdoors</li>
					<li>SharedBed</li>
					<li>Naked</li>
				</cannotReceiveThoughts>
			</thoughtSettings>
			
			<raceRestriction>
			<!--DNA-->
			<onlyHaveRaceRestrictedGenes>true</onlyHaveRaceRestrictedGenes>
				<blackGeneList >
                    <li MayRequire="Ludeon.RimWorld.Biotech">Brow_Heavy</li>
                    <li MayRequire="Ludeon.RimWorld.Biotech">FacialRidges</li>
                </blackGeneList>
                <blackGeneTags>
                    <li MayRequire="Ludeon.RimWorld.Biotech">SkinColor</li>
                    <li MayRequire="Ludeon.RimWorld.Biotech">HairColor</li>
                    <li MayRequire="Ludeon.RimWorld.Biotech">EyeColor</li>
                    <li MayRequire="Ludeon.RimWorld.Biotech">BodyType</li>
                    <li MayRequire="Ludeon.RimWorld.Biotech">Ears</li>
                    <li MayRequire="Ludeon.RimWorld.Biotech">Nose</li>
                    <li MayRequire="Ludeon.RimWorld.Biotech">Jaw</li>
                    <li MayRequire="Ludeon.RimWorld.Biotech">Head</li>
                    <li MayRequire="Ludeon.RimWorld.Biotech">Headbone</li>
                    <li MayRequire="Ludeon.RimWorld.Biotech">HairStyle</li>
                    <li MayRequire="Ludeon.RimWorld.Biotech">BeardStyle</li>
                    <li MayRequire="Ludeon.RimWorld.Biotech">SkinColorOverride</li>
                    <li MayRequire="Ludeon.RimWorld.Biotech">Fur</li>
                    <li MayRequire="Ludeon.RimWorld.Biotech">Tail</li>
                </blackGeneTags>
                <blackEndoCategories>
                    <li MayRequire="Ludeon.RimWorld.Biotech">Melanin</li>
                    <li MayRequire="Ludeon.RimWorld.Biotech">HairColor</li>
                    <li MayRequire="Ludeon.RimWorld.Biotech">Ears</li>
                    <li MayRequire="Ludeon.RimWorld.Biotech">Nose</li>
                    <li MayRequire="Ludeon.RimWorld.Biotech">Jaw</li>
                    <li MayRequire="Ludeon.RimWorld.Biotech">Head</li>
                    <li MayRequire="Ludeon.RimWorld.Biotech">BodyType</li>
                </blackEndoCategories>
				<whiteGeneList>
				<li MayRequire="Ludeon.RimWorld.Biotech">Genetical_Industries_BasicGene</li>
				<li MayRequire="Ludeon.RimWorld.Biotech">YZRCM_Gene_Glaceon</li>
				</whiteGeneList>
				<recipeList>
				</recipeList>
				<!--XENOTYPES-->
				<onlyUseRaceRestrictedXenotypes MayRequire="Ludeon.RimWorld.Biotech">true</onlyUseRaceRestrictedXenotypes>
				<!--<whiteXenotypeList>
				</whiteXenotypeList>-->
				<xenotypeList MayRequire="Ludeon.RimWorld.Biotech">
					<li>YZRCM_GlaceonXenotype</li>
				</xenotypeList>
				</raceRestriction>

			<relationSettings>
			</relationSettings>

		</alienRace>

	</AlienRace.ThingDef_AlienRace>
</Defs>