﻿<?xml version="1.0" encoding="utf-8"?>
<ModMetaData>
<name>Gardevoir - Fairy Pokemon [1.4]</name>
<author>Yanzihko</author>
<packageId>yanzihko.GFP</packageId>
<supportedVersions>
		<li>1.4</li>
</supportedVersions>
<description>
	
Gardevoir is originally a race of genetically-engineered companions with high psychic sensivity and developed social intellect. However, due to aggressive and unpredictive political climate on their home glitterworld, Gardevoirs to their own surprise have found themselves a citizens right before elections to boost the votes of one of the parties. Enjoying the benefits of freedom, many have decided to emmigrate at countless commercial vessels as far away as possible, reaching even the farthest rimworlds. Gardevoir is an advanced variation of xenohumans with a precisely tuned genome that becomes highly unstable outside of very short range of acceptable parameters. Technically they even can be considered an alien species. Their modification is impossible outside of advanced Glitterworld facilities and without source Genome templates.

Support me at Boosty: https://boosty.to/yanzihko
</description>
	<modDependencies>
		<li>
			<packageId>erdelf.HumanoidAlienRaces</packageId>
			<displayName>Humanoid Alien Races 2.0</displayName>
			<steamWorkshopUrl>steam://url/CommunityFilePage/839005762</steamWorkshopUrl>
		</li>
		<li>
			<packageId>yanzihko.YZRCM</packageId>
			<displayName>Yanzihko's Races - Core Module [YZRCM][1.4]</displayName>
			<steamWorkshopUrl>steam://url/CommunityFilePage/3005787388</steamWorkshopUrl>
		</li>
	</modDependencies>
</ModMetaData>