﻿<?xml version="1.0" encoding="utf-8" ?>
<Defs>

  <PawnKindDef Abstract="True" Name="BaseFressalfarPawnKind">
    <race>Fressalfar</race>
	<backstoryFiltersOverride>
        <li>
            <categories>
                <li>501_U_Fressalfar_BackstoriesChildhood</li>
				<li>501_U_Fressalfar_BackstoriesAdulthood</li>
            </categories>
        </li>
    </backstoryFiltersOverride>
    <combatPower>30</combatPower>
    <isFighter>false</isFighter>
    <apparelIgnoreSeasons>true</apparelIgnoreSeasons>
    <forceNormalGearQuality>true</forceNormalGearQuality>
  </PawnKindDef>

  <PawnKindDef ParentName="BaseFressalfarPawnKind">
    <defName>FressalfarTribalPawn</defName>
    <label>member</label>
    <race>Fressalfar</race>
    <defaultFactionType>PlayerFressalfarTribal</defaultFactionType>
    <apparelTags>
      <li>Neolithic</li>
    </apparelTags>
    <apparelMoney>200~1200</apparelMoney>
    <backstoryCryptosleepCommonality>1</backstoryCryptosleepCommonality>
    <initialWillRange>1~3</initialWillRange>
    <initialResistanceRange>10~15</initialResistanceRange>
  </PawnKindDef>
  
  <PawnKindDef ParentName="BaseFressalfarPawnKind">
    <defName>FressalfarIndustrialPawn</defName>
    <label>member</label>
    <race>Fressalfar</race>
    <defaultFactionType>PlayerFressalfarIndustrial</defaultFactionType>
    <apparelTags>
      <li>Industrial</li>
    </apparelTags>
    <apparelMoney>200~2000</apparelMoney>
    <backstoryCryptosleepCommonality>1</backstoryCryptosleepCommonality>
    <initialWillRange>1~3</initialWillRange>
    <initialResistanceRange>10~15</initialResistanceRange>
  </PawnKindDef>

</Defs>
