<?xml version="1.0" encoding="utf-8" ?>
<!-- These patches adds Tigris PawnKinds to all base game encounters, 
	 with 20% of the weighting of the equivalent Human PawnKinds -->

<Patch>
	<!-- Pirates -->
	<!-- Pirate raid 1; 100 commonality, ranged with melee mix-ins -->
	<Operation Class="PatchOperationAdd">
	<xpath>*/FactionDef[defName="Pirate"]/pawnGroupMakers/li[1]/options</xpath>
	<value>
        <Tigris_Drifter>2</Tigris_Drifter>
		<Tigris_Thrasher>0.6</Tigris_Thrasher>
        <Tigris_Scavenger>2</Tigris_Scavenger>
        <Tigris_Pirate>2</Tigris_Pirate>
        <Tigris_Grenadier_EMP>0.1</Tigris_Grenadier_EMP>
        <Tigris_Grenadier_Destructive>0.4</Tigris_Grenadier_Destructive>
        <Tigris_Mercenary_Gunner>2</Tigris_Mercenary_Gunner>
        <Tigris_Mercenary_Heavy>1.2</Tigris_Mercenary_Heavy>
        <Tigris_Mercenary_Slasher>0.6</Tigris_Mercenary_Slasher>
        <Tigris_Mercenary_Sniper>1.4</Tigris_Mercenary_Sniper>
        <Tigris_Mercenary_Elite>2</Tigris_Mercenary_Elite>
        <Tigris_PirateBoss>1</Tigris_PirateBoss>
	</value>
	</Operation>

	<!-- Pirate raid 2; 30 commonality, melee only -->
	<Operation Class="PatchOperationAdd">
	<xpath>*/FactionDef[defName="Pirate"]/pawnGroupMakers/li[2]/options</xpath>
	<value>
        <Tigris_Thrasher>2</Tigris_Thrasher>
        <Tigris_Mercenary_Slasher>2</Tigris_Mercenary_Slasher>
        <Tigris_PirateBoss>1</Tigris_PirateBoss>
	</value>
	</Operation>

	<!-- Pirate raid 3; 20 commonality, ranged only -->
	<Operation Class="PatchOperationAdd">
	<xpath>*/FactionDef[defName="Pirate"]/pawnGroupMakers/li[3]/options</xpath>
	<value>
		<Tigris_Scavenger>2.0</Tigris_Scavenger>
		<Tigris_Pirate>2.0</Tigris_Pirate>
		<Tigris_Grenadier_EMP>0.05</Tigris_Grenadier_EMP>
		<Tigris_Grenadier_Smoke>0.05</Tigris_Grenadier_Smoke>
		<Tigris_Grenadier_Destructive>0.4</Tigris_Grenadier_Destructive>
		<Tigris_Mercenary_Gunner>2.0</Tigris_Mercenary_Gunner>
		<Tigris_Mercenary_Heavy>1.2</Tigris_Mercenary_Heavy>
		<Tigris_Mercenary_Sniper>1.4</Tigris_Mercenary_Sniper>
		<Tigris_Mercenary_Elite>2.0</Tigris_Mercenary_Elite>
		<Tigris_PirateBoss>1.0</Tigris_PirateBoss>
	</value>
	</Operation>

	<!-- Pirate raid 4; 15 commonality, explosives with ranged mix-ins -->
	<Operation Class="PatchOperationAdd">
	<xpath>*/FactionDef[defName="Pirate"]/pawnGroupMakers/li[4]/options</xpath>
	<value>
        <Tigris_Grenadier_EMP>0.2</Tigris_Grenadier_EMP>
        <Tigris_Grenadier_Destructive>2</Tigris_Grenadier_Destructive>
        <Tigris_Mercenary_Gunner>0.2</Tigris_Mercenary_Gunner>
        <Tigris_Mercenary_Heavy>2</Tigris_Mercenary_Heavy>
        <Tigris_Mercenary_Elite>0.2</Tigris_Mercenary_Elite>
        <Tigris_PirateBoss>0.2</Tigris_PirateBoss>
	</value>
	</Operation>

	<!-- Pirate raid 5; 10 commonality, snipers only -->
	<Operation Class="PatchOperationAdd">
	<xpath>*/FactionDef[defName="Pirate"]/pawnGroupMakers/li[5]/options</xpath>
	<value>
        <Tigris_Mercenary_Sniper>2</Tigris_Mercenary_Sniper>
	</value>
	</Operation>

	<!-- Pirate raid 6; 2.5 commonality, drifters only -->
	<Operation Class="PatchOperationAdd">
	<xpath>*/FactionDef[defName="Pirate"]/pawnGroupMakers/li[6]/options</xpath>
	<value>
        <Tigris_Drifter>2</Tigris_Drifter>
	</value>
	</Operation>

	<!-- Pirate Settlement; mainly ranged with melee mix-ins -->
	<Operation Class="PatchOperationAdd">
	<xpath>*/FactionDef[defName="Pirate"]/pawnGroupMakers/li[7]/options</xpath>
	<value>
        <Tigris_Thrasher>0.6</Tigris_Thrasher>
        <Tigris_Pirate>2</Tigris_Pirate>
        <Tigris_Grenadier_Destructive>0.4</Tigris_Grenadier_Destructive>
		<Tigris_Mercenary_Slasher>0.6</Tigris_Mercenary_Slasher>
		<Tigris_Mercenary_Sniper>2</Tigris_Mercenary_Sniper>
		<Tigris_Mercenary_Gunner>2</Tigris_Mercenary_Gunner>
		<Tigris_Mercenary_Elite>2</Tigris_Mercenary_Elite>
        <Tigris_PirateBoss>2</Tigris_PirateBoss>
	</value>
	</Operation>
	
	<!-- Outlander -->
	<!-- Outlander Raid; standard mix -->
	<Operation Class="PatchOperationAdd">
	<xpath>*/FactionDef[@Name="OutlanderFactionBase"]/pawnGroupMakers/li[1]/options</xpath>
	<value>
        <Tigris_Villager>1</Tigris_Villager>
        <Tigris_Town_Guard>2</Tigris_Town_Guard>
        <Tigris_Grenadier_Destructive>0.3</Tigris_Grenadier_Destructive>
		<Tigris_Mercenary_Slasher>1.4</Tigris_Mercenary_Slasher>
		<Tigris_Mercenary_Gunner>2</Tigris_Mercenary_Gunner>
		<Tigris_Mercenary_Elite>2</Tigris_Mercenary_Elite>
        <Tigris_Town_Councilman>2</Tigris_Town_Councilman>
	</value>
	</Operation>
	
	<!-- Outlander Peaceful -->
	<Operation Class="PatchOperationAdd">
	<xpath>*/FactionDef[@Name="OutlanderFactionBase"]/pawnGroupMakers/li[2]/options</xpath>
	<value>
        <Tigris_Villager>4</Tigris_Villager>
        <Tigris_Town_Guard>2</Tigris_Town_Guard>
        <Tigris_Town_Councilman>2</Tigris_Town_Councilman>
	</value>
	</Operation>

	<!-- Outlander Traders -->
	<Operation Class="PatchOperationAdd">
	<xpath>*/FactionDef[@Name="OutlanderFactionBase"]/pawnGroupMakers/li[3]/guards</xpath>
	<value>
        <Tigris_Villager>0.6</Tigris_Villager>
        <Tigris_Town_Guard>2</Tigris_Town_Guard>
        <Tigris_Grenadier_Destructive>0.3</Tigris_Grenadier_Destructive>
        <Tigris_Mercenary_Slasher>1.4</Tigris_Mercenary_Slasher>
        <Tigris_Mercenary_Gunner>2</Tigris_Mercenary_Gunner>
		<Tigris_Mercenary_Elite>2</Tigris_Mercenary_Elite>
	</value>
	</Operation>

	<Operation Class="PatchOperationAdd">
	<xpath>*/FactionDef[@Name="OutlanderFactionBase"]/pawnGroupMakers/li[3]/traders</xpath>
	<value>
        <Tigris_Town_Trader>0.2</Tigris_Town_Trader>
	</value>
	</Operation>

	<Operation Class="PatchOperationAdd">
	<xpath>*/FactionDef[@Name="OutlanderFactionBase"]/pawnGroupMakers/li[4]/options</xpath>
	<value>
		<Tigris_Villager>2</Tigris_Villager>
        <Tigris_Town_Guard>2</Tigris_Town_Guard>
        <Tigris_Grenadier_Destructive>0.3</Tigris_Grenadier_Destructive>
		<Tigris_Mercenary_Slasher>1.4</Tigris_Mercenary_Slasher>
        <Tigris_Mercenary_Gunner>2</Tigris_Mercenary_Gunner>
        <Tigris_Mercenary_Elite>2</Tigris_Mercenary_Elite>
        <Tigris_Town_Councilman>2</Tigris_Town_Councilman>
	</value>
	</Operation>

	<!-- Villager -->
	<!-- Villager Raid 1; 100 commonality, ranged with melee mix-ins -->
	<Operation Class="PatchOperationAdd">
	<xpath>*/FactionDef[@Name="TribeBase"]/pawnGroupMakers/li[1]/options</xpath>
	<value>
        <Tigris_Tribal_Penitent>1</Tigris_Tribal_Penitent>
        <Tigris_Tribal_Warrior>1</Tigris_Tribal_Warrior>
        <Tigris_Tribal_Archer>2</Tigris_Tribal_Archer>
        <Tigris_Tribal_Hunter>2</Tigris_Tribal_Hunter>
        <Tigris_Tribal_HeavyArcher>2</Tigris_Tribal_HeavyArcher>
        <Tigris_Tribal_Berserker>1</Tigris_Tribal_Berserker>
        <Tigris_Tribal_ChiefRanged>0.6</Tigris_Tribal_ChiefRanged>
        <Tigris_Tribal_ChiefMelee>0.3</Tigris_Tribal_ChiefMelee>
	</value>
	</Operation>

	<!-- Villager Raid 2; 60 commonality, ranged only -->
	<Operation Class="PatchOperationAdd">
	<xpath>*/FactionDef[@Name="TribeBase"]/pawnGroupMakers/li[2]/options</xpath>
	<value>
        <Tigris_Tribal_Archer>2</Tigris_Tribal_Archer>
        <Tigris_Tribal_Hunter>2</Tigris_Tribal_Hunter>
        <Tigris_Tribal_HeavyArcher>2</Tigris_Tribal_HeavyArcher>
        <Tigris_Tribal_ChiefRanged>1</Tigris_Tribal_ChiefRanged>
	</value>
	</Operation>

	<!-- Villager Raid 3; 60 commonality, melee only -->
	<Operation Class="PatchOperationAdd">
	<xpath>*/FactionDef[@Name="TribeBase"]/pawnGroupMakers/li[3]/options</xpath>
	<value>
        <Tigris_Tribal_Penitent>2</Tigris_Tribal_Penitent>
        <Tigris_Tribal_Warrior>2</Tigris_Tribal_Warrior>
        <Tigris_Tribal_Berserker>2</Tigris_Tribal_Berserker>
        <Tigris_Tribal_ChiefMelee>1</Tigris_Tribal_ChiefMelee>
	</value>
	</Operation>

	<!-- Villager Peaceful -->
	<Operation Class="PatchOperationAdd">
	<xpath>*/FactionDef[@Name="TribeBase"]/pawnGroupMakers/li[5]/options</xpath>
	<value>
        <Tigris_Tribal_Warrior>4</Tigris_Tribal_Warrior>
        <Tigris_Tribal_Archer>2</Tigris_Tribal_Archer>
        <Tigris_Tribal_Hunter>2</Tigris_Tribal_Hunter>
        <Tigris_Tribal_HeavyArcher>2</Tigris_Tribal_HeavyArcher>
        <Tigris_Tribal_Berserker>1</Tigris_Tribal_Berserker>
        <Tigris_Tribal_ChiefRanged>0.6</Tigris_Tribal_ChiefRanged>
        <Tigris_Tribal_ChiefMelee>0.3</Tigris_Tribal_ChiefMelee>
	</value>
	</Operation>

	<!-- Villager Traders -->
	<Operation Class="PatchOperationAdd">
	<xpath>*/FactionDef[@Name="TribeBase"]/pawnGroupMakers/li[6]/guards</xpath>
	<value>
        <Tigris_Tribal_Warrior>1.4</Tigris_Tribal_Warrior>
        <Tigris_Tribal_Archer>2</Tigris_Tribal_Archer>
        <Tigris_Tribal_Hunter>2</Tigris_Tribal_Hunter>
        <Tigris_Tribal_HeavyArcher>2</Tigris_Tribal_HeavyArcher>
        <Tigris_Tribal_Berserker>1.4</Tigris_Tribal_Berserker>
	</value>
	</Operation>

	<Operation Class="PatchOperationAdd">
	<xpath>*/FactionDef[@Name="TribeBase"]/pawnGroupMakers/li[6]/traders</xpath>
	<value>
        <Tigris_Tribal_Trader>0.2</Tigris_Tribal_Trader>
	</value>
	</Operation>

	<!-- Settlement -->

	<Operation Class="PatchOperationAdd">
	<xpath>*/FactionDef[@Name="TribeBase"]/pawnGroupMakers/li[7]/options</xpath>
	<value>
          <Tigris_Tribal_Warrior>1.4</Tigris_Tribal_Warrior>
          <Tigris_Tribal_Archer>2</Tigris_Tribal_Archer>
          <Tigris_Tribal_Hunter>2</Tigris_Tribal_Hunter>
          <Tigris_Tribal_HeavyArcher>2</Tigris_Tribal_HeavyArcher>
          <Tigris_Tribal_Berserker>1.4</Tigris_Tribal_Berserker>
          <Tigris_Tribal_ChiefRanged>2</Tigris_Tribal_ChiefRanged>
	</value>
	</Operation>

</Patch>