<?xml version="1.0" encoding="utf-8" ?>
<!-- These patches adds Cheetah PawnKinds to all base game encounters, 
	 with 20% of the weighting of the equivalent Human PawnKinds -->

<Patch>
	<!-- Pirates -->
	<!-- Pirate raid 1; 100 commonality, ranged with melee mix-ins -->
	<Operation Class="PatchOperationAdd">
	<xpath>*/FactionDef[defName="Pirate"]/pawnGroupMakers/li[1]/options</xpath>
	<value>
        <Cheetah_Drifter>2</Cheetah_Drifter>
		<Cheetah_Thrasher>0.6</Cheetah_Thrasher>
        <Cheetah_Scavenger>2</Cheetah_Scavenger>
        <Cheetah_Pirate>2</Cheetah_Pirate>
        <Cheetah_Grenadier_EMP>0.1</Cheetah_Grenadier_EMP>
        <Cheetah_Grenadier_Destructive>0.4</Cheetah_Grenadier_Destructive>
        <Cheetah_Mercenary_Gunner>2</Cheetah_Mercenary_Gunner>
        <Cheetah_Mercenary_Heavy>1.2</Cheetah_Mercenary_Heavy>
        <Cheetah_Mercenary_Slasher>0.6</Cheetah_Mercenary_Slasher>
        <Cheetah_Mercenary_Sniper>1.4</Cheetah_Mercenary_Sniper>
        <Cheetah_Mercenary_Elite>2</Cheetah_Mercenary_Elite>
        <Cheetah_PirateBoss>1</Cheetah_PirateBoss>
	</value>
	</Operation>

	<!-- Pirate raid 2; 30 commonality, melee only -->
	<Operation Class="PatchOperationAdd">
	<xpath>*/FactionDef[defName="Pirate"]/pawnGroupMakers/li[2]/options</xpath>
	<value>
        <Cheetah_Thrasher>2</Cheetah_Thrasher>
        <Cheetah_Mercenary_Slasher>2</Cheetah_Mercenary_Slasher>
        <Cheetah_PirateBoss>1</Cheetah_PirateBoss>
	</value>
	</Operation>

	<!-- Pirate raid 3; 20 commonality, ranged only -->
	<Operation Class="PatchOperationAdd">
	<xpath>*/FactionDef[defName="Pirate"]/pawnGroupMakers/li[3]/options</xpath>
	<value>
		<Cheetah_Scavenger>2.0</Cheetah_Scavenger>
		<Cheetah_Pirate>2.0</Cheetah_Pirate>
		<Cheetah_Grenadier_EMP>0.05</Cheetah_Grenadier_EMP>
		<Cheetah_Grenadier_Smoke>0.05</Cheetah_Grenadier_Smoke>
		<Cheetah_Grenadier_Destructive>0.4</Cheetah_Grenadier_Destructive>
		<Cheetah_Mercenary_Gunner>2.0</Cheetah_Mercenary_Gunner>
		<Cheetah_Mercenary_Heavy>1.2</Cheetah_Mercenary_Heavy>
		<Cheetah_Mercenary_Sniper>1.4</Cheetah_Mercenary_Sniper>
		<Cheetah_Mercenary_Elite>2.0</Cheetah_Mercenary_Elite>
		<Cheetah_PirateBoss>1.0</Cheetah_PirateBoss>
	</value>
	</Operation>

	<!-- Pirate raid 4; 15 commonality, explosives with ranged mix-ins -->
	<Operation Class="PatchOperationAdd">
	<xpath>*/FactionDef[defName="Pirate"]/pawnGroupMakers/li[4]/options</xpath>
	<value>
        <Cheetah_Grenadier_EMP>0.2</Cheetah_Grenadier_EMP>
        <Cheetah_Grenadier_Destructive>2</Cheetah_Grenadier_Destructive>
        <Cheetah_Mercenary_Gunner>0.2</Cheetah_Mercenary_Gunner>
        <Cheetah_Mercenary_Heavy>2</Cheetah_Mercenary_Heavy>
        <Cheetah_Mercenary_Elite>0.2</Cheetah_Mercenary_Elite>
        <Cheetah_PirateBoss>0.2</Cheetah_PirateBoss>
	</value>
	</Operation>

	<!-- Pirate raid 5; 10 commonality, snipers only -->
	<Operation Class="PatchOperationAdd">
	<xpath>*/FactionDef[defName="Pirate"]/pawnGroupMakers/li[5]/options</xpath>
	<value>
        <Cheetah_Mercenary_Sniper>2</Cheetah_Mercenary_Sniper>
	</value>
	</Operation>

	<!-- Pirate raid 6; 2.5 commonality, drifters only -->
	<Operation Class="PatchOperationAdd">
	<xpath>*/FactionDef[defName="Pirate"]/pawnGroupMakers/li[6]/options</xpath>
	<value>
        <Cheetah_Drifter>2</Cheetah_Drifter>
	</value>
	</Operation>

	<!-- Pirate Settlement; mainly ranged with melee mix-ins -->
	<Operation Class="PatchOperationAdd">
	<xpath>*/FactionDef[defName="Pirate"]/pawnGroupMakers/li[7]/options</xpath>
	<value>
        <Cheetah_Thrasher>0.6</Cheetah_Thrasher>
        <Cheetah_Pirate>2</Cheetah_Pirate>
        <Cheetah_Grenadier_Destructive>0.4</Cheetah_Grenadier_Destructive>
		<Cheetah_Mercenary_Slasher>0.6</Cheetah_Mercenary_Slasher>
		<Cheetah_Mercenary_Sniper>2</Cheetah_Mercenary_Sniper>
		<Cheetah_Mercenary_Gunner>2</Cheetah_Mercenary_Gunner>
		<Cheetah_Mercenary_Elite>2</Cheetah_Mercenary_Elite>
        <Cheetah_PirateBoss>2</Cheetah_PirateBoss>
	</value>
	</Operation>
	
	<!-- Outlander -->
	<!-- Outlander Raid; standard mix -->
	<Operation Class="PatchOperationAdd">
	<xpath>*/FactionDef[@Name="OutlanderFactionBase"]/pawnGroupMakers/li[1]/options</xpath>
	<value>
        <Cheetah_Villager>1</Cheetah_Villager>
        <Cheetah_Town_Guard>2</Cheetah_Town_Guard>
        <Cheetah_Grenadier_Destructive>0.3</Cheetah_Grenadier_Destructive>
		<Cheetah_Mercenary_Slasher>1.4</Cheetah_Mercenary_Slasher>
		<Cheetah_Mercenary_Gunner>2</Cheetah_Mercenary_Gunner>
		<Cheetah_Mercenary_Elite>2</Cheetah_Mercenary_Elite>
        <Cheetah_Town_Councilman>2</Cheetah_Town_Councilman>
	</value>
	</Operation>
	
	<!-- Outlander Peaceful -->
	<Operation Class="PatchOperationAdd">
	<xpath>*/FactionDef[@Name="OutlanderFactionBase"]/pawnGroupMakers/li[2]/options</xpath>
	<value>
        <Cheetah_Villager>4</Cheetah_Villager>
        <Cheetah_Town_Guard>2</Cheetah_Town_Guard>
        <Cheetah_Town_Councilman>2</Cheetah_Town_Councilman>
	</value>
	</Operation>

	<!-- Outlander Traders -->
	<Operation Class="PatchOperationAdd">
	<xpath>*/FactionDef[@Name="OutlanderFactionBase"]/pawnGroupMakers/li[3]/guards</xpath>
	<value>
        <Cheetah_Villager>0.6</Cheetah_Villager>
        <Cheetah_Town_Guard>2</Cheetah_Town_Guard>
        <Cheetah_Grenadier_Destructive>0.3</Cheetah_Grenadier_Destructive>
        <Cheetah_Mercenary_Slasher>1.4</Cheetah_Mercenary_Slasher>
        <Cheetah_Mercenary_Gunner>2</Cheetah_Mercenary_Gunner>
		<Cheetah_Mercenary_Elite>2</Cheetah_Mercenary_Elite>
	</value>
	</Operation>

	<Operation Class="PatchOperationAdd">
	<xpath>*/FactionDef[@Name="OutlanderFactionBase"]/pawnGroupMakers/li[3]/traders</xpath>
	<value>
        <Cheetah_Town_Trader>0.2</Cheetah_Town_Trader>
	</value>
	</Operation>

	<Operation Class="PatchOperationAdd">
	<xpath>*/FactionDef[@Name="OutlanderFactionBase"]/pawnGroupMakers/li[4]/options</xpath>
	<value>
		<Cheetah_Villager>2</Cheetah_Villager>
        <Cheetah_Town_Guard>2</Cheetah_Town_Guard>
        <Cheetah_Grenadier_Destructive>0.3</Cheetah_Grenadier_Destructive>
		<Cheetah_Mercenary_Slasher>1.4</Cheetah_Mercenary_Slasher>
        <Cheetah_Mercenary_Gunner>2</Cheetah_Mercenary_Gunner>
        <Cheetah_Mercenary_Elite>2</Cheetah_Mercenary_Elite>
        <Cheetah_Town_Councilman>2</Cheetah_Town_Councilman>
	</value>
	</Operation>

	<!-- Villager -->
	<!-- Villager Raid 1; 100 commonality, ranged with melee mix-ins -->
	<Operation Class="PatchOperationAdd">
	<xpath>*/FactionDef[@Name="TribeBase"]/pawnGroupMakers/li[1]/options</xpath>
	<value>
        <Cheetah_Tribal_Penitent>1</Cheetah_Tribal_Penitent>
        <Cheetah_Tribal_Warrior>1</Cheetah_Tribal_Warrior>
        <Cheetah_Tribal_Archer>2</Cheetah_Tribal_Archer>
        <Cheetah_Tribal_Hunter>2</Cheetah_Tribal_Hunter>
        <Cheetah_Tribal_HeavyArcher>2</Cheetah_Tribal_HeavyArcher>
        <Cheetah_Tribal_Berserker>1</Cheetah_Tribal_Berserker>
        <Cheetah_Tribal_ChiefRanged>0.6</Cheetah_Tribal_ChiefRanged>
        <Cheetah_Tribal_ChiefMelee>0.3</Cheetah_Tribal_ChiefMelee>
	</value>
	</Operation>

	<!-- Villager Raid 2; 60 commonality, ranged only -->
	<Operation Class="PatchOperationAdd">
	<xpath>*/FactionDef[@Name="TribeBase"]/pawnGroupMakers/li[2]/options</xpath>
	<value>
        <Cheetah_Tribal_Archer>2</Cheetah_Tribal_Archer>
        <Cheetah_Tribal_Hunter>2</Cheetah_Tribal_Hunter>
        <Cheetah_Tribal_HeavyArcher>2</Cheetah_Tribal_HeavyArcher>
        <Cheetah_Tribal_ChiefRanged>1</Cheetah_Tribal_ChiefRanged>
	</value>
	</Operation>

	<!-- Villager Raid 3; 60 commonality, melee only -->
	<Operation Class="PatchOperationAdd">
	<xpath>*/FactionDef[@Name="TribeBase"]/pawnGroupMakers/li[3]/options</xpath>
	<value>
        <Cheetah_Tribal_Penitent>2</Cheetah_Tribal_Penitent>
        <Cheetah_Tribal_Warrior>2</Cheetah_Tribal_Warrior>
        <Cheetah_Tribal_Berserker>2</Cheetah_Tribal_Berserker>
        <Cheetah_Tribal_ChiefMelee>1</Cheetah_Tribal_ChiefMelee>
	</value>
	</Operation>

	<!-- Villager Peaceful -->
	<Operation Class="PatchOperationAdd">
	<xpath>*/FactionDef[@Name="TribeBase"]/pawnGroupMakers/li[5]/options</xpath>
	<value>
        <Cheetah_Tribal_Warrior>4</Cheetah_Tribal_Warrior>
        <Cheetah_Tribal_Archer>2</Cheetah_Tribal_Archer>
        <Cheetah_Tribal_Hunter>2</Cheetah_Tribal_Hunter>
        <Cheetah_Tribal_HeavyArcher>2</Cheetah_Tribal_HeavyArcher>
        <Cheetah_Tribal_Berserker>1</Cheetah_Tribal_Berserker>
        <Cheetah_Tribal_ChiefRanged>0.6</Cheetah_Tribal_ChiefRanged>
        <Cheetah_Tribal_ChiefMelee>0.3</Cheetah_Tribal_ChiefMelee>
	</value>
	</Operation>

	<!-- Villager Traders -->
	<Operation Class="PatchOperationAdd">
	<xpath>*/FactionDef[@Name="TribeBase"]/pawnGroupMakers/li[6]/guards</xpath>
	<value>
        <Cheetah_Tribal_Warrior>1.4</Cheetah_Tribal_Warrior>
        <Cheetah_Tribal_Archer>2</Cheetah_Tribal_Archer>
        <Cheetah_Tribal_Hunter>2</Cheetah_Tribal_Hunter>
        <Cheetah_Tribal_HeavyArcher>2</Cheetah_Tribal_HeavyArcher>
        <Cheetah_Tribal_Berserker>1.4</Cheetah_Tribal_Berserker>
	</value>
	</Operation>

	<Operation Class="PatchOperationAdd">
	<xpath>*/FactionDef[@Name="TribeBase"]/pawnGroupMakers/li[6]/traders</xpath>
	<value>
        <Cheetah_Tribal_Trader>0.2</Cheetah_Tribal_Trader>
	</value>
	</Operation>

	<!-- Settlement -->

	<Operation Class="PatchOperationAdd">
	<xpath>*/FactionDef[@Name="TribeBase"]/pawnGroupMakers/li[7]/options</xpath>
	<value>
          <Cheetah_Tribal_Warrior>1.4</Cheetah_Tribal_Warrior>
          <Cheetah_Tribal_Archer>2</Cheetah_Tribal_Archer>
          <Cheetah_Tribal_Hunter>2</Cheetah_Tribal_Hunter>
          <Cheetah_Tribal_HeavyArcher>2</Cheetah_Tribal_HeavyArcher>
          <Cheetah_Tribal_Berserker>1.4</Cheetah_Tribal_Berserker>
          <Cheetah_Tribal_ChiefRanged>2</Cheetah_Tribal_ChiefRanged>
	</value>
	</Operation>

</Patch>