<?xml version="1.0" encoding="utf-8" ?>
<!-- These patches adds Jaguar PawnKinds to all base game encounters, 
	 with 20% of the weighting of the equivalent Human PawnKinds -->

<Patch>
	<!-- Pirates -->
	<!-- Pirate raid 1; 100 commonality, ranged with melee mix-ins -->
	<Operation Class="PatchOperationAdd">
	<xpath>*/FactionDef[defName="Pirate"]/pawnGroupMakers/li[1]/options</xpath>
	<value>
        <Jaguar_Drifter>2</Jaguar_Drifter>
		<Jaguar_Thrasher>0.6</Jaguar_Thrasher>
        <Jaguar_Scavenger>2</Jaguar_Scavenger>
        <Jaguar_Pirate>2</Jaguar_Pirate>
        <Jaguar_Grenadier_EMP>0.1</Jaguar_Grenadier_EMP>
        <Jaguar_Grenadier_Destructive>0.4</Jaguar_Grenadier_Destructive>
        <Jaguar_Mercenary_Gunner>2</Jaguar_Mercenary_Gunner>
        <Jaguar_Mercenary_Heavy>1.2</Jaguar_Mercenary_Heavy>
        <Jaguar_Mercenary_Slasher>0.6</Jaguar_Mercenary_Slasher>
        <Jaguar_Mercenary_Sniper>1.4</Jaguar_Mercenary_Sniper>
        <Jaguar_Mercenary_Elite>2</Jaguar_Mercenary_Elite>
        <Jaguar_PirateBoss>1</Jaguar_PirateBoss>
	</value>
	</Operation>

	<!-- Pirate raid 2; 30 commonality, melee only -->
	<Operation Class="PatchOperationAdd">
	<xpath>*/FactionDef[defName="Pirate"]/pawnGroupMakers/li[2]/options</xpath>
	<value>
        <Jaguar_Thrasher>2</Jaguar_Thrasher>
        <Jaguar_Mercenary_Slasher>2</Jaguar_Mercenary_Slasher>
        <Jaguar_PirateBoss>1</Jaguar_PirateBoss>
	</value>
	</Operation>

	<!-- Pirate raid 3; 20 commonality, ranged only -->
	<Operation Class="PatchOperationAdd">
	<xpath>*/FactionDef[defName="Pirate"]/pawnGroupMakers/li[3]/options</xpath>
	<value>
		<Jaguar_Scavenger>2.0</Jaguar_Scavenger>
		<Jaguar_Pirate>2.0</Jaguar_Pirate>
		<Jaguar_Grenadier_EMP>0.05</Jaguar_Grenadier_EMP>
		<Jaguar_Grenadier_Smoke>0.05</Jaguar_Grenadier_Smoke>
		<Jaguar_Grenadier_Destructive>0.4</Jaguar_Grenadier_Destructive>
		<Jaguar_Mercenary_Gunner>2.0</Jaguar_Mercenary_Gunner>
		<Jaguar_Mercenary_Heavy>1.2</Jaguar_Mercenary_Heavy>
		<Jaguar_Mercenary_Sniper>1.4</Jaguar_Mercenary_Sniper>
		<Jaguar_Mercenary_Elite>2.0</Jaguar_Mercenary_Elite>
		<Jaguar_PirateBoss>1.0</Jaguar_PirateBoss>
	</value>
	</Operation>

	<!-- Pirate raid 4; 15 commonality, explosives with ranged mix-ins -->
	<Operation Class="PatchOperationAdd">
	<xpath>*/FactionDef[defName="Pirate"]/pawnGroupMakers/li[4]/options</xpath>
	<value>
        <Jaguar_Grenadier_EMP>0.2</Jaguar_Grenadier_EMP>
        <Jaguar_Grenadier_Destructive>2</Jaguar_Grenadier_Destructive>
        <Jaguar_Mercenary_Gunner>0.2</Jaguar_Mercenary_Gunner>
        <Jaguar_Mercenary_Heavy>2</Jaguar_Mercenary_Heavy>
        <Jaguar_Mercenary_Elite>0.2</Jaguar_Mercenary_Elite>
        <Jaguar_PirateBoss>0.2</Jaguar_PirateBoss>
	</value>
	</Operation>

	<!-- Pirate raid 5; 10 commonality, snipers only -->
	<Operation Class="PatchOperationAdd">
	<xpath>*/FactionDef[defName="Pirate"]/pawnGroupMakers/li[5]/options</xpath>
	<value>
        <Jaguar_Mercenary_Sniper>2</Jaguar_Mercenary_Sniper>
	</value>
	</Operation>

	<!-- Pirate raid 6; 2.5 commonality, drifters only -->
	<Operation Class="PatchOperationAdd">
	<xpath>*/FactionDef[defName="Pirate"]/pawnGroupMakers/li[6]/options</xpath>
	<value>
        <Jaguar_Drifter>2</Jaguar_Drifter>
	</value>
	</Operation>

	<!-- Pirate Settlement; mainly ranged with melee mix-ins -->
	<Operation Class="PatchOperationAdd">
	<xpath>*/FactionDef[defName="Pirate"]/pawnGroupMakers/li[7]/options</xpath>
	<value>
        <Jaguar_Thrasher>0.6</Jaguar_Thrasher>
        <Jaguar_Pirate>2</Jaguar_Pirate>
        <Jaguar_Grenadier_Destructive>0.4</Jaguar_Grenadier_Destructive>
		<Jaguar_Mercenary_Slasher>0.6</Jaguar_Mercenary_Slasher>
		<Jaguar_Mercenary_Sniper>2</Jaguar_Mercenary_Sniper>
		<Jaguar_Mercenary_Gunner>2</Jaguar_Mercenary_Gunner>
		<Jaguar_Mercenary_Elite>2</Jaguar_Mercenary_Elite>
        <Jaguar_PirateBoss>2</Jaguar_PirateBoss>
	</value>
	</Operation>
	
	<!-- Outlander -->
	<!-- Outlander Raid; standard mix -->
	<Operation Class="PatchOperationAdd">
	<xpath>*/FactionDef[@Name="OutlanderFactionBase"]/pawnGroupMakers/li[1]/options</xpath>
	<value>
        <Jaguar_Villager>1</Jaguar_Villager>
        <Jaguar_Town_Guard>2</Jaguar_Town_Guard>
        <Jaguar_Grenadier_Destructive>0.3</Jaguar_Grenadier_Destructive>
		<Jaguar_Mercenary_Slasher>1.4</Jaguar_Mercenary_Slasher>
		<Jaguar_Mercenary_Gunner>2</Jaguar_Mercenary_Gunner>
		<Jaguar_Mercenary_Elite>2</Jaguar_Mercenary_Elite>
        <Jaguar_Town_Councilman>2</Jaguar_Town_Councilman>
	</value>
	</Operation>
	
	<!-- Outlander Peaceful -->
	<Operation Class="PatchOperationAdd">
	<xpath>*/FactionDef[@Name="OutlanderFactionBase"]/pawnGroupMakers/li[2]/options</xpath>
	<value>
        <Jaguar_Villager>4</Jaguar_Villager>
        <Jaguar_Town_Guard>2</Jaguar_Town_Guard>
        <Jaguar_Town_Councilman>2</Jaguar_Town_Councilman>
	</value>
	</Operation>

	<!-- Outlander Traders -->
	<Operation Class="PatchOperationAdd">
	<xpath>*/FactionDef[@Name="OutlanderFactionBase"]/pawnGroupMakers/li[3]/guards</xpath>
	<value>
        <Jaguar_Villager>0.6</Jaguar_Villager>
        <Jaguar_Town_Guard>2</Jaguar_Town_Guard>
        <Jaguar_Grenadier_Destructive>0.3</Jaguar_Grenadier_Destructive>
        <Jaguar_Mercenary_Slasher>1.4</Jaguar_Mercenary_Slasher>
        <Jaguar_Mercenary_Gunner>2</Jaguar_Mercenary_Gunner>
		<Jaguar_Mercenary_Elite>2</Jaguar_Mercenary_Elite>
	</value>
	</Operation>

	<Operation Class="PatchOperationAdd">
	<xpath>*/FactionDef[@Name="OutlanderFactionBase"]/pawnGroupMakers/li[3]/traders</xpath>
	<value>
        <Jaguar_Town_Trader>0.2</Jaguar_Town_Trader>
	</value>
	</Operation>

	<Operation Class="PatchOperationAdd">
	<xpath>*/FactionDef[@Name="OutlanderFactionBase"]/pawnGroupMakers/li[4]/options</xpath>
	<value>
		<Jaguar_Villager>2</Jaguar_Villager>
        <Jaguar_Town_Guard>2</Jaguar_Town_Guard>
        <Jaguar_Grenadier_Destructive>0.3</Jaguar_Grenadier_Destructive>
		<Jaguar_Mercenary_Slasher>1.4</Jaguar_Mercenary_Slasher>
        <Jaguar_Mercenary_Gunner>2</Jaguar_Mercenary_Gunner>
        <Jaguar_Mercenary_Elite>2</Jaguar_Mercenary_Elite>
        <Jaguar_Town_Councilman>2</Jaguar_Town_Councilman>
	</value>
	</Operation>

	<!-- Villager -->
	<!-- Villager Raid 1; 100 commonality, ranged with melee mix-ins -->
	<Operation Class="PatchOperationAdd">
	<xpath>*/FactionDef[@Name="TribeBase"]/pawnGroupMakers/li[1]/options</xpath>
	<value>
        <Jaguar_Tribal_Penitent>1</Jaguar_Tribal_Penitent>
        <Jaguar_Tribal_Warrior>1</Jaguar_Tribal_Warrior>
        <Jaguar_Tribal_Archer>2</Jaguar_Tribal_Archer>
        <Jaguar_Tribal_Hunter>2</Jaguar_Tribal_Hunter>
        <Jaguar_Tribal_HeavyArcher>2</Jaguar_Tribal_HeavyArcher>
        <Jaguar_Tribal_Berserker>1</Jaguar_Tribal_Berserker>
        <Jaguar_Tribal_ChiefRanged>0.6</Jaguar_Tribal_ChiefRanged>
        <Jaguar_Tribal_ChiefMelee>0.3</Jaguar_Tribal_ChiefMelee>
	</value>
	</Operation>

	<!-- Villager Raid 2; 60 commonality, ranged only -->
	<Operation Class="PatchOperationAdd">
	<xpath>*/FactionDef[@Name="TribeBase"]/pawnGroupMakers/li[2]/options</xpath>
	<value>
        <Jaguar_Tribal_Archer>2</Jaguar_Tribal_Archer>
        <Jaguar_Tribal_Hunter>2</Jaguar_Tribal_Hunter>
        <Jaguar_Tribal_HeavyArcher>2</Jaguar_Tribal_HeavyArcher>
        <Jaguar_Tribal_ChiefRanged>1</Jaguar_Tribal_ChiefRanged>
	</value>
	</Operation>

	<!-- Villager Raid 3; 60 commonality, melee only -->
	<Operation Class="PatchOperationAdd">
	<xpath>*/FactionDef[@Name="TribeBase"]/pawnGroupMakers/li[3]/options</xpath>
	<value>
        <Jaguar_Tribal_Penitent>2</Jaguar_Tribal_Penitent>
        <Jaguar_Tribal_Warrior>2</Jaguar_Tribal_Warrior>
        <Jaguar_Tribal_Berserker>2</Jaguar_Tribal_Berserker>
        <Jaguar_Tribal_ChiefMelee>1</Jaguar_Tribal_ChiefMelee>
	</value>
	</Operation>

	<!-- Villager Peaceful -->
	<Operation Class="PatchOperationAdd">
	<xpath>*/FactionDef[@Name="TribeBase"]/pawnGroupMakers/li[5]/options</xpath>
	<value>
        <Jaguar_Tribal_Warrior>4</Jaguar_Tribal_Warrior>
        <Jaguar_Tribal_Archer>2</Jaguar_Tribal_Archer>
        <Jaguar_Tribal_Hunter>2</Jaguar_Tribal_Hunter>
        <Jaguar_Tribal_HeavyArcher>2</Jaguar_Tribal_HeavyArcher>
        <Jaguar_Tribal_Berserker>1</Jaguar_Tribal_Berserker>
        <Jaguar_Tribal_ChiefRanged>0.6</Jaguar_Tribal_ChiefRanged>
        <Jaguar_Tribal_ChiefMelee>0.3</Jaguar_Tribal_ChiefMelee>
	</value>
	</Operation>

	<!-- Villager Traders -->
	<Operation Class="PatchOperationAdd">
	<xpath>*/FactionDef[@Name="TribeBase"]/pawnGroupMakers/li[6]/guards</xpath>
	<value>
        <Jaguar_Tribal_Warrior>1.4</Jaguar_Tribal_Warrior>
        <Jaguar_Tribal_Archer>2</Jaguar_Tribal_Archer>
        <Jaguar_Tribal_Hunter>2</Jaguar_Tribal_Hunter>
        <Jaguar_Tribal_HeavyArcher>2</Jaguar_Tribal_HeavyArcher>
        <Jaguar_Tribal_Berserker>1.4</Jaguar_Tribal_Berserker>
	</value>
	</Operation>

	<Operation Class="PatchOperationAdd">
	<xpath>*/FactionDef[@Name="TribeBase"]/pawnGroupMakers/li[6]/traders</xpath>
	<value>
        <Jaguar_Tribal_Trader>0.2</Jaguar_Tribal_Trader>
	</value>
	</Operation>

	<!-- Settlement -->

	<Operation Class="PatchOperationAdd">
	<xpath>*/FactionDef[@Name="TribeBase"]/pawnGroupMakers/li[7]/options</xpath>
	<value>
          <Jaguar_Tribal_Warrior>1.4</Jaguar_Tribal_Warrior>
          <Jaguar_Tribal_Archer>2</Jaguar_Tribal_Archer>
          <Jaguar_Tribal_Hunter>2</Jaguar_Tribal_Hunter>
          <Jaguar_Tribal_HeavyArcher>2</Jaguar_Tribal_HeavyArcher>
          <Jaguar_Tribal_Berserker>1.4</Jaguar_Tribal_Berserker>
          <Jaguar_Tribal_ChiefRanged>2</Jaguar_Tribal_ChiefRanged>
	</value>
	</Operation>

</Patch>