<?xml version="1.0" encoding="utf-8" ?>

<!--■■■■■■■■■■■■■■■■■■■■ KISALFAR ■■■■■■■■■■■■■■■■■■■■-->
<Patch>
<Operation Class="PatchOperationFindMod">
	<mods>
        <li>Kisalfar and Fressálfar - Lost Project [1.4]</li>
    </mods>
	<match Class="PatchOperationReplace">
        <xpath>Defs/AlienRace.ThingDef_AlienRace[defName="Kisalfar"]/statBases</xpath>
        <value>
<!--■■■■■■■■■■■■■■■■■■■■ Bio Stats ■■■■■■■■■■■■■■■■■■■■-->
		<statBases>
			<PawnBeauty>1</PawnBeauty>
			<CarryingCapacity>75</CarryingCapacity>
			<PainShockThreshold>1</PainShockThreshold>
			<MarketValue>2000</MarketValue>
			<MoveSpeed>5</MoveSpeed>
			<Mass>50</Mass>
			<ImmunityGainSpeed>1</ImmunityGainSpeed>
			<ComfyTemperatureMin>10</ComfyTemperatureMin>
			<ComfyTemperatureMax>25</ComfyTemperatureMax>
			<LeatherAmount>75</LeatherAmount>
			<MeatAmount>140</MeatAmount>
<!--■■■■■■■■■■■■■■■■■■■■ Skills ■■■■■■■■■■■■■■■■■■■■-->
			<WorkSpeedGlobal>1.1</WorkSpeedGlobal>
			<ResearchSpeed>1.75</ResearchSpeed>
			<GlobalLearningFactor>1.35</GlobalLearningFactor>
			<PsychicSensitivity>1.1</PsychicSensitivity>
			<MiningSpeed>0.8</MiningSpeed>
			<SocialImpact>1.5</SocialImpact>
			<ConstructionSpeed>1</ConstructionSpeed>
			<AnimalGatherSpeed>1</AnimalGatherSpeed>
			<AnimalGatherYield>1</AnimalGatherYield>
			<ShootingAccuracyPawn>1</ShootingAccuracyPawn>
		</statBases>
        </value>
    </match>
</Operation>

<Operation Class="PatchOperationFindMod">
	<mods>
        <li>Kisalfar and Fressálfar - Lost Project [1.4]</li>
    </mods>
	<match Class="PatchOperationReplace">
        <xpath>Defs/AlienRace.ThingDef_AlienRace[defName="Kisalfar"]/race/baseBodySize</xpath>
        <value>
			<baseBodySize>0.9</baseBodySize>
        </value>
    </match>
</Operation>

<Operation Class="PatchOperationFindMod">
	<mods>
        <li>Kisalfar and Fressálfar - Lost Project [1.4]</li>
    </mods>
	<match Class="PatchOperationReplace">
        <xpath>Defs/AlienRace.ThingDef_AlienRace[defName="Kisalfar"]/race/baseHealthScale</xpath>
        <value>
			<baseHealthScale>1</baseHealthScale>
        </value>
    </match>
</Operation>

<Operation Class="PatchOperationFindMod">
	<mods>
        <li>Kisalfar and Fressálfar - Lost Project [1.4]</li>
    </mods>
	<match Class="PatchOperationReplace">
        <xpath>Defs/AlienRace.ThingDef_AlienRace[defName="Kisalfar"]/race/baseHungerRate</xpath>
        <value>
			<baseHungerRate>1.6</baseHungerRate>
        </value>
    </match>
</Operation>

<!--■■■■■■■■■■■■■■■■■■■■ FRESSALFAR ■■■■■■■■■■■■■■■■■■■■-->
<Operation Class="PatchOperationFindMod">
	<mods>
        <li>Kisalfar and Fressálfar - Lost Project [1.4]</li>
    </mods>
	<match Class="PatchOperationReplace">
        <xpath>Defs/AlienRace.ThingDef_AlienRace[defName="Fressalfar"]/statBases</xpath>
        <value>
<!--■■■■■■■■■■■■■■■■■■■■ Bio Stats ■■■■■■■■■■■■■■■■■■■■-->
		<statBases>
			<PawnBeauty>2</PawnBeauty>
			<CarryingCapacity>75</CarryingCapacity>
			<PainShockThreshold>1.1</PainShockThreshold>
			<MarketValue>3000</MarketValue>
			<MoveSpeed>7</MoveSpeed>
			<Mass>55</Mass>
			<ImmunityGainSpeed>1.1</ImmunityGainSpeed>
			<ComfyTemperatureMin>10</ComfyTemperatureMin>
			<ComfyTemperatureMax>25</ComfyTemperatureMax>
			<LeatherAmount>75</LeatherAmount>
			<MeatAmount>140</MeatAmount>
<!--■■■■■■■■■■■■■■■■■■■■ Skills ■■■■■■■■■■■■■■■■■■■■-->
			<WorkSpeedGlobal>1.1</WorkSpeedGlobal>
			<ResearchSpeed>2</ResearchSpeed>
			<GlobalLearningFactor>1.5</GlobalLearningFactor>
			<PsychicSensitivity>1.1</PsychicSensitivity>
			<MiningSpeed>1</MiningSpeed>
			<SocialImpact>0.8</SocialImpact>
			<ConstructionSpeed>1.1</ConstructionSpeed>
			<AnimalGatherSpeed>1</AnimalGatherSpeed>
			<AnimalGatherYield>1</AnimalGatherYield>
			<ShootingAccuracyPawn>1.1</ShootingAccuracyPawn>
		</statBases>
        </value>
    </match>
</Operation>

<Operation Class="PatchOperationFindMod">
	<mods>
        <li>Kisalfar and Fressálfar - Lost Project [1.4]</li>
    </mods>
	<match Class="PatchOperationReplace">
        <xpath>Defs/AlienRace.ThingDef_AlienRace[defName="Fressalfar"]/race/baseBodySize</xpath>
        <value>
			<baseBodySize>1</baseBodySize>
        </value>
    </match>
</Operation>

<Operation Class="PatchOperationFindMod">
	<mods>
        <li>Kisalfar and Fressálfar - Lost Project [1.4]</li>
    </mods>
	<match Class="PatchOperationReplace">
        <xpath>Defs/AlienRace.ThingDef_AlienRace[defName="Fressalfar"]/race/baseHealthScale</xpath>
        <value>
			<baseHealthScale>1.5</baseHealthScale>
        </value>
    </match>
</Operation>

<Operation Class="PatchOperationFindMod">
	<mods>
        <li>Kisalfar and Fressálfar - Lost Project [1.4]</li>
    </mods>
	<match Class="PatchOperationReplace">
        <xpath>Defs/AlienRace.ThingDef_AlienRace[defName="Fressalfar"]/race/baseHungerRate</xpath>
        <value>
			<baseHungerRate>2</baseHungerRate>
        </value>
    </match>
</Operation>
</Patch>