<?xml version="1.0" encoding="utf-8" ?>

<!--■■■■■■■■■■■■■■■■■■■■ Vaporeon ■■■■■■■■■■■■■■■■■■■■-->
<Patch>
<Operation Class="PatchOperationFindMod">
	<mods>
        <li>Vaporeon - Water Pokemon [1.4]</li>
    </mods>
	<match Class="PatchOperationReplace">
        <xpath>Defs/AlienRace.ThingDef_AlienRace[defName="Vaporeon"]/statBases</xpath>
        <value>
<!--■■■■■■■■■■■■■■■■■■■■ Bio Stats ■■■■■■■■■■■■■■■■■■■■-->
		<statBases>
			<PawnBeauty>2</PawnBeauty>
			<CarryingCapacity>75</CarryingCapacity>
			<PainShockThreshold>0.8</PainShockThreshold>
			<MarketValue>5000</MarketValue>
			<MoveSpeed>5</MoveSpeed>
			<Mass>50</Mass>
			<ImmunityGainSpeed>1.1</ImmunityGainSpeed>
			<ComfyTemperatureMin>10</ComfyTemperatureMin>
			<ComfyTemperatureMax>26</ComfyTemperatureMax>
			<LeatherAmount>75</LeatherAmount>
			<MeatAmount>140</MeatAmount>
<!--■■■■■■■■■■■■■■■■■■■■ Skills ■■■■■■■■■■■■■■■■■■■■-->
			<WorkSpeedGlobal>1</WorkSpeedGlobal>
			<ResearchSpeed>1</ResearchSpeed>
			<GlobalLearningFactor>1</GlobalLearningFactor>
			<PsychicSensitivity>1</PsychicSensitivity>
			<MiningSpeed>1.5</MiningSpeed>
			<SocialImpact>1</SocialImpact>
			<ConstructionSpeed>1</ConstructionSpeed>
			<AnimalGatherSpeed>1</AnimalGatherSpeed>
			<AnimalGatherYield>1</AnimalGatherYield>
			<ShootingAccuracyPawn>1</ShootingAccuracyPawn>
		</statBases>
        </value>
    </match>
</Operation>

<Operation Class="PatchOperationFindMod">
	<mods>
        <li>Vaporeon - Water Pokemon [1.4]</li>
    </mods>
	<match Class="PatchOperationReplace">
        <xpath>Defs/AlienRace.ThingDef_AlienRace[defName="Vaporeon"]/race/baseBodySize</xpath>
        <value>
			<baseBodySize>0.8</baseBodySize>
        </value>
    </match>
</Operation>

<Operation Class="PatchOperationFindMod">
	<mods>
        <li>Vaporeon - Water Pokemon [1.4]</li>
    </mods>
	<match Class="PatchOperationReplace">
        <xpath>Defs/AlienRace.ThingDef_AlienRace[defName="Vaporeon"]/race/baseHealthScale</xpath>
        <value>
			<baseHealthScale>0.8</baseHealthScale>
        </value>
    </match>
</Operation>

<Operation Class="PatchOperationFindMod">
	<mods>
        <li>Vaporeon - Water Pokemon [1.4]</li>
    </mods>
	<match Class="PatchOperationReplace">
        <xpath>Defs/AlienRace.ThingDef_AlienRace[defName="Vaporeon"]/race/baseHungerRate</xpath>
        <value>
			<baseHungerRate>1.3</baseHungerRate>
        </value>
    </match>
</Operation>
</Patch>