﻿<?xml version="1.0" encoding="utf-8"?>
<ModMetaData>
<name>Meowstic - Mystic Pokemon [1.4]</name>
<author>Yanzihko</author>
<packageId>yanzihko.MMP</packageId>
<supportedVersions>
		<li>1.4</li>
</supportedVersions>
<description>
	
Meowstics are a genetically engineered type of xenohuman created by an eccentric group of Glitterworld scientists. They are specifically coded to have moderately high psychic capabilities in order to allow them to passively read the surface emotions and intentions of those around them. However this level of genetic engineering renders them less physically capable and hardy than most other xenohumans. Meowstic is an advanced variation of xenohumans with a precisely tuned genome that becomes highly unstable outside of very short range of acceptable parameters. Technically they even can be considered an alien species. Their modification is impossible outside of advanced Glitterworld facilities and without source Genome templates.

Support me at Boosty: https://boosty.to/yanzihko
</description>
	<modDependencies>
		<li>
			<packageId>erdelf.HumanoidAlienRaces</packageId>
			<displayName>Humanoid Alien Races 2.0</displayName>
			<steamWorkshopUrl>steam://url/CommunityFilePage/839005762</steamWorkshopUrl>
		</li>
		<li>
			<packageId>yanzihko.YZRCM</packageId>
			<displayName>Yanzihko's Races - Core Module [YZRCM][1.4]</displayName>
			<steamWorkshopUrl>steam://url/CommunityFilePage/3005787388</steamWorkshopUrl>
		</li>
	</modDependencies>
</ModMetaData>