<?xml version="1.0" encoding="utf-8" ?>
<!-- These patches adds Leafeon PawnKinds to all base game encounters, 
	 with 20% of the weighting of the equivalent Human PawnKinds -->

<Patch>
	<!-- Pirates -->
	<!-- Pirate raid 1; 100 commonality, ranged with melee mix-ins -->
	<Operation Class="PatchOperationAdd">
	<xpath>*/FactionDef[defName="Pirate"]/pawnGroupMakers/li[1]/options</xpath>
	<value>
        <Leafeon_Drifter>2</Leafeon_Drifter>
		<Leafeon_Thrasher>0.6</Leafeon_Thrasher>
        <Leafeon_Scavenger>2</Leafeon_Scavenger>
        <Leafeon_Pirate>2</Leafeon_Pirate>
        <Leafeon_Grenadier_EMP>0.1</Leafeon_Grenadier_EMP>
        <Leafeon_Grenadier_Destructive>0.4</Leafeon_Grenadier_Destructive>
        <Leafeon_Mercenary_Gunner>2</Leafeon_Mercenary_Gunner>
        <Leafeon_Mercenary_Heavy>1.2</Leafeon_Mercenary_Heavy>
        <Leafeon_Mercenary_Slasher>0.6</Leafeon_Mercenary_Slasher>
        <Leafeon_Mercenary_Sniper>1.4</Leafeon_Mercenary_Sniper>
        <Leafeon_Mercenary_Elite>2</Leafeon_Mercenary_Elite>
        <Leafeon_PirateBoss>1</Leafeon_PirateBoss>
	</value>
	</Operation>

	<!-- Pirate raid 2; 30 commonality, melee only -->
	<Operation Class="PatchOperationAdd">
	<xpath>*/FactionDef[defName="Pirate"]/pawnGroupMakers/li[2]/options</xpath>
	<value>
        <Leafeon_Thrasher>2</Leafeon_Thrasher>
        <Leafeon_Mercenary_Slasher>2</Leafeon_Mercenary_Slasher>
        <Leafeon_PirateBoss>1</Leafeon_PirateBoss>
	</value>
	</Operation>

	<!-- Pirate raid 3; 20 commonality, ranged only -->
	<Operation Class="PatchOperationAdd">
	<xpath>*/FactionDef[defName="Pirate"]/pawnGroupMakers/li[3]/options</xpath>
	<value>
		<Leafeon_Scavenger>2.0</Leafeon_Scavenger>
		<Leafeon_Pirate>2.0</Leafeon_Pirate>
		<Leafeon_Grenadier_EMP>0.05</Leafeon_Grenadier_EMP>
		<Leafeon_Grenadier_Smoke>0.05</Leafeon_Grenadier_Smoke>
		<Leafeon_Grenadier_Destructive>0.4</Leafeon_Grenadier_Destructive>
		<Leafeon_Mercenary_Gunner>2.0</Leafeon_Mercenary_Gunner>
		<Leafeon_Mercenary_Heavy>1.2</Leafeon_Mercenary_Heavy>
		<Leafeon_Mercenary_Sniper>1.4</Leafeon_Mercenary_Sniper>
		<Leafeon_Mercenary_Elite>2.0</Leafeon_Mercenary_Elite>
		<Leafeon_PirateBoss>1.0</Leafeon_PirateBoss>
	</value>
	</Operation>

	<!-- Pirate raid 4; 15 commonality, explosives with ranged mix-ins -->
	<Operation Class="PatchOperationAdd">
	<xpath>*/FactionDef[defName="Pirate"]/pawnGroupMakers/li[4]/options</xpath>
	<value>
        <Leafeon_Grenadier_EMP>0.2</Leafeon_Grenadier_EMP>
        <Leafeon_Grenadier_Destructive>2</Leafeon_Grenadier_Destructive>
        <Leafeon_Mercenary_Gunner>0.2</Leafeon_Mercenary_Gunner>
        <Leafeon_Mercenary_Heavy>2</Leafeon_Mercenary_Heavy>
        <Leafeon_Mercenary_Elite>0.2</Leafeon_Mercenary_Elite>
        <Leafeon_PirateBoss>0.2</Leafeon_PirateBoss>
	</value>
	</Operation>

	<!-- Pirate raid 5; 10 commonality, snipers only -->
	<Operation Class="PatchOperationAdd">
	<xpath>*/FactionDef[defName="Pirate"]/pawnGroupMakers/li[5]/options</xpath>
	<value>
        <Leafeon_Mercenary_Sniper>2</Leafeon_Mercenary_Sniper>
	</value>
	</Operation>

	<!-- Pirate raid 6; 2.5 commonality, drifters only -->
	<Operation Class="PatchOperationAdd">
	<xpath>*/FactionDef[defName="Pirate"]/pawnGroupMakers/li[6]/options</xpath>
	<value>
        <Leafeon_Drifter>2</Leafeon_Drifter>
	</value>
	</Operation>

	<!-- Pirate Settlement; mainly ranged with melee mix-ins -->
	<Operation Class="PatchOperationAdd">
	<xpath>*/FactionDef[defName="Pirate"]/pawnGroupMakers/li[7]/options</xpath>
	<value>
        <Leafeon_Thrasher>0.6</Leafeon_Thrasher>
        <Leafeon_Pirate>2</Leafeon_Pirate>
        <Leafeon_Grenadier_Destructive>0.4</Leafeon_Grenadier_Destructive>
		<Leafeon_Mercenary_Slasher>0.6</Leafeon_Mercenary_Slasher>
		<Leafeon_Mercenary_Sniper>2</Leafeon_Mercenary_Sniper>
		<Leafeon_Mercenary_Gunner>2</Leafeon_Mercenary_Gunner>
		<Leafeon_Mercenary_Elite>2</Leafeon_Mercenary_Elite>
        <Leafeon_PirateBoss>2</Leafeon_PirateBoss>
	</value>
	</Operation>
	
	<!-- Outlander -->
	<!-- Outlander Raid; standard mix -->
	<Operation Class="PatchOperationAdd">
	<xpath>*/FactionDef[@Name="OutlanderFactionBase"]/pawnGroupMakers/li[1]/options</xpath>
	<value>
        <Leafeon_Villager>1</Leafeon_Villager>
        <Leafeon_Town_Guard>2</Leafeon_Town_Guard>
        <Leafeon_Grenadier_Destructive>0.3</Leafeon_Grenadier_Destructive>
		<Leafeon_Mercenary_Slasher>1.4</Leafeon_Mercenary_Slasher>
		<Leafeon_Mercenary_Gunner>2</Leafeon_Mercenary_Gunner>
		<Leafeon_Mercenary_Elite>2</Leafeon_Mercenary_Elite>
        <Leafeon_Town_Councilman>2</Leafeon_Town_Councilman>
	</value>
	</Operation>
	
	<!-- Outlander Peaceful -->
	<Operation Class="PatchOperationAdd">
	<xpath>*/FactionDef[@Name="OutlanderFactionBase"]/pawnGroupMakers/li[2]/options</xpath>
	<value>
        <Leafeon_Villager>4</Leafeon_Villager>
        <Leafeon_Town_Guard>2</Leafeon_Town_Guard>
        <Leafeon_Town_Councilman>2</Leafeon_Town_Councilman>
	</value>
	</Operation>

	<!-- Outlander Traders -->
	<Operation Class="PatchOperationAdd">
	<xpath>*/FactionDef[@Name="OutlanderFactionBase"]/pawnGroupMakers/li[3]/guards</xpath>
	<value>
        <Leafeon_Villager>0.6</Leafeon_Villager>
        <Leafeon_Town_Guard>2</Leafeon_Town_Guard>
        <Leafeon_Grenadier_Destructive>0.3</Leafeon_Grenadier_Destructive>
        <Leafeon_Mercenary_Slasher>1.4</Leafeon_Mercenary_Slasher>
        <Leafeon_Mercenary_Gunner>2</Leafeon_Mercenary_Gunner>
		<Leafeon_Mercenary_Elite>2</Leafeon_Mercenary_Elite>
	</value>
	</Operation>

	<Operation Class="PatchOperationAdd">
	<xpath>*/FactionDef[@Name="OutlanderFactionBase"]/pawnGroupMakers/li[3]/traders</xpath>
	<value>
        <Leafeon_Town_Trader>0.2</Leafeon_Town_Trader>
	</value>
	</Operation>

	<Operation Class="PatchOperationAdd">
	<xpath>*/FactionDef[@Name="OutlanderFactionBase"]/pawnGroupMakers/li[4]/options</xpath>
	<value>
		<Leafeon_Villager>2</Leafeon_Villager>
        <Leafeon_Town_Guard>2</Leafeon_Town_Guard>
        <Leafeon_Grenadier_Destructive>0.3</Leafeon_Grenadier_Destructive>
		<Leafeon_Mercenary_Slasher>1.4</Leafeon_Mercenary_Slasher>
        <Leafeon_Mercenary_Gunner>2</Leafeon_Mercenary_Gunner>
        <Leafeon_Mercenary_Elite>2</Leafeon_Mercenary_Elite>
        <Leafeon_Town_Councilman>2</Leafeon_Town_Councilman>
	</value>
	</Operation>

	<!-- Villager -->
	<!-- Villager Raid 1; 100 commonality, ranged with melee mix-ins -->
	<Operation Class="PatchOperationAdd">
	<xpath>*/FactionDef[@Name="TribeBase"]/pawnGroupMakers/li[1]/options</xpath>
	<value>
        <Leafeon_Tribal_Penitent>1</Leafeon_Tribal_Penitent>
        <Leafeon_Tribal_Warrior>1</Leafeon_Tribal_Warrior>
        <Leafeon_Tribal_Archer>2</Leafeon_Tribal_Archer>
        <Leafeon_Tribal_Hunter>2</Leafeon_Tribal_Hunter>
        <Leafeon_Tribal_HeavyArcher>2</Leafeon_Tribal_HeavyArcher>
        <Leafeon_Tribal_Berserker>1</Leafeon_Tribal_Berserker>
        <Leafeon_Tribal_ChiefRanged>0.6</Leafeon_Tribal_ChiefRanged>
        <Leafeon_Tribal_ChiefMelee>0.3</Leafeon_Tribal_ChiefMelee>
	</value>
	</Operation>

	<!-- Villager Raid 2; 60 commonality, ranged only -->
	<Operation Class="PatchOperationAdd">
	<xpath>*/FactionDef[@Name="TribeBase"]/pawnGroupMakers/li[2]/options</xpath>
	<value>
        <Leafeon_Tribal_Archer>2</Leafeon_Tribal_Archer>
        <Leafeon_Tribal_Hunter>2</Leafeon_Tribal_Hunter>
        <Leafeon_Tribal_HeavyArcher>2</Leafeon_Tribal_HeavyArcher>
        <Leafeon_Tribal_ChiefRanged>1</Leafeon_Tribal_ChiefRanged>
	</value>
	</Operation>

	<!-- Villager Raid 3; 60 commonality, melee only -->
	<Operation Class="PatchOperationAdd">
	<xpath>*/FactionDef[@Name="TribeBase"]/pawnGroupMakers/li[3]/options</xpath>
	<value>
        <Leafeon_Tribal_Penitent>2</Leafeon_Tribal_Penitent>
        <Leafeon_Tribal_Warrior>2</Leafeon_Tribal_Warrior>
        <Leafeon_Tribal_Berserker>2</Leafeon_Tribal_Berserker>
        <Leafeon_Tribal_ChiefMelee>1</Leafeon_Tribal_ChiefMelee>
	</value>
	</Operation>

	<!-- Villager Peaceful -->
	<Operation Class="PatchOperationAdd">
	<xpath>*/FactionDef[@Name="TribeBase"]/pawnGroupMakers/li[5]/options</xpath>
	<value>
        <Leafeon_Tribal_Warrior>4</Leafeon_Tribal_Warrior>
        <Leafeon_Tribal_Archer>2</Leafeon_Tribal_Archer>
        <Leafeon_Tribal_Hunter>2</Leafeon_Tribal_Hunter>
        <Leafeon_Tribal_HeavyArcher>2</Leafeon_Tribal_HeavyArcher>
        <Leafeon_Tribal_Berserker>1</Leafeon_Tribal_Berserker>
        <Leafeon_Tribal_ChiefRanged>0.6</Leafeon_Tribal_ChiefRanged>
        <Leafeon_Tribal_ChiefMelee>0.3</Leafeon_Tribal_ChiefMelee>
	</value>
	</Operation>

	<!-- Villager Traders -->
	<Operation Class="PatchOperationAdd">
	<xpath>*/FactionDef[@Name="TribeBase"]/pawnGroupMakers/li[6]/guards</xpath>
	<value>
        <Leafeon_Tribal_Warrior>1.4</Leafeon_Tribal_Warrior>
        <Leafeon_Tribal_Archer>2</Leafeon_Tribal_Archer>
        <Leafeon_Tribal_Hunter>2</Leafeon_Tribal_Hunter>
        <Leafeon_Tribal_HeavyArcher>2</Leafeon_Tribal_HeavyArcher>
        <Leafeon_Tribal_Berserker>1.4</Leafeon_Tribal_Berserker>
	</value>
	</Operation>

	<Operation Class="PatchOperationAdd">
	<xpath>*/FactionDef[@Name="TribeBase"]/pawnGroupMakers/li[6]/traders</xpath>
	<value>
        <Leafeon_Tribal_Trader>0.2</Leafeon_Tribal_Trader>
	</value>
	</Operation>

	<!-- Settlement -->

	<Operation Class="PatchOperationAdd">
	<xpath>*/FactionDef[@Name="TribeBase"]/pawnGroupMakers/li[7]/options</xpath>
	<value>
          <Leafeon_Tribal_Warrior>1.4</Leafeon_Tribal_Warrior>
          <Leafeon_Tribal_Archer>2</Leafeon_Tribal_Archer>
          <Leafeon_Tribal_Hunter>2</Leafeon_Tribal_Hunter>
          <Leafeon_Tribal_HeavyArcher>2</Leafeon_Tribal_HeavyArcher>
          <Leafeon_Tribal_Berserker>1.4</Leafeon_Tribal_Berserker>
          <Leafeon_Tribal_ChiefRanged>2</Leafeon_Tribal_ChiefRanged>
	</value>
	</Operation>

</Patch>