﻿<?xml version="1.0" encoding="utf-8" ?>
<Defs>
<RulePackDef>
        <defName>EeveeNameM</defName>
        <rulePack>
            <rulesStrings>
                <li>name->[FirstM] '[SecondM]' [Ident]</li>
            </rulesStrings>
            <rulesRaw>
                <li Class="Rule_File">
                    <keyword>FirstM</keyword>
                    <path>EeveeNames/EeveeMaleFirstName</path>
                </li>
                <li Class="Rule_File">
                    <keyword>SecondM</keyword>
                    <path>EeveeNames/EeveeMaleMidName</path>
                </li>
                <li Class="Rule_File">
                    <keyword>Ident</keyword>
                    <path>EeveeNames/EeveeSurName</path>
                </li>
            </rulesRaw>
        </rulePack>
    </RulePackDef>
    
        <RulePackDef>
        <defName>EeveeNameF</defName>
        <rulePack>
            <rulesStrings>
                <li>name->[FirstF] '[SecondF]' [Ident]</li>
            </rulesStrings>
            <rulesRaw>
                <li Class="Rule_File">
                    <keyword>FirstF</keyword>
                    <path>EeveeNames/EeveeFemaleFirstName</path>
                </li>
                <li Class="Rule_File">
                    <keyword>SecondF</keyword>
                    <path>EeveeNames/EeveeFemaleMidName</path>
                </li>
                <li Class="Rule_File">
                    <keyword>Ident</keyword>
                    <path>EeveeNames/EeveeSurName</path>
                </li>
            </rulesRaw>
        </rulePack>
    </RulePackDef>
</Defs>