<?xml version="1.0" encoding="utf-8" ?>
<Defs> 

 <ThingDef Name="BodyPartArchotechYanzBase" ParentName="BodyPartBase" Abstract="True">
    <techLevel>Archotech</techLevel>
    <thingCategories>
      <li>BodyPartsArchotech</li>
    </thingCategories>
    <graphicData>
      <texPath>Things/Item/Health/Archopart</texPath>
      <graphicClass>Graphic_Single</graphicClass>
      <drawSize>0.80</drawSize>
      <color>(155,165,148)</color>
    </graphicData>
    <tradeTags>
      <li>Archotech</li>
    </tradeTags>
    <techHediffsTags>
      <li>Archotech</li>
    </techHediffsTags>
    <statBases>
      <WorkToMake>10000</WorkToMake>
    </statBases>
    <recipeMaker>
      <workSpeedStat>GeneralLaborSpeed</workSpeedStat>
      <workSkill>Crafting</workSkill>
      <effectWorking>Smith</effectWorking>
      <soundWorking>Recipe_Smith</soundWorking>
      <unfinishedThingDef>UnfinishedHealthItemBionic</unfinishedThingDef>
      <skillRequirements>
        <Crafting>10</Crafting>
      </skillRequirements>
      <recipeUsers>
        <li>ArchotechStation</li>
      </recipeUsers>
    </recipeMaker>
  </ThingDef>
  
	<!-- Archotech Leg -->
	
	 <HediffDef ParentName="AddedBodyPartBase">
    <defName>YanzArchotechLeg</defName>
    <label>Archotech leg</label>
    <labelNoun>an Archotech leg</labelNoun>
    <description>An installed archotech leg.</description>
    <descriptionHyperlinks><ThingDef>YanzArchotechLeg</ThingDef></descriptionHyperlinks>
    <spawnThingOnRemoved>YanzArchotechLeg</spawnThingOnRemoved>
    <addedPartProps>
      <solid>true</solid>
      <partEfficiency>1.50</partEfficiency>
      <betterThanNatural>true</betterThanNatural>
    </addedPartProps>
  </HediffDef>

  <ThingDef ParentName="BodyPartArchotechYanzBase">
    <defName>YanzArchotechLeg</defName>
    <label>Archotech leg</label>
    <description>An artificial leg built by an archotech. It looks and feels like natural flesh, but a pair of these can move the user as fast as a decent car, and it's harder to damage than plasteel. Even if it is harmed, it repairs itself over time. Its internal workings are a mystery to all human minds.</description>
    <descriptionHyperlinks><RecipeDef>InstallYanzArchotechLeg</RecipeDef></descriptionHyperlinks>
    <costList>
      <Femtomachinery>20</Femtomachinery>
	  <BlockArchotech>10</BlockArchotech>
	  <ComponentArchotech>2</ComponentArchotech>
    </costList>
    <thingSetMakerTags><li>RewardStandardHighFreq</li></thingSetMakerTags>
    <statBases>
      <Mass>0.3</Mass>
    </statBases>
	<recipeMaker><researchPrerequisite>ArchoProesthetics</researchPrerequisite></recipeMaker>
  </ThingDef>

  <RecipeDef ParentName="SurgeryInstallBodyPartArtificialBase">
    <defName>InstallYanzArchotechLeg</defName>
    <label>install Archotech leg</label>
    <description>Install an Archotech leg.</description>
    <descriptionHyperlinks>
      <ThingDef>YanzArchotechLeg</ThingDef>
      <HediffDef>YanzArchotechLeg</HediffDef>
    </descriptionHyperlinks>
    <jobString>Installing archotech leg.</jobString>
    <ingredients>
      <li>
        <filter>
          <thingDefs>
            <li>YanzArchotechLeg</li>
          </thingDefs>
        </filter>
        <count>1</count>
      </li>
    </ingredients>
    <fixedIngredientFilter>
      <thingDefs>
        <li>YanzArchotechLeg</li>
      </thingDefs>
    </fixedIngredientFilter>
    <appliedOnFixedBodyParts>
      <li>Leg</li>
    </appliedOnFixedBodyParts>
    <addsHediff>YanzArchotechLeg</addsHediff>
  </RecipeDef>
  
	<!-- Archotech Arm -->

	<HediffDef ParentName="AddedBodyPartBase">
    <defName>YanzArchotechArm</defName>
    <label>Archotech Arm</label>
    <labelNoun>an Archotech Arm</labelNoun>
    <description>An installed Archotech Arm.</description>
    <descriptionHyperlinks><ThingDef>YanzArchotechArm</ThingDef></descriptionHyperlinks>
    <comps>
      <li Class="HediffCompProperties_VerbGiver">
        <tools>
          <li>
            <label>fist</label>
            <capacities>
              <li>Blunt</li>
            </capacities>
            <power>14</power>
            <cooldownTime>2</cooldownTime>
            <soundMeleeHit>MeleeHit_BionicPunch</soundMeleeHit>
            <soundMeleeMiss>MeleeMiss_BionicPunch</soundMeleeMiss>
          </li>
        </tools>
      </li>
    </comps>
    <spawnThingOnRemoved>YanzArchotechArm</spawnThingOnRemoved>
    <addedPartProps>
      <solid>true</solid>
      <partEfficiency>1.50</partEfficiency>
      <betterThanNatural>true</betterThanNatural>
    </addedPartProps>
  </HediffDef>

  <ThingDef ParentName="BodyPartArchotechYanzBase">
    <defName>YanzArchotechArm</defName>
    <label>Archotech Arm</label>
    <description>An artificial arm built by an archotech. It's strong enough to crush a thick hardwood branch in its hand, and precise enough to write a sonnet on a grain of rice. It looks and feels like natural flesh, but it's harder to damage than plasteel. Even if it is harmed, it repairs itself over time. Its internal workings are a mystery to all human minds.</description>
    <descriptionHyperlinks><RecipeDef>InstallYanzArchotechArm</RecipeDef></descriptionHyperlinks>
    <costList>
      <Femtomachinery>20</Femtomachinery>
	  <BlockArchotech>10</BlockArchotech>
	  <ComponentArchotech>2</ComponentArchotech>
    </costList>
    <thingSetMakerTags><li>RewardStandardHighFreq</li></thingSetMakerTags>
    <statBases>
      <Mass>0.3</Mass>
    </statBases>
	<recipeMaker><researchPrerequisite>ArchoProesthetics</researchPrerequisite></recipeMaker>
  </ThingDef>

  <RecipeDef ParentName="SurgeryInstallBodyPartArtificialBase">
    <defName>InstallYanzArchotechArm</defName>
    <label>install archotech arm</label>
    <description>Install an archotech arm.</description>
    <descriptionHyperlinks>
      <ThingDef>YanzArchotechArm</ThingDef>
      <HediffDef>YanzArchotechArm</HediffDef>
    </descriptionHyperlinks>
    <jobString>Installing archotech arm.</jobString>
    <ingredients>
      <li>
        <filter>
          <thingDefs>
            <li>YanzArchotechArm</li>
          </thingDefs>
        </filter>
        <count>1</count>
      </li>
    </ingredients>
    <fixedIngredientFilter>
      <thingDefs>
        <li>YanzArchotechArm</li>
      </thingDefs>
    </fixedIngredientFilter>
    <appliedOnFixedBodyParts>
      <li>Shoulder</li>
    </appliedOnFixedBodyParts>
    <addsHediff>YanzArchotechArm</addsHediff>
  </RecipeDef>
  
	<!-- Archotech Eye -->
	
	 <HediffDef ParentName="AddedBodyPartBase">
    <defName>YanzArchotechEye</defName>
    <label>Archotech Eye</label>
    <labelNoun>an Archotech Eye</labelNoun>
    <description>An installed archotech eye.</description>
    <descriptionHyperlinks><ThingDef>YanzArchotechEye</ThingDef></descriptionHyperlinks>
    <spawnThingOnRemoved>YanzArchotechEye</spawnThingOnRemoved>
    <woundAnchorRange>0</woundAnchorRange>
    <displayWound>true</displayWound>
    <addedPartProps>
      <solid>true</solid>
      <partEfficiency>1.50</partEfficiency>
    </addedPartProps>
  </HediffDef>

  <ThingDef ParentName="BodyPartArchotechYanzBase">
    <defName>YanzArchotechEye</defName>
    <label>Archotech Eye</label>
    <description>An artificial eye built by an archotech. It perceives every type of electromagnetic radiation, including radio waves, infrared, light, x-rays, and gamma rays. Its visual acuity is precise enough to read handwriting from twenty meters away. It can emit various wavelengths of radiation like a flashlight, and has an internal subpersona AI which helps highlight useful visual information. Its internal workings are a mystery to human minds.</description>
    <descriptionHyperlinks><RecipeDef>InstallYanzArchotechEye</RecipeDef></descriptionHyperlinks>
    <costList>
      <Femtomachinery>10</Femtomachinery>
	  <BlockArchotech>5</BlockArchotech>
	  <ComponentArchotech>1</ComponentArchotech>
    </costList>
    <thingSetMakerTags><li>RewardStandardHighFreq</li></thingSetMakerTags>
    <statBases>
      <Mass>0.3</Mass>
    </statBases>
	<recipeMaker><researchPrerequisite>ArchoProesthetics</researchPrerequisite></recipeMaker>
  </ThingDef>

  <RecipeDef ParentName="SurgeryInstallBodyPartArtificialBase">
    <defName>InstallYanzArchotechEye</defName>
    <label>Install Archotech Eye</label>
    <description>Install an Archotech Eye.</description>
    <descriptionHyperlinks>
      <ThingDef>YanzArchotechEye</ThingDef>
      <HediffDef>YanzArchotechEye</HediffDef>
    </descriptionHyperlinks>
    <jobString>Installing archotech eye.</jobString>
    <ingredients>
      <li>
        <filter>
          <thingDefs>
            <li>YanzArchotechEye</li>
          </thingDefs>
        </filter>
        <count>1</count>
      </li>
    </ingredients>
    <fixedIngredientFilter>
      <thingDefs>
        <li>YanzArchotechEye</li>
      </thingDefs>
    </fixedIngredientFilter>
    <appliedOnFixedBodyParts>
      <li>Eye</li>
    </appliedOnFixedBodyParts>
    <addsHediff>YanzArchotechEye</addsHediff>
  </RecipeDef>
  
	<!-- Archotech Ear -->
	
	<HediffDef ParentName="AddedBodyPartBase">
    <defName>YanzArchotechEar</defName>
    <label>Archotech Ear</label>
    <labelNoun>a Archotech Ear</labelNoun>
    <description>An installed Archotech Ear.</description>
    <descriptionHyperlinks><ThingDef>YanzArchotechEar</ThingDef></descriptionHyperlinks>
	<stages>
	  <li>
		<statOffsets>
		  <NegotiationAbility>0.1</NegotiationAbility>
		  <TradePriceImprovement>0.1</TradePriceImprovement>
		  <SocialImpact>0.1</SocialImpact>
		</statOffsets>
	  </li>
	</stages>
    <spawnThingOnRemoved>YanzArchotechEar</spawnThingOnRemoved>
	<defaultLabelColor>(0.5,1,0.83)</defaultLabelColor>
    <addedPartProps>
      <solid>true</solid>
      <partEfficiency>2</partEfficiency>
      <betterThanNatural>true</betterThanNatural>
    </addedPartProps>
  </HediffDef>

  <ThingDef ParentName="BodyPartArchotechYanzBase">
    <defName>YanzArchotechEar</defName>
    <label>Archotech Ear</label>
    <description>An artifical ear built by an archotech. It perceives any kind of sound waves and automatically adjusts volume according to situation or hosts will. Looks like a natural ear, expect it can change shape and size at will. Its internal workings are a mystery to all human minds.</description>
    <descriptionHyperlinks><RecipeDef>InstallYanzArchotechEar</RecipeDef></descriptionHyperlinks>
    <costList>
      <BlockArchotech>5</BlockArchotech>
      <ComponentArchotech>1</ComponentArchotech>
	  <Femtomachinery>10</Femtomachinery>
    </costList>
    <thingSetMakerTags><li>RewardStandardHighFreq</li></thingSetMakerTags>
    <statBases>
      <Mass>0.3</Mass>
    </statBases>
	<recipeMaker><researchPrerequisite>ArchoProesthetics</researchPrerequisite></recipeMaker>
  </ThingDef>

  <RecipeDef ParentName="SurgeryInstallBodyPartArtificialBase">
    <defName>InstallYanzArchotechEar</defName>
    <label>install Archotech Ear</label>
    <description>Install a Archotech Ear.</description>
    <descriptionHyperlinks><ThingDef>YanzArchotechEar</ThingDef></descriptionHyperlinks>
    <jobString>Installing Archotech Ear.</jobString>
    <ingredients>
      <li>
        <filter>
          <thingDefs>
            <li>YanzArchotechEar</li>
          </thingDefs>
        </filter>
        <count>1</count>
      </li>
    </ingredients>
    <fixedIngredientFilter>
      <thingDefs>
        <li>YanzArchotechEar</li>
      </thingDefs>
    </fixedIngredientFilter>
    <appliedOnFixedBodyParts>
      <li>Ear</li>
    </appliedOnFixedBodyParts>
    <addsHediff>YanzArchotechEar</addsHediff>
  </RecipeDef>
  
	<!-- Archotech Nose -->
	
	<HediffDef ParentName="AddedBodyPartBase">
    <defName>YanzArchotechNose</defName>
    <label>Archotech Nose</label>
    <labelNoun>an Archotech Nose</labelNoun>
    <description>An installed Archotech Nose.</description>
    <descriptionHyperlinks><ThingDef>YanzArchotechNose</ThingDef></descriptionHyperlinks>
	<stages>
		<li>
		<statOffsets>
		  <PawnBeauty>1</PawnBeauty>
		</statOffsets>
         <capMods>
			<li>
               <capacity>Breathing</capacity>
               <offset>0.25</offset>
            </li>
         </capMods>
		</li>	 
      </stages>
    <spawnThingOnRemoved>YanzArchotechNose</spawnThingOnRemoved>
	<defaultLabelColor>(0.5,1,0.83)</defaultLabelColor>
    <addedPartProps>
      <solid>true</solid>
      <partEfficiency>2</partEfficiency>
      <betterThanNatural>true</betterThanNatural>
    </addedPartProps>
  </HediffDef>

  <ThingDef ParentName="BodyPartArchotechYanzBase">
    <defName>YanzArchotechNose</defName>
    <label>Archotech Nose</label>
    <description>An artificial nose built by an archotech. Inner surfaces of nose are covered with Femtomachinery gel. But it's impossible to know what lies below this gel and what role Femtomachinery plays. Its internal workings are a mystery to all human minds.</description>
    <descriptionHyperlinks><RecipeDef>InstallYanzArchotechNose</RecipeDef></descriptionHyperlinks>
    <costList>
      <BlockArchotech>5</BlockArchotech>
      <ComponentArchotech>1</ComponentArchotech>
	  <Femtomachinery>10</Femtomachinery>
    </costList>
    <thingSetMakerTags><li>RewardStandardHighFreq</li></thingSetMakerTags>
    <statBases>
      <Mass>0.3</Mass>
    </statBases>
	<recipeMaker><researchPrerequisite>ArchoProesthetics</researchPrerequisite></recipeMaker>
  </ThingDef>

  <RecipeDef ParentName="SurgeryInstallBodyPartArtificialBase">
    <defName>InstallYanzArchotechNose</defName>
    <label>install Archotech Nose</label>
    <description>Install a Archotech Nose.</description>
    <descriptionHyperlinks><ThingDef>YanzArchotechNose</ThingDef></descriptionHyperlinks>
    <jobString>Installing Archotech Nose.</jobString>
    <ingredients>
      <li>
        <filter>
          <thingDefs>
            <li>YanzArchotechNose</li>
          </thingDefs>
        </filter>
        <count>1</count>
      </li>
    </ingredients>
    <fixedIngredientFilter>
      <thingDefs>
        <li>YanzArchotechNose</li>
      </thingDefs>
    </fixedIngredientFilter>
    <appliedOnFixedBodyParts>
      <li>Nose</li>
    </appliedOnFixedBodyParts>
    <addsHediff>YanzArchotechNose</addsHediff>
  </RecipeDef>

	<!-- Archotech Spine -->
	
	<HediffDef ParentName="AddedBodyPartBase">
    <defName>YanzArchotechSpine</defName>
    <label>Archotech Spine</label>
    <labelNoun>a Archotech Spine</labelNoun>
    <description>An installed Archotech Spine.</description>
    <descriptionHyperlinks><ThingDef>YanzArchotechSpine</ThingDef></descriptionHyperlinks>
	<stages>
		<li>
			<capMods>
            <li>
               <capacity>Manipulation</capacity>
               <offset>0.35</offset>
            </li>
            <li>
               <capacity>Moving</capacity>
               <offset>0.35</offset>
            </li>
			<li>
               <capacity>Breathing</capacity>
               <offset>0.35</offset>
            </li>
			<li>
               <capacity>BloodFiltration</capacity>
               <offset>0.35</offset>
            </li>
			<li>
               <capacity>BloodPumping</capacity>
               <offset>0.35</offset>
            </li>
			<li>
               <capacity>Metabolism</capacity>
               <offset>0.35</offset>
            </li>
			</capMods>
		</li>	 
      </stages>
    <spawnThingOnRemoved>YanzArchotechSpine</spawnThingOnRemoved>
	<defaultLabelColor>(0.5,1,0.83)</defaultLabelColor>
    <addedPartProps>
      <solid>true</solid>
      <partEfficiency>2</partEfficiency>
      <betterThanNatural>true</betterThanNatural>
    </addedPartProps>
  </HediffDef>

  <ThingDef ParentName="BodyPartArchotechYanzBase">
    <defName>YanzArchotechSpine</defName>
    <label>Archotech Spine</label>
    <description>An artificial spine built by an archotech. A person with this spine is able to carry an entire truck at his back. Aside from its own efficiency, archotech spine improves efficiency of all vital organs located in torso. Its internal workings are a mystery to all human minds.</description>
    <descriptionHyperlinks><RecipeDef>InstallYanzArchotechSpine</RecipeDef></descriptionHyperlinks>
    <costList>
      <BlockArchotech>15</BlockArchotech>
      <ComponentArchotech>3</ComponentArchotech>
	  <Femtomachinery>30</Femtomachinery>
    </costList>
    <thingSetMakerTags><li>RewardStandardHighFreq</li></thingSetMakerTags>
    <statBases>
      <Mass>0.3</Mass>
    </statBases>
	<recipeMaker><researchPrerequisite>ArchoProesthetics</researchPrerequisite></recipeMaker>
  </ThingDef>

  <RecipeDef ParentName="SurgeryInstallBodyPartArtificialBase">
    <defName>InstallYanzArchotechSpine</defName>
    <label>install Archotech Spine</label>
    <description>Install a Archotech Spine.</description>
    <descriptionHyperlinks><ThingDef>YanzArchotechSpine</ThingDef></descriptionHyperlinks>
    <jobString>Installing Archotech Spine.</jobString>
    <ingredients>
      <li>
        <filter>
          <thingDefs>
            <li>YanzArchotechSpine</li>
          </thingDefs>
        </filter>
        <count>1</count>
      </li>
    </ingredients>
    <fixedIngredientFilter>
      <thingDefs>
        <li>YanzArchotechSpine</li>
      </thingDefs>
    </fixedIngredientFilter>
    <appliedOnFixedBodyParts>
      <li>Spine</li>
    </appliedOnFixedBodyParts>
    <addsHediff>YanzArchotechSpine</addsHediff>
  </RecipeDef>
  
	<!-- Archotech Pelvis -->
	
	<HediffDef ParentName="AddedBodyPartBase">
    <defName>YanzArchotechPelvis</defName>
    <label>Archotech Pelvis</label>
    <labelNoun>a Archotech Pelvis</labelNoun>
    <description>An installed Archotech Pelvis.</description>
    <descriptionHyperlinks><ThingDef>YanzArchotechPelvis</ThingDef></descriptionHyperlinks>
    <spawnThingOnRemoved>YanzArchotechPelvis</spawnThingOnRemoved>
	<defaultLabelColor>(0.5,1,0.83)</defaultLabelColor>
    <addedPartProps>
      <solid>true</solid>
      <partEfficiency>2</partEfficiency>
      <betterThanNatural>true</betterThanNatural>
    </addedPartProps>
  </HediffDef>

  <ThingDef ParentName="BodyPartArchotechYanzBase">
    <defName>YanzArchotechPelvis</defName>
    <label>Archotech Pelvis</label>
    <description>An artificial pelvis built by an archotech. This pelvis is a perfect replacement of original one and it is infused with small fibers and clusters of Femtomachinery.</description>
    <descriptionHyperlinks><RecipeDef>InstallYanzArchotechPelvis</RecipeDef></descriptionHyperlinks>
    <costList>
      <BlockArchotech>10</BlockArchotech>
      <ComponentArchotech>2</ComponentArchotech>
	  <Femtomachinery>20</Femtomachinery>
    </costList>
    <thingSetMakerTags><li>RewardStandardHighFreq</li></thingSetMakerTags>
    <statBases>
      <Mass>0.3</Mass>
    </statBases>
	<recipeMaker><researchPrerequisite>ArchoProesthetics</researchPrerequisite></recipeMaker>
  </ThingDef>

  <RecipeDef ParentName="SurgeryInstallBodyPartArtificialBase">
    <defName>InstallYanzArchotechPelvis</defName>
    <label>install Archotech Pelvis</label>
    <description>Install a Archotech Pelvis.</description>
    <descriptionHyperlinks><ThingDef>YanzArchotechPelvis</ThingDef></descriptionHyperlinks>
    <jobString>Installing Archotech Pelvis.</jobString>
    <ingredients>
      <li>
        <filter>
          <thingDefs>
            <li>YanzArchotechPelvis</li>
          </thingDefs>
        </filter>
        <count>1</count>
      </li>
    </ingredients>
    <fixedIngredientFilter>
      <thingDefs>
        <li>YanzArchotechPelvis</li>
      </thingDefs>
    </fixedIngredientFilter>
    <appliedOnFixedBodyParts>
      <li>Pelvis</li>
    </appliedOnFixedBodyParts>
    <addsHediff>YanzArchotechPelvis</addsHediff>
  </RecipeDef>
  
	<!-- Archotech Lung -->
	
	<HediffDef ParentName="AddedBodyPartBase">
    <defName>YanzArchotechLung</defName>
    <label>Archotech Lung</label>
    <labelNoun>a Archotech Lung</labelNoun>
    <description>An installed Archotech Lung.</description>
    <descriptionHyperlinks><ThingDef>YanzArchotechLung</ThingDef></descriptionHyperlinks>
    <spawnThingOnRemoved>YanzArchotechLung</spawnThingOnRemoved>
	<defaultLabelColor>(0.5,1,0.83)</defaultLabelColor>
    <addedPartProps>
      <solid>true</solid>
      <partEfficiency>2</partEfficiency>
      <betterThanNatural>true</betterThanNatural>
    </addedPartProps>
  </HediffDef>

  <ThingDef ParentName="BodyPartArchotechYanzBase">
    <defName>YanzArchotechLung</defName>
    <label>Archotech Lung</label>
    <description>An artificial lung built by an archotech. Archotech lung is covered with membrane that is way more durable than plasteel. Inner surface of lung is covered with Femtomachinery gel. But it's impossible to know what lies below this gel and what role Femtomachinery plays. Its internal workings are a mystery to all human minds.</description>
    <descriptionHyperlinks><RecipeDef>InstallYanzArchotechLung</RecipeDef></descriptionHyperlinks>
    <costList>
      <BlockArchotech>10</BlockArchotech>
      <ComponentArchotech>2</ComponentArchotech>
	  <Femtomachinery>20</Femtomachinery>
    </costList>
    <thingSetMakerTags><li>RewardStandardHighFreq</li></thingSetMakerTags>
    <statBases>
      <Mass>0.3</Mass>
    </statBases>
	<recipeMaker><researchPrerequisite>ArchoVitalOrgans</researchPrerequisite></recipeMaker>
  </ThingDef>

  <RecipeDef ParentName="SurgeryInstallBodyPartArtificialBase">
    <defName>InstallYanzArchotechLung</defName>
    <label>install Archotech Lung</label>
    <description>Install a Archotech Lung.</description>
    <descriptionHyperlinks><ThingDef>YanzArchotechLung</ThingDef></descriptionHyperlinks>
    <jobString>Installing Archotech Lung.</jobString>
    <ingredients>
      <li>
        <filter>
          <thingDefs>
            <li>YanzArchotechLung</li>
          </thingDefs>
        </filter>
        <count>1</count>
      </li>
    </ingredients>
    <fixedIngredientFilter>
      <thingDefs>
        <li>YanzArchotechLung</li>
      </thingDefs>
    </fixedIngredientFilter>
    <appliedOnFixedBodyParts>
      <li>Lung</li>
    </appliedOnFixedBodyParts>
    <addsHediff>YanzArchotechLung</addsHediff>
  </RecipeDef>
  
	<!-- Archotech Stomach -->
	
	<HediffDef ParentName="AddedBodyPartBase">
    <defName>YanzArchotechStomach</defName>
    <label>Archotech Stomach</label>
    <labelNoun>a Archotech Stomach</labelNoun>
    <description>An installed Archotech Stomach.</description>
    <descriptionHyperlinks><ThingDef>YanzArchotechStomach</ThingDef></descriptionHyperlinks>
    <spawnThingOnRemoved>YanzArchotechStomach</spawnThingOnRemoved>
	<defaultLabelColor>(0.5,1,0.83)</defaultLabelColor>
    <addedPartProps>
      <solid>true</solid>
      <partEfficiency>2</partEfficiency>
      <betterThanNatural>true</betterThanNatural>
    </addedPartProps>
  </HediffDef>

  <ThingDef ParentName="BodyPartArchotechYanzBase">
    <defName>YanzArchotechStomach</defName>
    <label>Archotech Stomach</label>
    <description>An artificial stomach built by an archotech. Inner surface of stomach is covered with Femtomachinery gel. But it's impossible to know what lies below this gel and what role Femtomachinery plays. Its internal workings are a mystery to all human minds.</description>
    <descriptionHyperlinks><RecipeDef>InstallYanzArchotechStomach</RecipeDef></descriptionHyperlinks>
    <costList>
      <BlockArchotech>10</BlockArchotech>
      <ComponentArchotech>2</ComponentArchotech>
	  <Femtomachinery>20</Femtomachinery>
    </costList>
    <thingSetMakerTags><li>RewardStandardHighFreq</li></thingSetMakerTags>
    <statBases>
      <Mass>0.3</Mass>
    </statBases>
	<recipeMaker><researchPrerequisite>ArchoVitalOrgans</researchPrerequisite></recipeMaker>
  </ThingDef>

  <RecipeDef ParentName="SurgeryInstallBodyPartArtificialBase">
    <defName>InstallYanzArchotechStomach</defName>
    <label>install Archotech Stomach</label>
    <description>Install a Archotech Stomach.</description>
    <descriptionHyperlinks><ThingDef>YanzArchotechStomach</ThingDef></descriptionHyperlinks>
    <jobString>Installing Archotech Stomach.</jobString>
    <ingredients>
      <li>
        <filter>
          <thingDefs>
            <li>YanzArchotechStomach</li>
          </thingDefs>
        </filter>
        <count>1</count>
      </li>
    </ingredients>
    <fixedIngredientFilter>
      <thingDefs>
        <li>YanzArchotechStomach</li>
      </thingDefs>
    </fixedIngredientFilter>
    <appliedOnFixedBodyParts>
      <li>Stomach</li>
    </appliedOnFixedBodyParts>
    <addsHediff>YanzArchotechStomach</addsHediff>
  </RecipeDef>
  
	<!-- Archotech Heart -->
	
	<HediffDef ParentName="AddedBodyPartBase">
    <defName>YanzArchotechHeart</defName>
    <label>Archotech Heart</label>
    <labelNoun>a Archotech Heart</labelNoun>
    <description>An installed Archotech Heart.</description>
    <descriptionHyperlinks><ThingDef>YanzArchotechHeart</ThingDef></descriptionHyperlinks>
    <spawnThingOnRemoved>YanzArchotechHeart</spawnThingOnRemoved>
	<defaultLabelColor>(0.5,1,0.83)</defaultLabelColor>
	<stages>
      <li>
	  <totalBleedFactor>0.5</totalBleedFactor>
        <statOffsets>
          <ImmunityGainSpeed>0.25</ImmunityGainSpeed>
        </statOffsets>
      </li>
    </stages>
    <addedPartProps>
      <solid>true</solid>
      <partEfficiency>2</partEfficiency>
      <betterThanNatural>true</betterThanNatural>
    </addedPartProps>
  </HediffDef>

  <ThingDef ParentName="BodyPartArchotechYanzBase">
    <defName>YanzArchotechHeart</defName>
    <label>Archotech Heart</label>
    <description>An artificial heart built by an archotech. An entire heart is a giant pulsating cluster of Femtomachinery. But its internal workings are a mystery to all human minds. When Archotech Heart is installed, inner and outer surface of all blood vessels throughout the body transform into membrane that is way more durable than plasteel. Hosts blood shows high concentration of Femtomachinery...</description>
    <descriptionHyperlinks><RecipeDef>InstallYanzArchotechHeart</RecipeDef></descriptionHyperlinks>
    <costList>
      <BlockArchotech>15</BlockArchotech>
      <ComponentArchotech>3</ComponentArchotech>
	  <Femtomachinery>30</Femtomachinery>
    </costList>
    <thingSetMakerTags><li>RewardStandardHighFreq</li></thingSetMakerTags>
    <statBases>
      <Mass>0.3</Mass>
    </statBases>
	<recipeMaker><researchPrerequisite>ArchoVitalOrgans</researchPrerequisite></recipeMaker>
  </ThingDef>

  <RecipeDef ParentName="SurgeryInstallBodyPartArtificialBase">
    <defName>InstallYanzArchotechHeart</defName>
    <label>install Archotech Heart</label>
    <description>Install a Archotech Heart.</description>
    <descriptionHyperlinks><ThingDef>YanzArchotechHeart</ThingDef></descriptionHyperlinks>
    <jobString>Installing Archotech Heart.</jobString>
    <ingredients>
      <li>
        <filter>
          <thingDefs>
            <li>YanzArchotechHeart</li>
          </thingDefs>
        </filter>
        <count>1</count>
      </li>
    </ingredients>
    <fixedIngredientFilter>
      <thingDefs>
        <li>YanzArchotechHeart</li>
      </thingDefs>
    </fixedIngredientFilter>
    <appliedOnFixedBodyParts>
      <li>Heart</li>
    </appliedOnFixedBodyParts>
    <addsHediff>YanzArchotechHeart</addsHediff>
  </RecipeDef>
  
	<!-- Archotech Kidney -->
	
	<HediffDef ParentName="AddedBodyPartBase">
    <defName>YanzArchotechKidney</defName>
    <label>Archotech Kidney</label>
    <labelNoun>a Archotech Kidney</labelNoun>
    <description>An installed Archotech Kidney.</description>
    <descriptionHyperlinks><ThingDef>YanzArchotechKidney</ThingDef></descriptionHyperlinks>
    <spawnThingOnRemoved>YanzArchotechKidney</spawnThingOnRemoved>
	<defaultLabelColor>(0.5,1,0.83)</defaultLabelColor>
    <addedPartProps>
      <solid>true</solid>
      <partEfficiency>2</partEfficiency>
      <betterThanNatural>true</betterThanNatural>
    </addedPartProps>
  </HediffDef>

  <ThingDef ParentName="BodyPartArchotechYanzBase">
    <defName>YanzArchotechKidney</defName>
    <label>Archotech Kidney</label>
    <description>An artificial kidney built by an archotech. Its surface is covered with membrane that is way more durable than plasteel. Its internal workings are a mystery to all human minds.</description>
    <descriptionHyperlinks><RecipeDef>InstallYanzArchotechKidney</RecipeDef></descriptionHyperlinks>
    <costList>
      <BlockArchotech>10</BlockArchotech>
      <ComponentArchotech>2</ComponentArchotech>
	  <Femtomachinery>20</Femtomachinery>
    </costList>
    <thingSetMakerTags><li>RewardStandardHighFreq</li></thingSetMakerTags>
    <statBases>
      <Mass>0.3</Mass>
    </statBases>
	<recipeMaker><researchPrerequisite>ArchoVitalOrgans</researchPrerequisite></recipeMaker>
  </ThingDef>

  <RecipeDef ParentName="SurgeryInstallBodyPartArtificialBase">
    <defName>InstallYanzArchotechKidney</defName>
    <label>install Archotech Kidney</label>
    <description>Install a Archotech Kidney.</description>
    <descriptionHyperlinks><ThingDef>YanzArchotechKidney</ThingDef></descriptionHyperlinks>
    <jobString>Installing Archotech Kidney.</jobString>
    <ingredients>
      <li>
        <filter>
          <thingDefs>
            <li>YanzArchotechKidney</li>
          </thingDefs>
        </filter>
        <count>1</count>
      </li>
    </ingredients>
    <fixedIngredientFilter>
      <thingDefs>
        <li>YanzArchotechKidney</li>
      </thingDefs>
    </fixedIngredientFilter>
    <appliedOnFixedBodyParts>
      <li>Kidney</li>
    </appliedOnFixedBodyParts>
    <addsHediff>YanzArchotechKidney</addsHediff>
  </RecipeDef>
  
	<!-- Archotech Liver -->
	
	<HediffDef ParentName="AddedBodyPartBase">
    <defName>YanzArchotechLiver</defName>
    <label>Archotech Liver</label>
    <labelNoun>a Archotech Liver</labelNoun>
    <description>An installed Archotech Liver.</description>
    <descriptionHyperlinks><ThingDef>YanzArchotechLiver</ThingDef></descriptionHyperlinks>
    <spawnThingOnRemoved>YanzArchotechLiver</spawnThingOnRemoved>
	<defaultLabelColor>(0.5,1,0.83)</defaultLabelColor>
	<stages>
      <li>
	  <totalBleedFactor>0.5</totalBleedFactor>
        <statOffsets>
          <ImmunityGainSpeed>0.25</ImmunityGainSpeed>
        </statOffsets>
      </li>
    </stages>
    <addedPartProps>
      <solid>true</solid>
      <partEfficiency>2</partEfficiency>
      <betterThanNatural>true</betterThanNatural>
    </addedPartProps>
  </HediffDef>

  <ThingDef ParentName="BodyPartArchotechYanzBase">
    <defName>YanzArchotechLiver</defName>
    <label>Archotech Liver</label>
    <description>An artificial liver built by an archotech. Its surface is covered with membrane that is way more durable than plasteel. It's possible to see a dense network of Femtomachinery threads in membrane. Its internal workings are a mystery to all human minds. Hosts blood shows high concentration of Femtomachinery...</description>
    <descriptionHyperlinks><RecipeDef>InstallYanzArchotechLiver</RecipeDef></descriptionHyperlinks>
    <costList>
      <BlockArchotech>15</BlockArchotech>
      <ComponentArchotech>3</ComponentArchotech>
	  <Femtomachinery>30</Femtomachinery>
    </costList>
    <thingSetMakerTags><li>RewardStandardHighFreq</li></thingSetMakerTags>
    <statBases>
      <Mass>0.3</Mass>
    </statBases>
	<recipeMaker><researchPrerequisite>ArchoVitalOrgans</researchPrerequisite></recipeMaker>
  </ThingDef>

  <RecipeDef ParentName="SurgeryInstallBodyPartArtificialBase">
    <defName>InstallYanzArchotechLiver</defName>
    <label>install Archotech Liver</label>
    <description>Install a Archotech Liver.</description>
    <descriptionHyperlinks><ThingDef>YanzArchotechLiver</ThingDef></descriptionHyperlinks>
    <jobString>Installing Archotech Liver.</jobString>
    <ingredients>
      <li>
        <filter>
          <thingDefs>
            <li>YanzArchotechLiver</li>
          </thingDefs>
        </filter>
        <count>1</count>
      </li>
    </ingredients>
    <fixedIngredientFilter>
      <thingDefs>
        <li>YanzArchotechLiver</li>
      </thingDefs>
    </fixedIngredientFilter>
    <appliedOnFixedBodyParts>
      <li>Liver</li>
    </appliedOnFixedBodyParts>
    <addsHediff>YanzArchotechLiver</addsHediff>
  </RecipeDef>
  
	<!-- Archotech Nexus -->
	
	<HediffDef ParentName="AddedBodyPartBase">
    <defName>YanzArchotechNexus</defName>
    <label>Archotech Nexus</label>
    <labelNoun>a Archotech Nexus</labelNoun>
    <description>An installed Archotech Nexus.</description>
    <descriptionHyperlinks><ThingDef>YanzArchotechNexus</ThingDef></descriptionHyperlinks>
	<comps>
			<li Class="HediffCompProperties_HealPermanentWounds" />
			<li Class="HediffCompProperties_SelfHeal" />
	</comps>
	<stages>
		<li>
		<capMods>
		<li>
			<capacity>Manipulation</capacity>
			<offset>1</offset>
		</li>
		<li>
			<capacity>Moving</capacity>
			<offset>1</offset>
		</li>
		<li>
			<capacity>Breathing</capacity>
			<offset>1</offset>
		</li>
		<li>
			<capacity>BloodFiltration</capacity>
			<offset>1</offset>
		</li>
		<li>
			<capacity>BloodPumping</capacity>
			<offset>1</offset>
		</li>
		<li>
			<capacity>Metabolism</capacity>
			<offset>1</offset>
		</li>
		</capMods> 
			<totalBleedFactor>0.5</totalBleedFactor>
			<painFactor>0.1</painFactor>
			<partEfficiencyOffset>10</partEfficiencyOffset>
		<statOffsets>
			<ImmunityGainSpeed>1</ImmunityGainSpeed>
			<RestRateMultiplier>10</RestRateMultiplier>
			<GlobalLearningFactor>10</GlobalLearningFactor>
			<MedicalPotency>10</MedicalPotency>
			<MeleeDodgeChance>10</MeleeDodgeChance>
			<ArmorRating_Sharp>10</ArmorRating_Sharp>
			<ArmorRating_Blunt>10</ArmorRating_Blunt>
			<ArmorRating_Heat>10</ArmorRating_Heat>
			<GeneralLaborSpeed>10</GeneralLaborSpeed>
		</statOffsets>
	</li>
	</stages>
    <spawnThingOnRemoved>YanzArchotechNexus</spawnThingOnRemoved>
	<defaultLabelColor>(66,245,54)</defaultLabelColor>
    <addedPartProps>
      <solid>true</solid>
      <betterThanNatural>true</betterThanNatural>
    </addedPartProps>
  </HediffDef>

  <ThingDef ParentName="BodyPartArchotechYanzBase">
    <defName>YanzArchotechNexus</defName>
    <label>Archotech Nexus</label>
    <description>An Archotech orb with size of billiard ball. Once orb touches a brain, it dissolves and releases a sapient glowing substance that slowly replaces an entire brain with complex network of Atto and Femtomachinery. Once network is formed, an entire brain is covered with membrane that is way more durable than plasteel. Such drastical changes lead to a temporary Catatonic Breakdown. But host keeps it's memories, skills and persoanlity. Nexus acts as a central hub for Archomachinery. Uncountable amounts of these machines fill each body cell, thus improving efficiency of an entire body at atomic level. Not to mention, body becomes extremely durable and is protected from almost everything. From toxins and diseases up to sharp swords and bullets. People with Nexus say that they can simulate whole universes in their head...</description>
    <descriptionHyperlinks><RecipeDef>InstallYanzArchotechNexus</RecipeDef></descriptionHyperlinks>
    <costList>
		<BlockArchotech>50</BlockArchotech>
		<ComponentArchotech>10</ComponentArchotech>
		<Femtomachinery>100</Femtomachinery>
		<Attomachinery>50</Attomachinery>
		<Archolibrary>1</Archolibrary>
    </costList>
    <thingSetMakerTags><li>RewardStandardHighFreq</li></thingSetMakerTags>
    <statBases>
      <Mass>1</Mass>
    </statBases>
	<recipeMaker><researchPrerequisite>ArchoNexus</researchPrerequisite></recipeMaker>
  </ThingDef>

  <RecipeDef ParentName="SurgeryInstallBodyPartArtificialBase">
    <defName>InstallYanzArchotechNexus</defName>
    <label>install Archotech Nexus</label>
    <description>Install a Archotech Nexus.</description>
    <descriptionHyperlinks><ThingDef>YanzArchotechNexus</ThingDef></descriptionHyperlinks>
    <jobString>Installing Archotech Nexus.</jobString>
    <ingredients>
      <li>
        <filter>
          <thingDefs>
            <li>YanzArchotechNexus</li>
          </thingDefs>
        </filter>
        <count>1</count>
      </li>
    </ingredients>
    <fixedIngredientFilter>
      <thingDefs>
        <li>YanzArchotechNexus</li>
      </thingDefs>
    </fixedIngredientFilter>
    <appliedOnFixedBodyParts>
      <li>Brain</li>
    </appliedOnFixedBodyParts>
    <addsHediff>
	<li>YanzArchotechNexus</li>
	<!--<li>CatatonicBreakdown</li>-->
	</addsHediff>
  </RecipeDef>
  
</Defs>