﻿<?xml version="1.0" encoding="utf-8"?>
<ModMetaData>
<name>Eeveelutions - Glaceon Module [1.5]</name>
<author>Yanzihko</author>
<packageId>yanzihko.EGLACM</packageId>
<supportedVersions>
		<li>1.5</li>
</supportedVersions>
<modIconPath IgnoreIfNoMatchingField="True">UI/Minimodglac</modIconPath>
<description>
	
Glaceons were a highly experimental xenotype developed upon entropy manipulation research. Glaceons are able to reduce local enthropy and to seemingly dump it into nowhere. Glaceons themselves seem to have much lower enthropy than their surroundings, making them essentially immunte to cold temperatures. Glaceon is an advanced variation of xenohumans with a precisely tuned genome that becomes highly unstable outside of very short range of acceptable parameters. Technically they even can be considered an alien species. Their modification is impossible outside of advanced Glitterworld facilities and without source Genome templates.

Support me at Boosty: https://boosty.to/yanzihko
</description>
	<modDependencies>
		<li>
			<packageId>erdelf.HumanoidAlienRaces</packageId>
			<displayName>Humanoid Alien Races 2.0</displayName>
			<steamWorkshopUrl>steam://url/CommunityFilePage/839005762</steamWorkshopUrl>
		</li>
		<li>
			<packageId>yanzihko.YZRCM</packageId>
			<displayName>Yanzihko's Races - Core Module [YZRCM][1.5]</displayName>
			<steamWorkshopUrl>steam://url/CommunityFilePage/3005787388</steamWorkshopUrl>
		</li>
	</modDependencies>
</ModMetaData>