﻿<?xml version="1.0" encoding="utf-8"?>
<ModMetaData>
<name>Eeveelutions - Flareon Module [1.4]</name>
<author>Yanzihko</author>
<packageId>yanzihko.EFLARM</packageId>
<supportedVersions>
		<li>1.4</li>
</supportedVersions>
<description>
	
Flareon is a Genetically modified species designed to survive in environments with extreme heat. They are more robust than many others Eeveelutions and require a bit less nutrition thanks to their unique ability to partially convert thermal radiation into useful energy for their cells. Flareon is an advanced variation of xenohumans with a precisely tuned genome that becomes highly unstable outside of very short range of acceptable parameters. Technically they even can be considered an alien species. Their modification is impossible outside of advanced Glitterworld facilities and without source Genome templates.

Support me at Boosty: https://boosty.to/yanzihko
</description>
	<modDependencies>
		<li>
			<packageId>erdelf.HumanoidAlienRaces</packageId>
			<displayName>Humanoid Alien Races 2.0</displayName>
			<steamWorkshopUrl>steam://url/CommunityFilePage/839005762</steamWorkshopUrl>
		</li>
		<li>
			<packageId>yanzihko.YZRCM</packageId>
			<displayName>Yanzihko's Races - Core Module [YZRCM][1.4]</displayName>
			<steamWorkshopUrl>steam://url/CommunityFilePage/3005787388</steamWorkshopUrl>
		</li>
	</modDependencies>
</ModMetaData>