﻿<?xml version="1.0" encoding="utf-8"?>
<ModMetaData>
<name>Eeveelutions - Jolteon Module [1.4]</name>
<author>Yanzihko</author>
<packageId>yanzihko.EJOLTM</packageId>
<supportedVersions>
		<li>1.4</li>
</supportedVersions>
<description>
	
Jolteons were originally developed for military purposes with manipulation of electricity as their primarly focus. After project was scrapped, Jolteons were quickly modified into agile, dexterous servitors for one of the rural glitterworlds. While most of their abilities were disabled, they are still able to utilize electricity to some extent. Jolteon is an advanced variation of xenohumans with a precisely tuned genome that becomes highly unstable outside of very short range of acceptable parameters. Technically they even can be considered an alien species. Their modification is impossible outside of advanced Glitterworld facilities and without source Genome templates.

Support me at Boosty: https://boosty.to/yanzihko
</description>
	<modDependencies>
		<li>
			<packageId>erdelf.HumanoidAlienRaces</packageId>
			<displayName>Humanoid Alien Races 2.0</displayName>
			<steamWorkshopUrl>steam://url/CommunityFilePage/839005762</steamWorkshopUrl>
		</li>
		<li>
			<packageId>yanzihko.YZRCM</packageId>
			<displayName>Yanzihko's Races - Core Module [YZRCM][1.4]</displayName>
			<steamWorkshopUrl>steam://url/CommunityFilePage/3005787388</steamWorkshopUrl>
		</li>
	</modDependencies>
</ModMetaData>