﻿<?xml version="1.0" encoding="utf-8" ?>
<Defs>

<!--Cutis Helmet-->
<!--<ThingDef ParentName="ArmorHelmetMakeableBase">
		<defName>ArchotechCutisHelmet</defName>
		<label>Archotech Cutis</label>
		<description>A helmet made with usage of archotech technologies and archomachinery. Automatically adjusts itself according to a head shape, making it extremely comfortable for everyone. Outer surface can be described as a set of glowing and constantly changing panels that predict trajectory of any incoming object and reflect it with almost perfect efficiency. Inner surface is covered with soft archostrand. Once user puts on helmet, it releases femtomachinery gel that fills an entire inner volume of the helmet and acts as an additional layer of protection. Gel feels like a water, but is completely breathable and very gentle to lungs. Helmet catches all the important information and transmits it directly into the mind of a user, and duplicates some of it at the display. Cutis also projects a weak shield around an entire body, that can protect user from a small amount of ranged attacks and also gives a sense of piece, safety and comfort.</description>
		<thingClass>YanzArchotech.TextureableShieldBelt</thingClass>
		<techLevel>Spacer</techLevel>
		<tickerType>Normal</tickerType>
		<tradeability>Sellable</tradeability>
        <generateCommonality>0.05</generateCommonality>
		<graphicData>
			<texPath>Things/Apparel/Cutis_Helmet/Cutis</texPath>
			<graphicClass>Graphic_Single</graphicClass>
		</graphicData>
		<costList>
			<BlockArchotech>50</BlockArchotech>
			<Archostrand>50</Archostrand>
			<ComponentArchotech>4</ComponentArchotech>
			<Femtomachinery>50</Femtomachinery>
			<Attomachinery>10</Attomachinery>
		</costList>
		<comps>
        <li Class="YanzArchotech.RangedShield">
            <texture>Misc/Archotech_green1_shield</texture>
        </li>
		</comps>
		<statBases>
			<WorkToMake>25000</WorkToMake>
			<MaxHitPoints>5000</MaxHitPoints>
			<Mass>2</Mass>
			<Flammability>0.1</Flammability>
			<ArmorRating_Sharp>2</ArmorRating_Sharp>
			<ArmorRating_Blunt>2</ArmorRating_Blunt>
			<ArmorRating_Heat>2</ArmorRating_Heat>
			<Insulation_Cold>20</Insulation_Cold>
			<Insulation_Heat>20</Insulation_Heat>
			<EquipDelay>1</EquipDelay>
			<EnergyShieldRechargeRate>1</EnergyShieldRechargeRate>
			<EnergyShieldEnergyMax>1</EnergyShieldEnergyMax>
		</statBases>
		<equippedStatOffsets>
			<AccuracyTouch>1</AccuracyTouch>
			<AccuracyShort>1</AccuracyShort>
			<AccuracyMedium>1</AccuracyMedium>
			<AccuracyLong>1</AccuracyLong>
		</equippedStatOffsets>
		<thingCategories Inherit="False">
			<li>Headgear</li>
		</thingCategories>
		<thingSetMakerTags>
			<li>RewardSpecial</li>
		</thingSetMakerTags>
		<apparel>
			<bodyPartGroups>
				<li>FullHead</li>
			</bodyPartGroups>
			<wornGraphicPath>Things/Apparel/Cutis_Helmet/Cutis</wornGraphicPath>
			<useWornGraphicMask>true</useWornGraphicMask>
			<layers>
				<li>Overhead</li>
			</layers>
			<tags>
				<li>ArchotechMilitary</li>
			</tags>
			<defaultOutfitTags>
				<li>Soldier</li>
			</defaultOutfitTags>
			<useDeflectMetalEffect>true</useDeflectMetalEffect>
		</apparel>
		<recipeMaker>
			<unfinishedThingDef>UnfinishedTechArmor</unfinishedThingDef>
			<researchPrerequisite>ArchoMilDesigns</researchPrerequisite>
			<skillRequirements>
				<Crafting>10</Crafting>
			</skillRequirements>
			<recipeUsers Inherit="False">
				<li>ArchotechStation</li>
			</recipeUsers>
		</recipeMaker>
	</ThingDef>-->
	
	<!--VULPIAN POWER ARMOR-->
<!--<ThingDef ParentName="ArmorMachineableBase">
		<defName>VulpesPowerArmor</defName>
		<label>Vulpian Power Armor</label>
		<description>Custom made power armor created especially for Vulpes due to their small body size and anatomy. It's very tough and will protect fragile and tender body even from a direct hit by sniper rifle. Inner surface is covered with soft synthread layer. Although huge ammount of resources and time is required to make one. Power armor is equipped with strong portative shield generator. Other creatures are not able to wear this armor. IMPORTANT NOTE: You can shoot through the shield! You won't see charge of Power armor and Helmet at the same time but they're stack with each other!</description>
		<graphicData>
			<texPath>Items/BodyApparel/PowerArmor/Vulpespowerarmor</texPath>
			<graphicClass>Graphic_Single</graphicClass>
		</graphicData>
		<techLevel>Spacer</techLevel>
		<tickerType>Normal</tickerType>
		<tradeability>Sellable</tradeability>
        <generateCommonality>0.05</generateCommonality>
		<thingClass>ShieldApparel.ShieldApparel</thingClass>
		<costList>
			<ComponentSpacer>8</ComponentSpacer>
			<Plasteel>150</Plasteel>
			<Synthread>30</Synthread>
			<Uranium>40</Uranium>
		</costList>
		<statBases>
			<MaxHitPoints>500</MaxHitPoints>
			<WorkToMake>60000</WorkToMake>
			<Mass>8</Mass>
			<Flammability>0.1</Flammability>
			<ArmorRating_Sharp>3</ArmorRating_Sharp>
			<ArmorRating_Blunt>2</ArmorRating_Blunt>
			<ArmorRating_Heat>2</ArmorRating_Heat>
			<Insulation_Cold>30</Insulation_Cold>
			<Insulation_Heat>30</Insulation_Heat>
			<EquipDelay>20</EquipDelay>
			<EnergyShieldRechargeRate>1</EnergyShieldRechargeRate>
			<EnergyShieldEnergyMax>1</EnergyShieldEnergyMax>
		</statBases>
		<equippedStatOffsets>
			<MoveSpeed>5</MoveSpeed>
		</equippedStatOffsets>
		<thingCategories Inherit="False">
			<li>Apparel</li>
		</thingCategories>
		<thingSetMakerTags>
			<li>RewardSpecial</li>
		</thingSetMakerTags>
		<apparel>
			<bodyPartGroups>
				<li>Torso</li>
				<li>Tail</li>
				<li>Shoulders</li>
				<li>Arms</li>
				<li>Hands</li>
				<li>MiddleFingers</li>
				<li>Legs</li>
				<li>Feet</li>
			</bodyPartGroups>
			<wornGraphicPath>Items/BodyApparel/PowerArmor/Vulpespowerarmor</wornGraphicPath>
			<useWornGraphicMask>true</useWornGraphicMask>
			<layers>
				<li>Shell</li>
				<li>Middle</li>
			</layers>
			<tags>
				<li>SpacerMilitary</li>
			</tags>
			<defaultOutfitTags>
				<li>Soldier</li>
			</defaultOutfitTags>
			<useDeflectMetalEffect>true</useDeflectMetalEffect>
		</apparel>
		<recipeMaker>
			<unfinishedThingDef>UnfinishedTechArmor</unfinishedThingDef>
			<researchPrerequisite>VulpesPoweredArmor</researchPrerequisite>
			<skillRequirements>
				<Crafting>10</Crafting>
			</skillRequirements>
			<recipeUsers Inherit="False">
				<li>Vstation_building</li>
			</recipeUsers>
		</recipeMaker>
		<colorGenerator Class="ColorGenerator_Options">
			<options>
				<li>
					<weight>1</weight>
					<only>(0.33,0.33,0.33,1)</only>
				</li>
				<li>
					<weight>1</weight>
					<only>(0.65,0.65,0.65,1)</only>
				</li>
				<li>
					<weight>1</weight>
					<only>(0,0.18,0.27,1)</only>
				</li>
				<li>
					<weight>1</weight>
					<only>(0.89,0.22,0.33,1)</only>
				</li>
				<li>
					<weight>1</weight>
					<only>(0.9,0.9,0.9,1)</only>
				</li>
			</options>
		</colorGenerator>
	</ThingDef>
	
	<ThingDef ParentName="ApparelMakeableBase">
		<defName>VulpesNeuroskin</defName>
		<label>Vulpian Neuroskin</label>
		<description>Neuroskin is a spacer-tech apparel with endless list of complex systems such as neuro-interface, climate-control etc. Neuroskin have a very weak portable shield that can save it's owner from single deadly shot. Vulpes say that neuroskin is not an apparel, it's an extension of a body. Neuroskin design was developed by mad Vulpian scientists. Other races cannot use this apparell because of Vulpian-locked DNA analyzer.</description>
		<graphicData>
			<texPath>Items/BodyApparel/Neuroskin/Vulpesneuroskin</texPath>
			<graphicClass>Graphic_Single</graphicClass>
		</graphicData>
		<techLevel>Spacer</techLevel>
		<tickerType>Normal</tickerType>
		<tradeability>Sellable</tradeability>
        <generateCommonality>0.05</generateCommonality>
		<thingClass>ShieldApparel.ShieldApparel</thingClass>
		<costList>
			<ComponentSpacer>5</ComponentSpacer>
			<Synthread>60</Synthread>
			<Uranium>5</Uranium>
		</costList>
		<statBases>
			<MaxHitPoints>125</MaxHitPoints>
			<WorkToMake>60000</WorkToMake>
			<Mass>2</Mass>
			<Flammability>0.1</Flammability>
			<ArmorRating_Sharp>0.5</ArmorRating_Sharp>
			<ArmorRating_Blunt>0.5</ArmorRating_Blunt>
			<ArmorRating_Heat>0.5</ArmorRating_Heat>
			<Insulation_Cold>10</Insulation_Cold>
			<Insulation_Heat>10</Insulation_Heat>
			<EquipDelay>20</EquipDelay>
			<EnergyShieldRechargeRate>1</EnergyShieldRechargeRate>
			<EnergyShieldEnergyMax>0.25</EnergyShieldEnergyMax>
		</statBases>
		<equippedStatOffsets>
			<MoveSpeed>2</MoveSpeed>
			<WorkSpeedGlobal>0.25</WorkSpeedGlobal>
		</equippedStatOffsets>
		<thingCategories Inherit="False">
			<li>Apparel</li>
		</thingCategories>
		<thingSetMakerTags>
			<li>RewardSpecial</li>
		</thingSetMakerTags>
		<apparel>
			<bodyPartGroups>
				<li>Torso</li>
				<li>Shoulders</li>
				<li>Arms</li>
				<li>Hands</li>
				<li>MiddleFingers</li>
				<li>Legs</li>
				<li>Feet</li>
			</bodyPartGroups>
			<wornGraphicPath>Items/BodyApparel/Neuroskin/Vulpesneuroskin</wornGraphicPath>
			<layers>
				<li>OnSkin</li>
			</layers>
			<tags>
				<li>SpacerMilitary</li>
			</tags>
			<defaultOutfitTags>
				<li>Soldier</li>
			</defaultOutfitTags>
			<useDeflectMetalEffect>true</useDeflectMetalEffect>
		</apparel>
		<recipeMaker>
			<unfinishedThingDef>UnfinishedTechArmor</unfinishedThingDef>
			<researchPrerequisite>VulpesPoweredArmor</researchPrerequisite>
			<skillRequirements>
				<Crafting>10</Crafting>
			</skillRequirements>
			<recipeUsers Inherit="False">
				<li>Vstation_building</li>
			</recipeUsers>
		</recipeMaker>
		<colorGenerator Class="ColorGenerator_Options"> 
			<options>
				<li>
					<weight>10</weight>
					<only>(1,1,1)</only>
				</li>
			</options>
		</colorGenerator>
	</ThingDef>-->
</Defs>