﻿<?xml version="1.0" encoding="utf-8"?>
<ModMetaData>
<name>Lombax - Desert Warriors [1.4]</name>
<author>Yanzihko</author>
<packageId>yanzihko.LDW</packageId>
<supportedVersions>
		<li>1.4</li>
</supportedVersions>
<description>
Lombax is a distant descendant of human race. Thousands of years of gene-engineering, adaptation and living in hot desert worlds completely changed it's appearence, culture and biology. After destruction of lombax central glitterworld - Fastoon, a small interstellar empire consisting of few solar systems has collapsed and is drowned in chaos. Billions of souls in thousands of colony ships got scattered across an entire galaxy in search of better life. Because of this, it's possible to find lombaxes at some rimworlds. Despite their size, Lombaxes have quite strong and tough bodies, not to mention their warrior culture and engineering skills. You don't want to understimate them. Lombaxes know how to punch in face hard and how to use big guns.

Support me at Boosty: https://boosty.to/yanzihko
</description>
	<modDependencies>
		<li>
			<packageId>erdelf.HumanoidAlienRaces</packageId>
			<displayName>Humanoid Alien Races 2.0</displayName>
			<steamWorkshopUrl>steam://url/CommunityFilePage/839005762</steamWorkshopUrl>
		</li>
		<li>
			<packageId>yanzihko.YZRCM</packageId>
			<displayName>Yanzihko's Races - Core Module [YZRCM][1.4]</displayName>
			<steamWorkshopUrl>steam://url/CommunityFilePage/3005787388</steamWorkshopUrl>
		</li>
	</modDependencies>
</ModMetaData>