﻿<?xml version="1.0" encoding="utf-8" ?>
<Defs>

 <ThingDef ParentName="LeatherBase" MayRequire="yanzihko.EEVEM">
    <defName>Eevee_leather</defName>
    <label>Eevee Leather</label>
    <description>Eevee leather with gentle silk fur. Very tender but barely has any insulation. Very expensive due to it's texture and out of this world beauty.</description>
    <graphicData>
      <color>(245,155,37)</color>
    </graphicData>
    <statBases>
      <MarketValue>50.0</MarketValue>
      <StuffPower_Armor_Sharp>0.05</StuffPower_Armor_Sharp>
	  <StuffPower_Armor_Blunt>0.05</StuffPower_Armor_Blunt>
      <StuffPower_Insulation_Cold>5</StuffPower_Insulation_Cold>
      <StuffPower_Insulation_Heat>5</StuffPower_Insulation_Heat>
    </statBases>
    <stuffProps>
      <color>(255,122,244)</color>
      <commonality>0.01</commonality>
	<statFactors>
      <MaxHitPoints>1</MaxHitPoints>
      <Beauty>10</Beauty>
	</statFactors>
    </stuffProps>
  </ThingDef>
  
  <ThingDef ParentName="LeatherBase" MayRequire="yanzihko.EESPM">
    <defName>Espeon_leather</defName>
    <label>Espeon Leather</label>
    <description>Espeon leather with gentle silk fur. Very tender but barely has any insulation. Very expensive due to it's texture and out of this world beauty.</description>
    <graphicData>
      <color>(245,155,37)</color>
    </graphicData>
    <statBases>
      <MarketValue>50.0</MarketValue>
      <StuffPower_Armor_Sharp>0.05</StuffPower_Armor_Sharp>
	  <StuffPower_Armor_Blunt>0.05</StuffPower_Armor_Blunt>
      <StuffPower_Insulation_Cold>5</StuffPower_Insulation_Cold>
      <StuffPower_Insulation_Heat>5</StuffPower_Insulation_Heat>
    </statBases>
    <stuffProps>
      <color>(255,122,244)</color>
      <commonality>0.01</commonality>
	<statFactors>
      <MaxHitPoints>1</MaxHitPoints>
      <Beauty>10</Beauty>
	</statFactors>
    </stuffProps>
  </ThingDef>
  
   <ThingDef ParentName="LeatherBase" MayRequire="yanzihko.EFLARM">
    <defName>Flareon_leather</defName>
    <label>Flareon Leather</label>
    <description>Flareon leather with gentle silk fur. Very tender but barely has any insulation. Very expensive due to it's texture and out of this world beauty.</description>
    <graphicData>
      <color>(245,155,37)</color>
    </graphicData>
    <statBases>
      <MarketValue>50.0</MarketValue>
      <StuffPower_Armor_Sharp>0.05</StuffPower_Armor_Sharp>
	  <StuffPower_Armor_Blunt>0.05</StuffPower_Armor_Blunt>
      <StuffPower_Insulation_Cold>5</StuffPower_Insulation_Cold>
      <StuffPower_Insulation_Heat>5</StuffPower_Insulation_Heat>
    </statBases>
    <stuffProps>
      <color>(255,122,244)</color>
      <commonality>0.01</commonality>
	<statFactors>
      <MaxHitPoints>1</MaxHitPoints>
      <Beauty>10</Beauty>
	</statFactors>
    </stuffProps>
  </ThingDef>
  
  <ThingDef ParentName="LeatherBase" MayRequire="yanzihko.EGLACM">
    <defName>Glaceon_leather</defName>
    <label>Glaceon Leather</label>
    <description>Glaceon leather with gentle silk fur. Very tender but barely has any insulation. Very expensive due to it's texture and out of this world beauty.</description>
    <graphicData>
      <color>(245,155,37)</color>
    </graphicData>
    <statBases>
      <MarketValue>50.0</MarketValue>
      <StuffPower_Armor_Sharp>0.05</StuffPower_Armor_Sharp>
	  <StuffPower_Armor_Blunt>0.05</StuffPower_Armor_Blunt>
      <StuffPower_Insulation_Cold>5</StuffPower_Insulation_Cold>
      <StuffPower_Insulation_Heat>5</StuffPower_Insulation_Heat>
    </statBases>
    <stuffProps>
      <color>(255,122,244)</color>
      <commonality>0.01</commonality>
	<statFactors>
      <MaxHitPoints>1</MaxHitPoints>
      <Beauty>10</Beauty>
	</statFactors>
    </stuffProps>
  </ThingDef>
  
  <ThingDef ParentName="LeatherBase" MayRequire="yanzihko.EJOLTM">
    <defName>Jolteon_leather</defName>
    <label>Jolteon Leather</label>
    <description>Jolteon leather with gentle silk fur. Very tender but barely has any insulation. Very expensive due to it's texture and out of this world beauty.</description>
    <graphicData>
      <color>(245,155,37)</color>
    </graphicData>
    <statBases>
      <MarketValue>50.0</MarketValue>
      <StuffPower_Armor_Sharp>0.05</StuffPower_Armor_Sharp>
	  <StuffPower_Armor_Blunt>0.05</StuffPower_Armor_Blunt>
      <StuffPower_Insulation_Cold>5</StuffPower_Insulation_Cold>
      <StuffPower_Insulation_Heat>5</StuffPower_Insulation_Heat>
    </statBases>
    <stuffProps>
      <color>(255,122,244)</color>
      <commonality>0.01</commonality>
	<statFactors>
      <MaxHitPoints>1</MaxHitPoints>
      <Beauty>10</Beauty>
	</statFactors>
    </stuffProps>
  </ThingDef>
  
   <ThingDef ParentName="LeatherBase" MayRequire="yanzihko.ELEAFM">
    <defName>Leafeon_leather</defName>
    <label>Leafeon Leather</label>
    <description>Leafeon leather with gentle silk fur. Very tender but barely has any insulation. Very expensive due to it's texture and out of this world beauty.</description>
    <graphicData>
      <color>(245,155,37)</color>
    </graphicData>
    <statBases>
      <MarketValue>50.0</MarketValue>
      <StuffPower_Armor_Sharp>0.05</StuffPower_Armor_Sharp>
	  <StuffPower_Armor_Blunt>0.05</StuffPower_Armor_Blunt>
      <StuffPower_Insulation_Cold>5</StuffPower_Insulation_Cold>
      <StuffPower_Insulation_Heat>5</StuffPower_Insulation_Heat>
    </statBases>
    <stuffProps>
      <color>(255,122,244)</color>
      <commonality>0.01</commonality>
	<statFactors>
      <MaxHitPoints>1</MaxHitPoints>
      <Beauty>10</Beauty>
	</statFactors>
    </stuffProps>
  </ThingDef>
  
   <ThingDef ParentName="LeatherBase" MayRequire="yanzihko.ESYLVM">
    <defName>Sylveon_leather</defName>
    <label>Sylveon Leather</label>
    <description>Sylveon leather with gentle silk fur. Very tender but barely has any insulation. Very expensive due to it's texture and out of this world beauty.</description>
    <graphicData>
      <color>(245,155,37)</color>
    </graphicData>
    <statBases>
      <MarketValue>50.0</MarketValue>
      <StuffPower_Armor_Sharp>0.05</StuffPower_Armor_Sharp>
	  <StuffPower_Armor_Blunt>0.05</StuffPower_Armor_Blunt>
      <StuffPower_Insulation_Cold>5</StuffPower_Insulation_Cold>
      <StuffPower_Insulation_Heat>5</StuffPower_Insulation_Heat>
    </statBases>
    <stuffProps>
      <color>(255,122,244)</color>
      <commonality>0.01</commonality>
	<statFactors>
      <MaxHitPoints>1</MaxHitPoints>
      <Beauty>10</Beauty>
	</statFactors>
    </stuffProps>
  </ThingDef>
  
  <ThingDef ParentName="LeatherBase" MayRequire="yanzihko.EUMBM">
    <defName>Umbreon_leather</defName>
    <label>Umbreon Leather</label>
    <description>Umbreon leather with gentle silk fur. Very tender but barely has any insulation. Very expensive due to it's texture and out of this world beauty.</description>
    <graphicData>
      <color>(245,155,37)</color>
    </graphicData>
    <statBases>
      <MarketValue>50.0</MarketValue>
      <StuffPower_Armor_Sharp>0.05</StuffPower_Armor_Sharp>
	  <StuffPower_Armor_Blunt>0.05</StuffPower_Armor_Blunt>
      <StuffPower_Insulation_Cold>5</StuffPower_Insulation_Cold>
      <StuffPower_Insulation_Heat>5</StuffPower_Insulation_Heat>
    </statBases>
    <stuffProps>
      <color>(255,122,244)</color>
      <commonality>0.01</commonality>
	<statFactors>
      <MaxHitPoints>1</MaxHitPoints>
      <Beauty>10</Beauty>
	</statFactors>
    </stuffProps>
  </ThingDef>
  
  <ThingDef ParentName="LeatherBase" MayRequire="yanzihko.EVAPM">
    <defName>Vaporeon_leather</defName>
    <label>Vaporeon Leather</label>
    <description>Vaporeon leather with interesting pattern and tender texture. Very beautiful and great against blunt damage due to its structure.</description>
    <graphicData>
      <color>(245,155,37)</color>
    </graphicData>
    <statBases>
      <MarketValue>50.0</MarketValue>
      <StuffPower_Armor_Sharp>0.05</StuffPower_Armor_Sharp>
	  <StuffPower_Armor_Blunt>0.50</StuffPower_Armor_Blunt>
      <StuffPower_Insulation_Cold>5</StuffPower_Insulation_Cold>
      <StuffPower_Insulation_Heat>5</StuffPower_Insulation_Heat>
    </statBases>
    <stuffProps>
      <color>(255,122,244)</color>
      <commonality>0.01</commonality>
	<statFactors>
      <MaxHitPoints>1</MaxHitPoints>
      <Beauty>10</Beauty>
	</statFactors>
    </stuffProps>
  </ThingDef>
  
</Defs>
