﻿<?xml version="1.0" encoding="utf-8" ?>
<Defs>

  <ThingDef ParentName="LeatherBase" MayRequire="yanzihko.VAF">
    <defName>Vulpian_leather</defName>
    <label>Vulpian Leather</label>
    <description>Vulpian leather with gorgeus and rich silk fur. Very tender and protects well from heat. Very expensive due to it's properties and out of this world beauty.</description>
    <graphicData>
      <color>(245,155,37)</color>
    </graphicData>
    <statBases>
      <MarketValue>50.0</MarketValue>
      <StuffPower_Armor_Sharp>0.25</StuffPower_Armor_Sharp>
	  <StuffPower_Armor_Blunt>0.25</StuffPower_Armor_Blunt>
      <StuffPower_Insulation_Cold>5</StuffPower_Insulation_Cold>
      <StuffPower_Insulation_Heat>15</StuffPower_Insulation_Heat>
    </statBases>
    <stuffProps>
      <color>(250,220,0)</color>
      <commonality>0.01</commonality>
	<statFactors>
      <MaxHitPoints>1</MaxHitPoints>
      <Beauty>10</Beauty>
	</statFactors>
    </stuffProps>
  </ThingDef>
  
    <ThingDef ParentName="LeatherBase" MayRequire="yanzihko.LDW">
    <defName>Lombax_leather</defName>
    <label>Lombax leather</label>
    <description>Lombax leather with thick fur. Protects well from heat and has very interesting fur patterns.</description>
    <graphicData>
      <color>(255,186,98)</color>
    </graphicData>
    <statBases>
      <MarketValue>25.0</MarketValue>
      <StuffPower_Armor_Sharp>0.25</StuffPower_Armor_Sharp>
	  <StuffPower_Armor_Blunt>0.25</StuffPower_Armor_Blunt>
      <StuffPower_Insulation_Cold>5</StuffPower_Insulation_Cold>
      <StuffPower_Insulation_Heat>25</StuffPower_Insulation_Heat>
    </statBases>
    <stuffProps>
      <color>(255,186,98)</color>
      <commonality>0.01</commonality>
	<statFactors>
      <MaxHitPoints>1.25</MaxHitPoints>
      <Beauty>3</Beauty>
	</statFactors>
    </stuffProps>
  </ThingDef>
  
    <ThingDef ParentName="LeatherBase" MayRequire="yanzihko.BDFP">
    <defName>Braixen_leather</defName>
    <label>Braixen Leather</label>
    <description>Braixen leather with gorgeus and rich silk fur. Very tender and protects extremely well from heat. Traders are willing to pay a lot for its properties.</description>
    <graphicData>
	  <color>(245,155,37)</color>
    </graphicData>
    <statBases>
      <MarketValue>50.0</MarketValue>
      <StuffPower_Armor_Sharp>0.1</StuffPower_Armor_Sharp>
	  <StuffPower_Armor_Blunt>0.1</StuffPower_Armor_Blunt>
	  <StuffPower_Armor_Heat>2</StuffPower_Armor_Heat>
      <StuffPower_Insulation_Cold>25</StuffPower_Insulation_Cold>
      <StuffPower_Insulation_Heat>50</StuffPower_Insulation_Heat>
    </statBases>
    <stuffProps>
      <color>(250,220,0)</color>
      <commonality>0.01</commonality>
	<statFactors>
      <MaxHitPoints>1</MaxHitPoints>
      <Beauty>10</Beauty>
	</statFactors>
    </stuffProps>
  </ThingDef>
  
  <ThingDef ParentName="LeatherBase" MayRequire="yanzihko.BDFP">
    <defName>Delphox_leather</defName>
    <label>Delphox Leather</label>
    <description>Delphox leather with gorgeus and rich silk fur. Very tender and protects extremely well from heat. Traders are willing to pay a lot for its properties.</description>
    <graphicData>
	  <color>(245,155,37)</color>
    </graphicData>
    <statBases>
      <MarketValue>50.0</MarketValue>
      <StuffPower_Armor_Sharp>0.1</StuffPower_Armor_Sharp>
	  <StuffPower_Armor_Blunt>0.1</StuffPower_Armor_Blunt>
	  <StuffPower_Armor_Heat>2</StuffPower_Armor_Heat>
      <StuffPower_Insulation_Cold>25</StuffPower_Insulation_Cold>
      <StuffPower_Insulation_Heat>50</StuffPower_Insulation_Heat>
    </statBases>
    <stuffProps>
      <color>(250,220,0)</color>
      <commonality>0.01</commonality>
	<statFactors>
      <MaxHitPoints>1</MaxHitPoints>
      <Beauty>10</Beauty>
	</statFactors>
    </stuffProps>
  </ThingDef>
  
   <ThingDef ParentName="LeatherBase" MayRequire="yanzihko.IBDFPA">
    <defName>Icephox_leather</defName>
    <label>Icephox Leather</label>
    <description>Icephox leather with gorgeus and rich silk fur. Very tender and protects extremely well from cold. Traders are willing to pay a lot for its properties.</description>
    <graphicData>
	  <color>(245,155,37)</color>
    </graphicData>
    <statBases>
      <MarketValue>50.0</MarketValue>
      <StuffPower_Armor_Sharp>0.1</StuffPower_Armor_Sharp>
	  <StuffPower_Armor_Blunt>0.1</StuffPower_Armor_Blunt>
      <StuffPower_Insulation_Cold>80</StuffPower_Insulation_Cold>
      <StuffPower_Insulation_Heat>5</StuffPower_Insulation_Heat>
    </statBases>
    <stuffProps>
      <color>(250,220,0)</color>
      <commonality>0.01</commonality>
	<statFactors>
      <MaxHitPoints>1</MaxHitPoints>
      <Beauty>10</Beauty>
	</statFactors>
    </stuffProps>
  </ThingDef>
  
   <ThingDef ParentName="LeatherBase" MayRequire="yanzihko.ZIP">
    <defName>Zoroark_leather</defName>
    <label>Zoroark Leather</label>
    <description>Zoroark leather with gorgeus and rich silk fur. Very tender and protects well from heat. Very expensive due to it's properties and out of this world beauty.</description>
    <graphicData>
      <color>(245,155,37)</color>
    </graphicData>
    <statBases>
      <MarketValue>50.0</MarketValue>
      <StuffPower_Armor_Sharp>0.25</StuffPower_Armor_Sharp>
	  <StuffPower_Armor_Blunt>0.25</StuffPower_Armor_Blunt>
      <StuffPower_Insulation_Cold>5</StuffPower_Insulation_Cold>
      <StuffPower_Insulation_Heat>15</StuffPower_Insulation_Heat>
    </statBases>
    <stuffProps>
      <color>(250,220,0)</color>
      <commonality>0.01</commonality>
	<statFactors>
      <MaxHitPoints>1</MaxHitPoints>
      <Beauty>10</Beauty>
	</statFactors>
    </stuffProps>
  </ThingDef>
  
    <ThingDef ParentName="LeatherBase" MayRequire="yanzihko.MMP">
    <defName>Meowstic_leather</defName>
    <label>Meowstic Leather</label>
    <description>Meowstic leather with gorgeus and rich silk fur. Very tender and protects well from heat. Very expensive due to it's properties and out of this world beauty.</description>
    <graphicData>
      <color>(245,155,37)</color>
    </graphicData>
    <statBases>
      <MarketValue>50.0</MarketValue>
      <StuffPower_Armor_Sharp>0.25</StuffPower_Armor_Sharp>
	  <StuffPower_Armor_Blunt>0.25</StuffPower_Armor_Blunt>
      <StuffPower_Insulation_Cold>5</StuffPower_Insulation_Cold>
      <StuffPower_Insulation_Heat>15</StuffPower_Insulation_Heat>
    </statBases>
    <stuffProps>
      <color>(250,220,0)</color>
      <commonality>0.01</commonality>
	<statFactors>
      <MaxHitPoints>1</MaxHitPoints>
      <Beauty>10</Beauty>
	</statFactors>
    </stuffProps>
  </ThingDef>
  
  <ThingDef ParentName="LeatherBase" MayRequire="yanzihko.GFP">
    <defName>Gardevoir_leather</defName>
    <label>Gardevoir Leather</label>
    <description>Gardevoir leather with gorgeus and rich silk fur. Very tender and protects well from heat. Very expensive due to it's properties and out of this world beauty.</description>
    <graphicData>
      <color>(245,155,37)</color>
    </graphicData>
    <statBases>
      <MarketValue>50.0</MarketValue>
      <StuffPower_Armor_Sharp>0.25</StuffPower_Armor_Sharp>
	  <StuffPower_Armor_Blunt>0.25</StuffPower_Armor_Blunt>
      <StuffPower_Insulation_Cold>5</StuffPower_Insulation_Cold>
      <StuffPower_Insulation_Heat>15</StuffPower_Insulation_Heat>
    </statBases>
    <stuffProps>
      <color>(250,220,0)</color>
      <commonality>0.01</commonality>
	<statFactors>
      <MaxHitPoints>1</MaxHitPoints>
      <Beauty>10</Beauty>
	</statFactors>
    </stuffProps>
  </ThingDef>
  
</Defs>
