﻿<?xml version="1.0" encoding="utf-8" ?>
<Defs>

  <ThingDef ParentName="LeatherBase" MayRequire="yanzihko.FFR">
    <defName>Leo_leather</defName>
    <label>Leo Leather</label>
    <description>Leo leather with shining fur. Protects well from heat, but there's really nothing special about it.</description>
    <graphicData>
      <color>(245,155,37)</color>
    </graphicData>
    <statBases>
      <MarketValue>5.0</MarketValue>
      <StuffPower_Armor_Sharp>0.25</StuffPower_Armor_Sharp>
	  <StuffPower_Armor_Blunt>0.25</StuffPower_Armor_Blunt>
      <StuffPower_Insulation_Cold>0.1</StuffPower_Insulation_Cold>
      <StuffPower_Insulation_Heat>1</StuffPower_Insulation_Heat>
    </statBases>
    <stuffProps>
      <color>(250,220,0)</color>
      <commonality>0.01</commonality>
	<statFactors>
      <MaxHitPoints>1</MaxHitPoints>
      <Beauty>1</Beauty>
	</statFactors>
    </stuffProps>
  </ThingDef>
  
  <ThingDef ParentName="LeatherBase" MayRequire="yanzihko.FFR">
    <defName>Tigris_leather</defName>
    <label>Tigris Leather</label>
    <description>Tigris leather with shining fur. Extremely beauteful because of its pattern. Protects both from cold and heat.</description>
    <graphicData>
      <color>(245,155,37)</color>
    </graphicData>
    <statBases>
      <MarketValue>12.0</MarketValue>
      <StuffPower_Armor_Sharp>0.25</StuffPower_Armor_Sharp>
	  <StuffPower_Armor_Blunt>0.25</StuffPower_Armor_Blunt>
      <StuffPower_Insulation_Cold>1.25</StuffPower_Insulation_Cold>
      <StuffPower_Insulation_Heat>1.25</StuffPower_Insulation_Heat>
    </statBases>
    <stuffProps>
      <color>(250,220,0)</color>
      <commonality>0.01</commonality>
	<statFactors>
      <MaxHitPoints>1</MaxHitPoints>
      <Beauty>3</Beauty>
	</statFactors>
    </stuffProps>
  </ThingDef>
  
  <ThingDef ParentName="LeatherBase" MayRequire="yanzihko.FFR">
    <defName>Jaguar_leather</defName>
    <label>Jaguar Leather</label>
    <description>Jaguar leather with shining fur. Extremely beauteful because of its pattern. Protects well from heat.</description>
    <graphicData>
      <color>(245,155,37)</color>
    </graphicData>
    <statBases>
      <MarketValue>12.0</MarketValue>
      <StuffPower_Armor_Sharp>0.25</StuffPower_Armor_Sharp>
	  <StuffPower_Armor_Blunt>0.25</StuffPower_Armor_Blunt>
      <StuffPower_Insulation_Cold>0.1</StuffPower_Insulation_Cold>
      <StuffPower_Insulation_Heat>1.25</StuffPower_Insulation_Heat>
    </statBases>
    <stuffProps>
      <color>(250,220,0)</color>
      <commonality>0.01</commonality>
	<statFactors>
      <MaxHitPoints>1</MaxHitPoints>
      <Beauty>3</Beauty>
	</statFactors>
    </stuffProps>
  </ThingDef>
  
  <ThingDef ParentName="LeatherBase" MayRequire="yanzihko.FFR">
    <defName>Cheetah_leather</defName>
    <label>Cheetah Leather</label>
    <description>Cheetah leather with shining fur. Extremely beauteful because of its pattern. Protects well from heat.</description>
    <graphicData>
      <color>(245,155,37)</color>
    </graphicData>
    <statBases>
      <MarketValue>12.0</MarketValue>
      <StuffPower_Armor_Sharp>0.25</StuffPower_Armor_Sharp>
	  <StuffPower_Armor_Blunt>0.25</StuffPower_Armor_Blunt>
      <StuffPower_Insulation_Cold>0.1</StuffPower_Insulation_Cold>
      <StuffPower_Insulation_Heat>1.25</StuffPower_Insulation_Heat>
    </statBases>
    <stuffProps>
      <color>(250,220,0)</color>
      <commonality>0.01</commonality>
	<statFactors>
      <MaxHitPoints>1</MaxHitPoints>
      <Beauty>3</Beauty>
	</statFactors>
    </stuffProps>
  </ThingDef>
  
  <ThingDef ParentName="LeatherBase" MayRequire="yanzihko.FFR">
    <defName>Panther_leather</defName>
    <label>Panther Leather</label>
    <description>Panther leather with shining dark fur. Some traders prefer plain black color over complex patterns. Protects well from heat.</description>
    <graphicData>
      <color>(133,133,133)</color>
    </graphicData>
    <statBases>
      <MarketValue>8</MarketValue>
      <StuffPower_Armor_Sharp>0.25</StuffPower_Armor_Sharp>
	  <StuffPower_Armor_Blunt>0.25</StuffPower_Armor_Blunt>
      <StuffPower_Insulation_Cold>0.1</StuffPower_Insulation_Cold>
      <StuffPower_Insulation_Heat>1.25</StuffPower_Insulation_Heat>
    </statBases>
    <stuffProps>
      <color>(250,220,0)</color>
      <commonality>0.01</commonality>
	<statFactors>
      <MaxHitPoints>1</MaxHitPoints>
      <Beauty>2</Beauty>
	</statFactors>
    </stuffProps>
  </ThingDef>
  
</Defs>
