<?xml version="1.0" encoding="utf-8" ?>
<!-- These patches adds Glaceon PawnKinds to all base game encounters, 
	 with 20% of the weighting of the equivalent Human PawnKinds -->

<Patch>
	<!-- Pirates -->
	<!-- Pirate raid 1; 100 commonality, ranged with melee mix-ins -->
	<Operation Class="PatchOperationAdd">
	<xpath>*/FactionDef[defName="Pirate"]/pawnGroupMakers/li[1]/options</xpath>
	<value>
        <Glaceon_Drifter>2</Glaceon_Drifter>
		<Glaceon_Thrasher>0.6</Glaceon_Thrasher>
        <Glaceon_Scavenger>2</Glaceon_Scavenger>
        <Glaceon_Pirate>2</Glaceon_Pirate>
        <Glaceon_Grenadier_EMP>0.1</Glaceon_Grenadier_EMP>
        <Glaceon_Grenadier_Destructive>0.4</Glaceon_Grenadier_Destructive>
        <Glaceon_Mercenary_Gunner>2</Glaceon_Mercenary_Gunner>
        <Glaceon_Mercenary_Heavy>1.2</Glaceon_Mercenary_Heavy>
        <Glaceon_Mercenary_Slasher>0.6</Glaceon_Mercenary_Slasher>
        <Glaceon_Mercenary_Sniper>1.4</Glaceon_Mercenary_Sniper>
        <Glaceon_Mercenary_Elite>2</Glaceon_Mercenary_Elite>
        <Glaceon_PirateBoss>1</Glaceon_PirateBoss>
	</value>
	</Operation>

	<!-- Pirate raid 2; 30 commonality, melee only -->
	<Operation Class="PatchOperationAdd">
	<xpath>*/FactionDef[defName="Pirate"]/pawnGroupMakers/li[2]/options</xpath>
	<value>
        <Glaceon_Thrasher>2</Glaceon_Thrasher>
        <Glaceon_Mercenary_Slasher>2</Glaceon_Mercenary_Slasher>
        <Glaceon_PirateBoss>1</Glaceon_PirateBoss>
	</value>
	</Operation>

	<!-- Pirate raid 3; 20 commonality, ranged only -->
	<Operation Class="PatchOperationAdd">
	<xpath>*/FactionDef[defName="Pirate"]/pawnGroupMakers/li[3]/options</xpath>
	<value>
		<Glaceon_Scavenger>2.0</Glaceon_Scavenger>
		<Glaceon_Pirate>2.0</Glaceon_Pirate>
		<Glaceon_Grenadier_EMP>0.05</Glaceon_Grenadier_EMP>
		<Glaceon_Grenadier_Smoke>0.05</Glaceon_Grenadier_Smoke>
		<Glaceon_Grenadier_Destructive>0.4</Glaceon_Grenadier_Destructive>
		<Glaceon_Mercenary_Gunner>2.0</Glaceon_Mercenary_Gunner>
		<Glaceon_Mercenary_Heavy>1.2</Glaceon_Mercenary_Heavy>
		<Glaceon_Mercenary_Sniper>1.4</Glaceon_Mercenary_Sniper>
		<Glaceon_Mercenary_Elite>2.0</Glaceon_Mercenary_Elite>
		<Glaceon_PirateBoss>1.0</Glaceon_PirateBoss>
	</value>
	</Operation>

	<!-- Pirate raid 4; 15 commonality, explosives with ranged mix-ins -->
	<Operation Class="PatchOperationAdd">
	<xpath>*/FactionDef[defName="Pirate"]/pawnGroupMakers/li[4]/options</xpath>
	<value>
        <Glaceon_Grenadier_EMP>0.2</Glaceon_Grenadier_EMP>
        <Glaceon_Grenadier_Destructive>2</Glaceon_Grenadier_Destructive>
        <Glaceon_Mercenary_Gunner>0.2</Glaceon_Mercenary_Gunner>
        <Glaceon_Mercenary_Heavy>2</Glaceon_Mercenary_Heavy>
        <Glaceon_Mercenary_Elite>0.2</Glaceon_Mercenary_Elite>
        <Glaceon_PirateBoss>0.2</Glaceon_PirateBoss>
	</value>
	</Operation>

	<!-- Pirate raid 5; 10 commonality, snipers only -->
	<Operation Class="PatchOperationAdd">
	<xpath>*/FactionDef[defName="Pirate"]/pawnGroupMakers/li[5]/options</xpath>
	<value>
        <Glaceon_Mercenary_Sniper>2</Glaceon_Mercenary_Sniper>
	</value>
	</Operation>

	<!-- Pirate raid 6; 2.5 commonality, drifters only -->
	<Operation Class="PatchOperationAdd">
	<xpath>*/FactionDef[defName="Pirate"]/pawnGroupMakers/li[6]/options</xpath>
	<value>
        <Glaceon_Drifter>2</Glaceon_Drifter>
	</value>
	</Operation>

	<!-- Pirate Settlement; mainly ranged with melee mix-ins -->
	<Operation Class="PatchOperationAdd">
	<xpath>*/FactionDef[defName="Pirate"]/pawnGroupMakers/li[7]/options</xpath>
	<value>
        <Glaceon_Thrasher>0.6</Glaceon_Thrasher>
        <Glaceon_Pirate>2</Glaceon_Pirate>
        <Glaceon_Grenadier_Destructive>0.4</Glaceon_Grenadier_Destructive>
		<Glaceon_Mercenary_Slasher>0.6</Glaceon_Mercenary_Slasher>
		<Glaceon_Mercenary_Sniper>2</Glaceon_Mercenary_Sniper>
		<Glaceon_Mercenary_Gunner>2</Glaceon_Mercenary_Gunner>
		<Glaceon_Mercenary_Elite>2</Glaceon_Mercenary_Elite>
        <Glaceon_PirateBoss>2</Glaceon_PirateBoss>
	</value>
	</Operation>
	
	<!-- Outlander -->
	<!-- Outlander Raid; standard mix -->
	<Operation Class="PatchOperationAdd">
	<xpath>*/FactionDef[@Name="OutlanderFactionBase"]/pawnGroupMakers/li[1]/options</xpath>
	<value>
        <Glaceon_Villager>1</Glaceon_Villager>
        <Glaceon_Town_Guard>2</Glaceon_Town_Guard>
        <Glaceon_Grenadier_Destructive>0.3</Glaceon_Grenadier_Destructive>
		<Glaceon_Mercenary_Slasher>1.4</Glaceon_Mercenary_Slasher>
		<Glaceon_Mercenary_Gunner>2</Glaceon_Mercenary_Gunner>
		<Glaceon_Mercenary_Elite>2</Glaceon_Mercenary_Elite>
        <Glaceon_Town_Councilman>2</Glaceon_Town_Councilman>
	</value>
	</Operation>
	
	<!-- Outlander Peaceful -->
	<Operation Class="PatchOperationAdd">
	<xpath>*/FactionDef[@Name="OutlanderFactionBase"]/pawnGroupMakers/li[2]/options</xpath>
	<value>
        <Glaceon_Villager>4</Glaceon_Villager>
        <Glaceon_Town_Guard>2</Glaceon_Town_Guard>
        <Glaceon_Town_Councilman>2</Glaceon_Town_Councilman>
	</value>
	</Operation>

	<!-- Outlander Traders -->
	<Operation Class="PatchOperationAdd">
	<xpath>*/FactionDef[@Name="OutlanderFactionBase"]/pawnGroupMakers/li[3]/guards</xpath>
	<value>
        <Glaceon_Villager>0.6</Glaceon_Villager>
        <Glaceon_Town_Guard>2</Glaceon_Town_Guard>
        <Glaceon_Grenadier_Destructive>0.3</Glaceon_Grenadier_Destructive>
        <Glaceon_Mercenary_Slasher>1.4</Glaceon_Mercenary_Slasher>
        <Glaceon_Mercenary_Gunner>2</Glaceon_Mercenary_Gunner>
		<Glaceon_Mercenary_Elite>2</Glaceon_Mercenary_Elite>
	</value>
	</Operation>

	<Operation Class="PatchOperationAdd">
	<xpath>*/FactionDef[@Name="OutlanderFactionBase"]/pawnGroupMakers/li[3]/traders</xpath>
	<value>
        <Glaceon_Town_Trader>0.2</Glaceon_Town_Trader>
	</value>
	</Operation>

	<Operation Class="PatchOperationAdd">
	<xpath>*/FactionDef[@Name="OutlanderFactionBase"]/pawnGroupMakers/li[4]/options</xpath>
	<value>
		<Glaceon_Villager>2</Glaceon_Villager>
        <Glaceon_Town_Guard>2</Glaceon_Town_Guard>
        <Glaceon_Grenadier_Destructive>0.3</Glaceon_Grenadier_Destructive>
		<Glaceon_Mercenary_Slasher>1.4</Glaceon_Mercenary_Slasher>
        <Glaceon_Mercenary_Gunner>2</Glaceon_Mercenary_Gunner>
        <Glaceon_Mercenary_Elite>2</Glaceon_Mercenary_Elite>
        <Glaceon_Town_Councilman>2</Glaceon_Town_Councilman>
	</value>
	</Operation>

	<!-- Villager -->
	<!-- Villager Raid 1; 100 commonality, ranged with melee mix-ins -->
	<Operation Class="PatchOperationAdd">
	<xpath>*/FactionDef[@Name="TribeBase"]/pawnGroupMakers/li[1]/options</xpath>
	<value>
        <Glaceon_Tribal_Penitent>1</Glaceon_Tribal_Penitent>
        <Glaceon_Tribal_Warrior>1</Glaceon_Tribal_Warrior>
        <Glaceon_Tribal_Archer>2</Glaceon_Tribal_Archer>
        <Glaceon_Tribal_Hunter>2</Glaceon_Tribal_Hunter>
        <Glaceon_Tribal_HeavyArcher>2</Glaceon_Tribal_HeavyArcher>
        <Glaceon_Tribal_Berserker>1</Glaceon_Tribal_Berserker>
        <Glaceon_Tribal_ChiefRanged>0.6</Glaceon_Tribal_ChiefRanged>
        <Glaceon_Tribal_ChiefMelee>0.3</Glaceon_Tribal_ChiefMelee>
	</value>
	</Operation>

	<!-- Villager Raid 2; 60 commonality, ranged only -->
	<Operation Class="PatchOperationAdd">
	<xpath>*/FactionDef[@Name="TribeBase"]/pawnGroupMakers/li[2]/options</xpath>
	<value>
        <Glaceon_Tribal_Archer>2</Glaceon_Tribal_Archer>
        <Glaceon_Tribal_Hunter>2</Glaceon_Tribal_Hunter>
        <Glaceon_Tribal_HeavyArcher>2</Glaceon_Tribal_HeavyArcher>
        <Glaceon_Tribal_ChiefRanged>1</Glaceon_Tribal_ChiefRanged>
	</value>
	</Operation>

	<!-- Villager Raid 3; 60 commonality, melee only -->
	<Operation Class="PatchOperationAdd">
	<xpath>*/FactionDef[@Name="TribeBase"]/pawnGroupMakers/li[3]/options</xpath>
	<value>
        <Glaceon_Tribal_Penitent>2</Glaceon_Tribal_Penitent>
        <Glaceon_Tribal_Warrior>2</Glaceon_Tribal_Warrior>
        <Glaceon_Tribal_Berserker>2</Glaceon_Tribal_Berserker>
        <Glaceon_Tribal_ChiefMelee>1</Glaceon_Tribal_ChiefMelee>
	</value>
	</Operation>

	<!-- Villager Peaceful -->
	<Operation Class="PatchOperationAdd">
	<xpath>*/FactionDef[@Name="TribeBase"]/pawnGroupMakers/li[5]/options</xpath>
	<value>
        <Glaceon_Tribal_Warrior>4</Glaceon_Tribal_Warrior>
        <Glaceon_Tribal_Archer>2</Glaceon_Tribal_Archer>
        <Glaceon_Tribal_Hunter>2</Glaceon_Tribal_Hunter>
        <Glaceon_Tribal_HeavyArcher>2</Glaceon_Tribal_HeavyArcher>
        <Glaceon_Tribal_Berserker>1</Glaceon_Tribal_Berserker>
        <Glaceon_Tribal_ChiefRanged>0.6</Glaceon_Tribal_ChiefRanged>
        <Glaceon_Tribal_ChiefMelee>0.3</Glaceon_Tribal_ChiefMelee>
	</value>
	</Operation>

	<!-- Villager Traders -->
	<Operation Class="PatchOperationAdd">
	<xpath>*/FactionDef[@Name="TribeBase"]/pawnGroupMakers/li[6]/guards</xpath>
	<value>
        <Glaceon_Tribal_Warrior>1.4</Glaceon_Tribal_Warrior>
        <Glaceon_Tribal_Archer>2</Glaceon_Tribal_Archer>
        <Glaceon_Tribal_Hunter>2</Glaceon_Tribal_Hunter>
        <Glaceon_Tribal_HeavyArcher>2</Glaceon_Tribal_HeavyArcher>
        <Glaceon_Tribal_Berserker>1.4</Glaceon_Tribal_Berserker>
	</value>
	</Operation>

	<Operation Class="PatchOperationAdd">
	<xpath>*/FactionDef[@Name="TribeBase"]/pawnGroupMakers/li[6]/traders</xpath>
	<value>
        <Glaceon_Tribal_Trader>0.2</Glaceon_Tribal_Trader>
	</value>
	</Operation>

	<!-- Settlement -->

	<Operation Class="PatchOperationAdd">
	<xpath>*/FactionDef[@Name="TribeBase"]/pawnGroupMakers/li[7]/options</xpath>
	<value>
          <Glaceon_Tribal_Warrior>1.4</Glaceon_Tribal_Warrior>
          <Glaceon_Tribal_Archer>2</Glaceon_Tribal_Archer>
          <Glaceon_Tribal_Hunter>2</Glaceon_Tribal_Hunter>
          <Glaceon_Tribal_HeavyArcher>2</Glaceon_Tribal_HeavyArcher>
          <Glaceon_Tribal_Berserker>1.4</Glaceon_Tribal_Berserker>
          <Glaceon_Tribal_ChiefRanged>2</Glaceon_Tribal_ChiefRanged>
	</value>
	</Operation>

</Patch>