<?xml version="1.0" encoding="utf-8" ?>
<!-- These patches adds Flareon PawnKinds to all base game encounters, 
	 with 20% of the weighting of the equivalent Human PawnKinds -->

<Patch>
	<!-- Pirates -->
	<!-- Pirate raid 1; 100 commonality, ranged with melee mix-ins -->
	<Operation Class="PatchOperationAdd">
	<xpath>*/FactionDef[defName="Pirate"]/pawnGroupMakers/li[1]/options</xpath>
	<value>
        <Flareon_Drifter>2</Flareon_Drifter>
		<Flareon_Thrasher>0.6</Flareon_Thrasher>
        <Flareon_Scavenger>2</Flareon_Scavenger>
        <Flareon_Pirate>2</Flareon_Pirate>
        <Flareon_Grenadier_EMP>0.1</Flareon_Grenadier_EMP>
        <Flareon_Grenadier_Destructive>0.4</Flareon_Grenadier_Destructive>
        <Flareon_Mercenary_Gunner>2</Flareon_Mercenary_Gunner>
        <Flareon_Mercenary_Heavy>1.2</Flareon_Mercenary_Heavy>
        <Flareon_Mercenary_Slasher>0.6</Flareon_Mercenary_Slasher>
        <Flareon_Mercenary_Sniper>1.4</Flareon_Mercenary_Sniper>
        <Flareon_Mercenary_Elite>2</Flareon_Mercenary_Elite>
        <Flareon_PirateBoss>1</Flareon_PirateBoss>
	</value>
	</Operation>

	<!-- Pirate raid 2; 30 commonality, melee only -->
	<Operation Class="PatchOperationAdd">
	<xpath>*/FactionDef[defName="Pirate"]/pawnGroupMakers/li[2]/options</xpath>
	<value>
        <Flareon_Thrasher>2</Flareon_Thrasher>
        <Flareon_Mercenary_Slasher>2</Flareon_Mercenary_Slasher>
        <Flareon_PirateBoss>1</Flareon_PirateBoss>
	</value>
	</Operation>

	<!-- Pirate raid 3; 20 commonality, ranged only -->
	<Operation Class="PatchOperationAdd">
	<xpath>*/FactionDef[defName="Pirate"]/pawnGroupMakers/li[3]/options</xpath>
	<value>
		<Flareon_Scavenger>2.0</Flareon_Scavenger>
		<Flareon_Pirate>2.0</Flareon_Pirate>
		<Flareon_Grenadier_EMP>0.05</Flareon_Grenadier_EMP>
		<Flareon_Grenadier_Smoke>0.05</Flareon_Grenadier_Smoke>
		<Flareon_Grenadier_Destructive>0.4</Flareon_Grenadier_Destructive>
		<Flareon_Mercenary_Gunner>2.0</Flareon_Mercenary_Gunner>
		<Flareon_Mercenary_Heavy>1.2</Flareon_Mercenary_Heavy>
		<Flareon_Mercenary_Sniper>1.4</Flareon_Mercenary_Sniper>
		<Flareon_Mercenary_Elite>2.0</Flareon_Mercenary_Elite>
		<Flareon_PirateBoss>1.0</Flareon_PirateBoss>
	</value>
	</Operation>

	<!-- Pirate raid 4; 15 commonality, explosives with ranged mix-ins -->
	<Operation Class="PatchOperationAdd">
	<xpath>*/FactionDef[defName="Pirate"]/pawnGroupMakers/li[4]/options</xpath>
	<value>
        <Flareon_Grenadier_EMP>0.2</Flareon_Grenadier_EMP>
        <Flareon_Grenadier_Destructive>2</Flareon_Grenadier_Destructive>
        <Flareon_Mercenary_Gunner>0.2</Flareon_Mercenary_Gunner>
        <Flareon_Mercenary_Heavy>2</Flareon_Mercenary_Heavy>
        <Flareon_Mercenary_Elite>0.2</Flareon_Mercenary_Elite>
        <Flareon_PirateBoss>0.2</Flareon_PirateBoss>
	</value>
	</Operation>

	<!-- Pirate raid 5; 10 commonality, snipers only -->
	<Operation Class="PatchOperationAdd">
	<xpath>*/FactionDef[defName="Pirate"]/pawnGroupMakers/li[5]/options</xpath>
	<value>
        <Flareon_Mercenary_Sniper>2</Flareon_Mercenary_Sniper>
	</value>
	</Operation>

	<!-- Pirate raid 6; 2.5 commonality, drifters only -->
	<Operation Class="PatchOperationAdd">
	<xpath>*/FactionDef[defName="Pirate"]/pawnGroupMakers/li[6]/options</xpath>
	<value>
        <Flareon_Drifter>2</Flareon_Drifter>
	</value>
	</Operation>

	<!-- Pirate Settlement; mainly ranged with melee mix-ins -->
	<Operation Class="PatchOperationAdd">
	<xpath>*/FactionDef[defName="Pirate"]/pawnGroupMakers/li[7]/options</xpath>
	<value>
        <Flareon_Thrasher>0.6</Flareon_Thrasher>
        <Flareon_Pirate>2</Flareon_Pirate>
        <Flareon_Grenadier_Destructive>0.4</Flareon_Grenadier_Destructive>
		<Flareon_Mercenary_Slasher>0.6</Flareon_Mercenary_Slasher>
		<Flareon_Mercenary_Sniper>2</Flareon_Mercenary_Sniper>
		<Flareon_Mercenary_Gunner>2</Flareon_Mercenary_Gunner>
		<Flareon_Mercenary_Elite>2</Flareon_Mercenary_Elite>
        <Flareon_PirateBoss>2</Flareon_PirateBoss>
	</value>
	</Operation>
	
	<!-- Outlander -->
	<!-- Outlander Raid; standard mix -->
	<Operation Class="PatchOperationAdd">
	<xpath>*/FactionDef[@Name="OutlanderFactionBase"]/pawnGroupMakers/li[1]/options</xpath>
	<value>
        <Flareon_Villager>1</Flareon_Villager>
        <Flareon_Town_Guard>2</Flareon_Town_Guard>
        <Flareon_Grenadier_Destructive>0.3</Flareon_Grenadier_Destructive>
		<Flareon_Mercenary_Slasher>1.4</Flareon_Mercenary_Slasher>
		<Flareon_Mercenary_Gunner>2</Flareon_Mercenary_Gunner>
		<Flareon_Mercenary_Elite>2</Flareon_Mercenary_Elite>
        <Flareon_Town_Councilman>2</Flareon_Town_Councilman>
	</value>
	</Operation>
	
	<!-- Outlander Peaceful -->
	<Operation Class="PatchOperationAdd">
	<xpath>*/FactionDef[@Name="OutlanderFactionBase"]/pawnGroupMakers/li[2]/options</xpath>
	<value>
        <Flareon_Villager>4</Flareon_Villager>
        <Flareon_Town_Guard>2</Flareon_Town_Guard>
        <Flareon_Town_Councilman>2</Flareon_Town_Councilman>
	</value>
	</Operation>

	<!-- Outlander Traders -->
	<Operation Class="PatchOperationAdd">
	<xpath>*/FactionDef[@Name="OutlanderFactionBase"]/pawnGroupMakers/li[3]/guards</xpath>
	<value>
        <Flareon_Villager>0.6</Flareon_Villager>
        <Flareon_Town_Guard>2</Flareon_Town_Guard>
        <Flareon_Grenadier_Destructive>0.3</Flareon_Grenadier_Destructive>
        <Flareon_Mercenary_Slasher>1.4</Flareon_Mercenary_Slasher>
        <Flareon_Mercenary_Gunner>2</Flareon_Mercenary_Gunner>
		<Flareon_Mercenary_Elite>2</Flareon_Mercenary_Elite>
	</value>
	</Operation>

	<Operation Class="PatchOperationAdd">
	<xpath>*/FactionDef[@Name="OutlanderFactionBase"]/pawnGroupMakers/li[3]/traders</xpath>
	<value>
        <Flareon_Town_Trader>0.2</Flareon_Town_Trader>
	</value>
	</Operation>

	<Operation Class="PatchOperationAdd">
	<xpath>*/FactionDef[@Name="OutlanderFactionBase"]/pawnGroupMakers/li[4]/options</xpath>
	<value>
		<Flareon_Villager>2</Flareon_Villager>
        <Flareon_Town_Guard>2</Flareon_Town_Guard>
        <Flareon_Grenadier_Destructive>0.3</Flareon_Grenadier_Destructive>
		<Flareon_Mercenary_Slasher>1.4</Flareon_Mercenary_Slasher>
        <Flareon_Mercenary_Gunner>2</Flareon_Mercenary_Gunner>
        <Flareon_Mercenary_Elite>2</Flareon_Mercenary_Elite>
        <Flareon_Town_Councilman>2</Flareon_Town_Councilman>
	</value>
	</Operation>

	<!-- Villager -->
	<!-- Villager Raid 1; 100 commonality, ranged with melee mix-ins -->
	<Operation Class="PatchOperationAdd">
	<xpath>*/FactionDef[@Name="TribeBase"]/pawnGroupMakers/li[1]/options</xpath>
	<value>
        <Flareon_Tribal_Penitent>1</Flareon_Tribal_Penitent>
        <Flareon_Tribal_Warrior>1</Flareon_Tribal_Warrior>
        <Flareon_Tribal_Archer>2</Flareon_Tribal_Archer>
        <Flareon_Tribal_Hunter>2</Flareon_Tribal_Hunter>
        <Flareon_Tribal_HeavyArcher>2</Flareon_Tribal_HeavyArcher>
        <Flareon_Tribal_Berserker>1</Flareon_Tribal_Berserker>
        <Flareon_Tribal_ChiefRanged>0.6</Flareon_Tribal_ChiefRanged>
        <Flareon_Tribal_ChiefMelee>0.3</Flareon_Tribal_ChiefMelee>
	</value>
	</Operation>

	<!-- Villager Raid 2; 60 commonality, ranged only -->
	<Operation Class="PatchOperationAdd">
	<xpath>*/FactionDef[@Name="TribeBase"]/pawnGroupMakers/li[2]/options</xpath>
	<value>
        <Flareon_Tribal_Archer>2</Flareon_Tribal_Archer>
        <Flareon_Tribal_Hunter>2</Flareon_Tribal_Hunter>
        <Flareon_Tribal_HeavyArcher>2</Flareon_Tribal_HeavyArcher>
        <Flareon_Tribal_ChiefRanged>1</Flareon_Tribal_ChiefRanged>
	</value>
	</Operation>

	<!-- Villager Raid 3; 60 commonality, melee only -->
	<Operation Class="PatchOperationAdd">
	<xpath>*/FactionDef[@Name="TribeBase"]/pawnGroupMakers/li[3]/options</xpath>
	<value>
        <Flareon_Tribal_Penitent>2</Flareon_Tribal_Penitent>
        <Flareon_Tribal_Warrior>2</Flareon_Tribal_Warrior>
        <Flareon_Tribal_Berserker>2</Flareon_Tribal_Berserker>
        <Flareon_Tribal_ChiefMelee>1</Flareon_Tribal_ChiefMelee>
	</value>
	</Operation>

	<!-- Villager Peaceful -->
	<Operation Class="PatchOperationAdd">
	<xpath>*/FactionDef[@Name="TribeBase"]/pawnGroupMakers/li[5]/options</xpath>
	<value>
        <Flareon_Tribal_Warrior>4</Flareon_Tribal_Warrior>
        <Flareon_Tribal_Archer>2</Flareon_Tribal_Archer>
        <Flareon_Tribal_Hunter>2</Flareon_Tribal_Hunter>
        <Flareon_Tribal_HeavyArcher>2</Flareon_Tribal_HeavyArcher>
        <Flareon_Tribal_Berserker>1</Flareon_Tribal_Berserker>
        <Flareon_Tribal_ChiefRanged>0.6</Flareon_Tribal_ChiefRanged>
        <Flareon_Tribal_ChiefMelee>0.3</Flareon_Tribal_ChiefMelee>
	</value>
	</Operation>

	<!-- Villager Traders -->
	<Operation Class="PatchOperationAdd">
	<xpath>*/FactionDef[@Name="TribeBase"]/pawnGroupMakers/li[6]/guards</xpath>
	<value>
        <Flareon_Tribal_Warrior>1.4</Flareon_Tribal_Warrior>
        <Flareon_Tribal_Archer>2</Flareon_Tribal_Archer>
        <Flareon_Tribal_Hunter>2</Flareon_Tribal_Hunter>
        <Flareon_Tribal_HeavyArcher>2</Flareon_Tribal_HeavyArcher>
        <Flareon_Tribal_Berserker>1.4</Flareon_Tribal_Berserker>
	</value>
	</Operation>

	<Operation Class="PatchOperationAdd">
	<xpath>*/FactionDef[@Name="TribeBase"]/pawnGroupMakers/li[6]/traders</xpath>
	<value>
        <Flareon_Tribal_Trader>0.2</Flareon_Tribal_Trader>
	</value>
	</Operation>

	<!-- Settlement -->

	<Operation Class="PatchOperationAdd">
	<xpath>*/FactionDef[@Name="TribeBase"]/pawnGroupMakers/li[7]/options</xpath>
	<value>
          <Flareon_Tribal_Warrior>1.4</Flareon_Tribal_Warrior>
          <Flareon_Tribal_Archer>2</Flareon_Tribal_Archer>
          <Flareon_Tribal_Hunter>2</Flareon_Tribal_Hunter>
          <Flareon_Tribal_HeavyArcher>2</Flareon_Tribal_HeavyArcher>
          <Flareon_Tribal_Berserker>1.4</Flareon_Tribal_Berserker>
          <Flareon_Tribal_ChiefRanged>2</Flareon_Tribal_ChiefRanged>
	</value>
	</Operation>

</Patch>