﻿<?xml version="1.0" encoding="utf-8" ?>
<Defs>

<ScenarioDef>
	<defName>FressalfarScenario1</defName>
	<label>Crashlanded Fressálfar</label>
	<description>Two Fressálfar sent from their dying home planet by their creator in hopes that they would survive. Created in a lab and artificially aged to adulthood; they have undergone artificial training in cryosleep to learn to survive and thrive on an unknown rimworld. Now, it's time for the real thing.</description>
	<scenario>
		<summary>Two Fressálfar sent from their dying home planet by their creator in hopes that they would survive. Created in a lab and artificially aged to adulthood; they have undergone artificial training in cryosleep to learn to survive and thrive on an unknown rimworld. Now, it's time for the real thing.</summary>
		<playerFaction>
			<def>PlayerFaction</def>
			<factionDef>PlayerFressalfarIndustrial</factionDef>
		</playerFaction>
		<parts>
		<!--■■■■■■■■■■■■■■■■■■■■ DROP PODS ■■■■■■■■■■■■■■■■■■■■-->
			<li Class="ScenPart_ConfigPage_ConfigureStartingPawns">
				<def>ConfigPage_ConfigureStartingPawns</def>
				<pawnCount>2</pawnCount>
			</li>
			<li Class="ScenPart_PlayerPawnsArriveMethod">
				<def>PlayerPawnsArriveMethod</def>
				<method>DropPods</method>
			</li>
			<li Class="ScenPart_StartingThing_Defined">
				<def>StartingThing_Defined</def>
				<thingDef>Gun_BoltActionRifle</thingDef>
				<count>1</count>
			</li>
			<li Class="ScenPart_StartingThing_Defined">
				<def>StartingThing_Defined</def>
				<thingDef>ThrumboHorn</thingDef>
				<count>1</count>
			</li>
			<li Class="ScenPart_StartingThing_Defined">
				<def>StartingThing_Defined</def>
				<thingDef>Apparel_AdvancedHelmet</thingDef>
				<stuff>Plasteel</stuff>
				<count>1</count>
			</li>
			<li Class="ScenPart_StartingThing_Defined">
				<def>StartingThing_Defined</def>
				<thingDef>Apparel_FlakVest</thingDef>
				<count>1</count>
			</li>
			<li Class="ScenPart_StartingThing_Defined">
				<def>StartingThing_Defined</def>
				<thingDef>Silver</thingDef>
				<count>1500</count>
			</li>
			<li Class="ScenPart_StartingThing_Defined">
				<def>StartingThing_Defined</def>
				<thingDef>MealSurvivalPack</thingDef>
				<count>35</count>
			</li>
			<li Class="ScenPart_StartingThing_Defined">
				<def>StartingThing_Defined</def>
				<thingDef>ComponentIndustrial</thingDef>
				<count>30</count>
			</li>
			<li Class="ScenPart_StartingThing_Defined">
				<def>StartingThing_Defined</def>
				<thingDef>MedicineIndustrial</thingDef>
				<count>20</count>
			</li>
			<li Class="ScenPart_StartingThing_Defined">
				<def>StartingThing_Defined</def>
				<thingDef>MedicineUltratech</thingDef>
				<count>2</count>
			</li>
			<!--■■■■■■■■■■■■■■■■■■■■ NEAR ■■■■■■■■■■■■■■■■■■■■-->
			<li Class="ScenPart_ScatterThingsNearPlayerStart">
				<def>ScatterThingsNearPlayerStart</def>
				<thingDef>Steel</thingDef>
				<count>450</count>
			</li>
			<li Class="ScenPart_ScatterThingsNearPlayerStart">
				<def>ScatterThingsNearPlayerStart</def>
				<thingDef>WoodLog</thingDef>
				<count>300</count>
			</li>
			<!--■■■■■■■■■■■■■■■■■■■■ ANYWHERE ■■■■■■■■■■■■■■■■■■■■-->
			<li Class="ScenPart_ScatterThingsNearPlayerStart">
				<def>ScatterThingsAnywhere</def>
				<thingDef>MealSurvivalPack</thingDef>
				<count>7</count>
			</li>
			<li Class="ScenPart_ScatterThingsAnywhere">
				<def>ScatterThingsAnywhere</def>
				<thingDef>ShipChunk</thingDef>
				<count>3</count>
			</li>
			<li Class="ScenPart_ScatterThingsAnywhere">
				<def>ScatterThingsAnywhere</def>
				<thingDef>Steel</thingDef>
				<count>720</count>
			</li>
			<li Class="ScenPart_GameStartDialog">
          <def>GameStartDialog</def>
          <text>The two of you awake from cryosleep ready to explore this unknown world. You've gone over your assigned simulations a million times in cryosleep and you've never felt more ready.But wait, something's wrong. Where are the others? Did they survive? Will YOU survive? There was never supposed to be only two...</text>
          <closeSound>GameStartSting</closeSound>
        </li>
		</parts>
	</scenario>
</ScenarioDef>

</Defs>