<?xml version="1.0" encoding="utf-8"?>
<Defs>
	<AlienRace.RaceSettings>
	<defName>SylveonRaceSettings</defName>
	<pawnKindSettings>
		<alienslavekinds>
			<li>
				<kindDefs>
					<li>SylveonSlave</li>
				</kindDefs>
				<chance>50.0</chance>
			</li>
		</alienslavekinds>
		<alienrefugeekinds>
			<li>
				<kindDefs>
					<li>SylveonSpaceRefugee</li>
				</kindDefs>
				<chance>50.0</chance>
			</li>
		</alienrefugeekinds>
		<alienwandererkinds>
			<li>
				<pawnKindEntries>
					<li>
						<kindDefs>
							<li>Sylveon_Villager</li>
						</kindDefs>
						<chance>30.0</chance>
					</li>
				</pawnKindEntries>
				<factionDefs>
					<li>PlayerColony</li> 
				</factionDefs>
			</li>
		</alienwandererkinds>
		<startingColonists>
			<li>
				<pawnKindEntries>
					<li>
						<kindDefs>
							<li>SylveonColonist</li>
						</kindDefs>
						<chance>30.0</chance>
					</li>
				</pawnKindEntries>
				<factionDefs>
					<li>PlayerColony</li>
				</factionDefs>
			</li>
			<li>
				<pawnKindEntries>
					<li>
						<kindDefs>
							<li>SylveonTribesperson</li>
						</kindDefs>
						<chance>30.0</chance>
					</li>
				</pawnKindEntries>
				<factionDefs>
					<li>PlayerTribe</li>
				</factionDefs>
			</li>
		</startingColonists>
	</pawnKindSettings>
</AlienRace.RaceSettings>
</Defs>