﻿<?xml version="1.0" encoding="utf-8" ?>
<Defs>
<RulePackDef>
        <defName>IcephoxNameM</defName>
        <rulePack>
            <rulesStrings>
                <li>name->[FirstM] '[SecondM]' [Ident]</li>
            </rulesStrings>
            <rulesRaw>
                <li Class="Rule_File">
                    <keyword>FirstM</keyword>
                    <path>IcephoxNames/IcephoxMaleFirstName</path>
                </li>
                <li Class="Rule_File">
                    <keyword>SecondM</keyword>
                    <path>IcephoxNames/IcephoxMaleMidName</path>
                </li>
                <li Class="Rule_File">
                    <keyword>Ident</keyword>
                    <path>IcephoxNames/IcephoxSurName</path>
                </li>
            </rulesRaw>
        </rulePack>
    </RulePackDef>
    
        <RulePackDef>
        <defName>IcephoxNameF</defName>
        <rulePack>
            <rulesStrings>
                <li>name->[FirstF] '[SecondF]' [Ident]</li>
            </rulesStrings>
            <rulesRaw>
                <li Class="Rule_File">
                    <keyword>FirstF</keyword>
                    <path>IcephoxNames/IcephoxFemaleFirstName</path>
                </li>
                <li Class="Rule_File">
                    <keyword>SecondF</keyword>
                    <path>IcephoxNames/IcephoxFemaleMidName</path>
                </li>
                <li Class="Rule_File">
                    <keyword>Ident</keyword>
                    <path>IcephoxNames/IcephoxSurName</path>
                </li>
            </rulesRaw>
        </rulePack>
    </RulePackDef>
</Defs>