﻿<?xml version="1.0" encoding="utf-8" ?>
<Defs>
<FactionDef ParentName="FactionBase" Abstract="True" Name="LombaxFactionBase">
    <settlementTexturePath>World/WorldObjects/LombaxBase</settlementTexturePath>
    <colorSpectrum>
      <li>(0.95,0.64,0.38)</li>
    </colorSpectrum>
  </FactionDef>
  
	<!--TRIBAL FACTION-->
  <FactionDef ParentName="LombaxFactionBase">
    <defName>PlayerLombaxTribal</defName>
    <label>Lombax Tribe</label>
    <description>Lombax tribe</description>
    <isPlayer>true</isPlayer>
    <pawnSingular>Lombax</pawnSingular>
    <pawnsPlural>Lombax</pawnsPlural>
    <basicMemberKind>LombaxTribalPawn</basicMemberKind>
    <techLevel>Neolithic</techLevel>
    <backstoryFilters>
      <li>
        <categories>
          <li>Tribal</li>
        </categories>
      </li>
    </backstoryFilters>
    <factionIconPath>World/WorldObjects/Lombax_Faction</factionIconPath>
    <settlementTexturePath>World/WorldObjects/Lombax_Base</settlementTexturePath>
    <playerInitialSettlementNameMaker>NamerInitialSettlementColony</playerInitialSettlementNameMaker>
    <factionNameMaker>NamerFactionTribal</factionNameMaker>
    <settlementNameMaker>NamerSettlementTribal</settlementNameMaker>
	<allowedCultures>
      <li>Corunan</li>
    </allowedCultures>
    <startingResearchTags>
      <li>TribalStart</li>
    </startingResearchTags>
    <startingTechprintsResearchTags>
      <li>TribalStart</li>
      <li>TribalStartTechprints</li>
    </startingTechprintsResearchTags>
    <apparelStuffFilter>
      <thingDefs>
        <li>DevilstrandCloth</li>
      </thingDefs>
    </apparelStuffFilter>
    <recipePrerequisiteTags>
      <li>Tribal</li>
    </recipePrerequisiteTags>
    </FactionDef>
	
	<!--TRIBAL FACTION (NO TECH AT START)-->
	<FactionDef ParentName="LombaxFactionBase">
    <defName>PlayerLombaxTribalNoTech</defName>
    <label>Lombax Tribe (No tech)</label>
    <description>Lombax tribe</description>
    <isPlayer>true</isPlayer>
    <pawnSingular>Lombax</pawnSingular>
    <pawnsPlural>Lombax</pawnsPlural>
    <basicMemberKind>LombaxTribalPawn</basicMemberKind>
    <techLevel>Neolithic</techLevel>
    <backstoryFilters>
      <li>
        <categories>
          <li>Tribal</li>
        </categories>
      </li>
    </backstoryFilters>
    <factionIconPath>World/WorldObjects/Lombax_Faction</factionIconPath>
    <settlementTexturePath>World/WorldObjects/Lombax_Base</settlementTexturePath>
    <playerInitialSettlementNameMaker>NamerInitialSettlementColony</playerInitialSettlementNameMaker>
    <factionNameMaker>NamerFactionTribal</factionNameMaker>
    <settlementNameMaker>NamerSettlementTribal</settlementNameMaker>
	<allowedCultures>
      <li>Corunan</li>
    </allowedCultures>
    <startingResearchTags>
      <li>TribalStart</li>
    </startingResearchTags>
    <startingTechprintsResearchTags>
      <li>TribalStart</li>
      <li>TribalStartTechprints</li>
    </startingTechprintsResearchTags>
    <apparelStuffFilter>
      <thingDefs>
        <li>DevilstrandCloth</li>
      </thingDefs>
    </apparelStuffFilter>
    <recipePrerequisiteTags>
      <li>Tribal</li>
    </recipePrerequisiteTags>
    </FactionDef>
	
	<!--INDUSTRIAL FACTION-->
	<FactionDef ParentName="LombaxFactionBase">
    <defName>PlayerLombaxIndustrial</defName>
    <label>Lombax Colony</label>
    <description>Lombax Colony</description>
    <isPlayer>true</isPlayer>
    <pawnSingular>Lombax</pawnSingular>
    <pawnsPlural>Lombax</pawnsPlural>
    <basicMemberKind>LombaxIndustrialPawn</basicMemberKind>
    <techLevel>Industrial</techLevel>
    <backstoryFilters>
      <li>
        <categories>
          <li>Offworld</li>
        </categories>
      </li>
    </backstoryFilters>
    <factionIconPath>World/WorldObjects/Lombax_Faction</factionIconPath>
    <settlementTexturePath>World/WorldObjects/Lombax_Base</settlementTexturePath>
    <playerInitialSettlementNameMaker>NamerInitialSettlementColony</playerInitialSettlementNameMaker>
    <factionNameMaker>NamerFactionTribal</factionNameMaker>
    <settlementNameMaker>NamerSettlementTribal</settlementNameMaker>
	<allowedCultures><li>Astropolitan</li></allowedCultures>
    <startingResearchTags>
      <li>ClassicStart</li>
    </startingResearchTags>
    <startingTechprintsResearchTags>
      <li>ClassicStart</li>
      <li>ClassicStartTechprints</li>
    </startingTechprintsResearchTags>
    <apparelStuffFilter>
      <thingDefs>
			<li>Synthread</li>
			<li>Hyperweave</li>
			<li>Plasteel</li>
      </thingDefs>
    </apparelStuffFilter>
    <recipePrerequisiteTags>
      <li>Industrial</li>
    </recipePrerequisiteTags>
    </FactionDef>
	
	<!--INDUSTRIAL FACTION (NO TECH AT START)-->
	<FactionDef ParentName="LombaxFactionBase">
    <defName>PlayerLombaxIndustrialNoTech</defName>
    <label>Lombax Colony (No tech)</label>
    <description>Lombax colony</description>
    <isPlayer>true</isPlayer>
    <pawnSingular>Lombax</pawnSingular>
    <pawnsPlural>Lombax</pawnsPlural>
    <basicMemberKind>LombaxIndustrialPawn</basicMemberKind>
    <techLevel>Industrial</techLevel>
    <backstoryFilters>
      <li>
        <categories>
          <li>Offworld</li>
        </categories>
      </li>
    </backstoryFilters>
    <factionIconPath>World/WorldObjects/Lombax_Faction</factionIconPath>
    <settlementTexturePath>World/WorldObjects/Lombax_Base</settlementTexturePath>
    <playerInitialSettlementNameMaker>NamerInitialSettlementColony</playerInitialSettlementNameMaker>
    <factionNameMaker>NamerFactionOutlander</factionNameMaker>
    <settlementNameMaker>NamerSettlementOutlander</settlementNameMaker>
	<allowedCultures><li>Astropolitan</li></allowedCultures>
    <apparelStuffFilter>
      <thingDefs>
			<li>Synthread</li>
			<li>Hyperweave</li>
			<li>Plasteel</li>				
      </thingDefs>
    </apparelStuffFilter>
    <recipePrerequisiteTags>
      <li>Industrial</li>
    </recipePrerequisiteTags>
    </FactionDef>
</Defs>