﻿<?xml version="1.0" encoding="utf-8"?>
<ModMetaData>
<name>Braixen and Delphox - Fire Pokemon [1.5]</name>
<author>Yanzihko</author>
<packageId>yanzihko.BDFP</packageId>
<supportedVersions>
		<li>1.5</li>
</supportedVersions>
<modIconPath IgnoreIfNoMatchingField="True">UI/Minimodbraixen</modIconPath>
<description>
Braixen and Delphox are a fox-like humanoids that have a natural affinity to fire and psychic capabilities. It's unknown what kind of gene-engineering magic the Glitterworld that originally produced them used, but their bodies have almost a complete resistance to fire and high temperatures. These creatures are able to consciously regulate temperature of their bodies. Before collapse of it's original solar system, this species was mainly used as domestic servants, entertainers, or just a beauteful and kind friend to have around.

Support me at Boosty: https://boosty.to/yanzihko
</description>
	<modDependencies>
		<li>
			<packageId>erdelf.HumanoidAlienRaces</packageId>
			<displayName>Humanoid Alien Races 2.0</displayName>
			<steamWorkshopUrl>steam://url/CommunityFilePage/839005762</steamWorkshopUrl>
		</li>
		<li>
			<packageId>yanzihko.YZRCM</packageId>
			<displayName>Yanzihko's Races - Core Module [YZRCM][1.5]</displayName>
			<steamWorkshopUrl>steam://url/CommunityFilePage/3005787388</steamWorkshopUrl>
		</li>
	</modDependencies>
</ModMetaData>