<?xml version="1.0" encoding="utf-8" ?>
<!-- These patches adds Vaporeon PawnKinds to all base game encounters, 
	 with 20% of the weighting of the equivalent Human PawnKinds -->

<Patch>
	<!-- Pirates -->
	<!-- Pirate raid 1; 100 commonality, ranged with melee mix-ins -->
	<Operation Class="PatchOperationAdd">
	<xpath>*/FactionDef[defName="Pirate"]/pawnGroupMakers/li[1]/options</xpath>
	<value>
        <Vaporeon_Drifter>2</Vaporeon_Drifter>
		<Vaporeon_Thrasher>0.6</Vaporeon_Thrasher>
        <Vaporeon_Scavenger>2</Vaporeon_Scavenger>
        <Vaporeon_Pirate>2</Vaporeon_Pirate>
        <Vaporeon_Grenadier_EMP>0.1</Vaporeon_Grenadier_EMP>
        <Vaporeon_Grenadier_Destructive>0.4</Vaporeon_Grenadier_Destructive>
        <Vaporeon_Mercenary_Gunner>2</Vaporeon_Mercenary_Gunner>
        <Vaporeon_Mercenary_Heavy>1.2</Vaporeon_Mercenary_Heavy>
        <Vaporeon_Mercenary_Slasher>0.6</Vaporeon_Mercenary_Slasher>
        <Vaporeon_Mercenary_Sniper>1.4</Vaporeon_Mercenary_Sniper>
        <Vaporeon_Mercenary_Elite>2</Vaporeon_Mercenary_Elite>
        <Vaporeon_PirateBoss>1</Vaporeon_PirateBoss>
	</value>
	</Operation>

	<!-- Pirate raid 2; 30 commonality, melee only -->
	<Operation Class="PatchOperationAdd">
	<xpath>*/FactionDef[defName="Pirate"]/pawnGroupMakers/li[2]/options</xpath>
	<value>
        <Vaporeon_Thrasher>2</Vaporeon_Thrasher>
        <Vaporeon_Mercenary_Slasher>2</Vaporeon_Mercenary_Slasher>
        <Vaporeon_PirateBoss>1</Vaporeon_PirateBoss>
	</value>
	</Operation>

	<!-- Pirate raid 3; 20 commonality, ranged only -->
	<Operation Class="PatchOperationAdd">
	<xpath>*/FactionDef[defName="Pirate"]/pawnGroupMakers/li[3]/options</xpath>
	<value>
		<Vaporeon_Scavenger>2.0</Vaporeon_Scavenger>
		<Vaporeon_Pirate>2.0</Vaporeon_Pirate>
		<Vaporeon_Grenadier_EMP>0.05</Vaporeon_Grenadier_EMP>
		<Vaporeon_Grenadier_Smoke>0.05</Vaporeon_Grenadier_Smoke>
		<Vaporeon_Grenadier_Destructive>0.4</Vaporeon_Grenadier_Destructive>
		<Vaporeon_Mercenary_Gunner>2.0</Vaporeon_Mercenary_Gunner>
		<Vaporeon_Mercenary_Heavy>1.2</Vaporeon_Mercenary_Heavy>
		<Vaporeon_Mercenary_Sniper>1.4</Vaporeon_Mercenary_Sniper>
		<Vaporeon_Mercenary_Elite>2.0</Vaporeon_Mercenary_Elite>
		<Vaporeon_PirateBoss>1.0</Vaporeon_PirateBoss>
	</value>
	</Operation>

	<!-- Pirate raid 4; 15 commonality, explosives with ranged mix-ins -->
	<Operation Class="PatchOperationAdd">
	<xpath>*/FactionDef[defName="Pirate"]/pawnGroupMakers/li[4]/options</xpath>
	<value>
        <Vaporeon_Grenadier_EMP>0.2</Vaporeon_Grenadier_EMP>
        <Vaporeon_Grenadier_Destructive>2</Vaporeon_Grenadier_Destructive>
        <Vaporeon_Mercenary_Gunner>0.2</Vaporeon_Mercenary_Gunner>
        <Vaporeon_Mercenary_Heavy>2</Vaporeon_Mercenary_Heavy>
        <Vaporeon_Mercenary_Elite>0.2</Vaporeon_Mercenary_Elite>
        <Vaporeon_PirateBoss>0.2</Vaporeon_PirateBoss>
	</value>
	</Operation>

	<!-- Pirate raid 5; 10 commonality, snipers only -->
	<Operation Class="PatchOperationAdd">
	<xpath>*/FactionDef[defName="Pirate"]/pawnGroupMakers/li[5]/options</xpath>
	<value>
        <Vaporeon_Mercenary_Sniper>2</Vaporeon_Mercenary_Sniper>
	</value>
	</Operation>

	<!-- Pirate raid 6; 2.5 commonality, drifters only -->
	<Operation Class="PatchOperationAdd">
	<xpath>*/FactionDef[defName="Pirate"]/pawnGroupMakers/li[6]/options</xpath>
	<value>
        <Vaporeon_Drifter>2</Vaporeon_Drifter>
	</value>
	</Operation>

	<!-- Pirate Settlement; mainly ranged with melee mix-ins -->
	<Operation Class="PatchOperationAdd">
	<xpath>*/FactionDef[defName="Pirate"]/pawnGroupMakers/li[7]/options</xpath>
	<value>
        <Vaporeon_Thrasher>0.6</Vaporeon_Thrasher>
        <Vaporeon_Pirate>2</Vaporeon_Pirate>
        <Vaporeon_Grenadier_Destructive>0.4</Vaporeon_Grenadier_Destructive>
		<Vaporeon_Mercenary_Slasher>0.6</Vaporeon_Mercenary_Slasher>
		<Vaporeon_Mercenary_Sniper>2</Vaporeon_Mercenary_Sniper>
		<Vaporeon_Mercenary_Gunner>2</Vaporeon_Mercenary_Gunner>
		<Vaporeon_Mercenary_Elite>2</Vaporeon_Mercenary_Elite>
        <Vaporeon_PirateBoss>2</Vaporeon_PirateBoss>
	</value>
	</Operation>
	
	<!-- Outlander -->
	<!-- Outlander Raid; standard mix -->
	<Operation Class="PatchOperationAdd">
	<xpath>*/FactionDef[@Name="OutlanderFactionBase"]/pawnGroupMakers/li[1]/options</xpath>
	<value>
        <Vaporeon_Villager>1</Vaporeon_Villager>
        <Vaporeon_Town_Guard>2</Vaporeon_Town_Guard>
        <Vaporeon_Grenadier_Destructive>0.3</Vaporeon_Grenadier_Destructive>
		<Vaporeon_Mercenary_Slasher>1.4</Vaporeon_Mercenary_Slasher>
		<Vaporeon_Mercenary_Gunner>2</Vaporeon_Mercenary_Gunner>
		<Vaporeon_Mercenary_Elite>2</Vaporeon_Mercenary_Elite>
        <Vaporeon_Town_Councilman>2</Vaporeon_Town_Councilman>
	</value>
	</Operation>
	
	<!-- Outlander Peaceful -->
	<Operation Class="PatchOperationAdd">
	<xpath>*/FactionDef[@Name="OutlanderFactionBase"]/pawnGroupMakers/li[2]/options</xpath>
	<value>
        <Vaporeon_Villager>4</Vaporeon_Villager>
        <Vaporeon_Town_Guard>2</Vaporeon_Town_Guard>
        <Vaporeon_Town_Councilman>2</Vaporeon_Town_Councilman>
	</value>
	</Operation>

	<!-- Outlander Traders -->
	<Operation Class="PatchOperationAdd">
	<xpath>*/FactionDef[@Name="OutlanderFactionBase"]/pawnGroupMakers/li[3]/guards</xpath>
	<value>
        <Vaporeon_Villager>0.6</Vaporeon_Villager>
        <Vaporeon_Town_Guard>2</Vaporeon_Town_Guard>
        <Vaporeon_Grenadier_Destructive>0.3</Vaporeon_Grenadier_Destructive>
        <Vaporeon_Mercenary_Slasher>1.4</Vaporeon_Mercenary_Slasher>
        <Vaporeon_Mercenary_Gunner>2</Vaporeon_Mercenary_Gunner>
		<Vaporeon_Mercenary_Elite>2</Vaporeon_Mercenary_Elite>
	</value>
	</Operation>

	<Operation Class="PatchOperationAdd">
	<xpath>*/FactionDef[@Name="OutlanderFactionBase"]/pawnGroupMakers/li[3]/traders</xpath>
	<value>
        <Vaporeon_Town_Trader>0.2</Vaporeon_Town_Trader>
	</value>
	</Operation>

	<Operation Class="PatchOperationAdd">
	<xpath>*/FactionDef[@Name="OutlanderFactionBase"]/pawnGroupMakers/li[4]/options</xpath>
	<value>
		<Vaporeon_Villager>2</Vaporeon_Villager>
        <Vaporeon_Town_Guard>2</Vaporeon_Town_Guard>
        <Vaporeon_Grenadier_Destructive>0.3</Vaporeon_Grenadier_Destructive>
		<Vaporeon_Mercenary_Slasher>1.4</Vaporeon_Mercenary_Slasher>
        <Vaporeon_Mercenary_Gunner>2</Vaporeon_Mercenary_Gunner>
        <Vaporeon_Mercenary_Elite>2</Vaporeon_Mercenary_Elite>
        <Vaporeon_Town_Councilman>2</Vaporeon_Town_Councilman>
	</value>
	</Operation>

	<!-- Villager -->
	<!-- Villager Raid 1; 100 commonality, ranged with melee mix-ins -->
	<Operation Class="PatchOperationAdd">
	<xpath>*/FactionDef[@Name="TribeBase"]/pawnGroupMakers/li[1]/options</xpath>
	<value>
        <Vaporeon_Tribal_Penitent>1</Vaporeon_Tribal_Penitent>
        <Vaporeon_Tribal_Warrior>1</Vaporeon_Tribal_Warrior>
        <Vaporeon_Tribal_Archer>2</Vaporeon_Tribal_Archer>
        <Vaporeon_Tribal_Hunter>2</Vaporeon_Tribal_Hunter>
        <Vaporeon_Tribal_HeavyArcher>2</Vaporeon_Tribal_HeavyArcher>
        <Vaporeon_Tribal_Berserker>1</Vaporeon_Tribal_Berserker>
        <Vaporeon_Tribal_ChiefRanged>0.6</Vaporeon_Tribal_ChiefRanged>
        <Vaporeon_Tribal_ChiefMelee>0.3</Vaporeon_Tribal_ChiefMelee>
	</value>
	</Operation>

	<!-- Villager Raid 2; 60 commonality, ranged only -->
	<Operation Class="PatchOperationAdd">
	<xpath>*/FactionDef[@Name="TribeBase"]/pawnGroupMakers/li[2]/options</xpath>
	<value>
        <Vaporeon_Tribal_Archer>2</Vaporeon_Tribal_Archer>
        <Vaporeon_Tribal_Hunter>2</Vaporeon_Tribal_Hunter>
        <Vaporeon_Tribal_HeavyArcher>2</Vaporeon_Tribal_HeavyArcher>
        <Vaporeon_Tribal_ChiefRanged>1</Vaporeon_Tribal_ChiefRanged>
	</value>
	</Operation>

	<!-- Villager Raid 3; 60 commonality, melee only -->
	<Operation Class="PatchOperationAdd">
	<xpath>*/FactionDef[@Name="TribeBase"]/pawnGroupMakers/li[3]/options</xpath>
	<value>
        <Vaporeon_Tribal_Penitent>2</Vaporeon_Tribal_Penitent>
        <Vaporeon_Tribal_Warrior>2</Vaporeon_Tribal_Warrior>
        <Vaporeon_Tribal_Berserker>2</Vaporeon_Tribal_Berserker>
        <Vaporeon_Tribal_ChiefMelee>1</Vaporeon_Tribal_ChiefMelee>
	</value>
	</Operation>

	<!-- Villager Peaceful -->
	<Operation Class="PatchOperationAdd">
	<xpath>*/FactionDef[@Name="TribeBase"]/pawnGroupMakers/li[5]/options</xpath>
	<value>
        <Vaporeon_Tribal_Warrior>4</Vaporeon_Tribal_Warrior>
        <Vaporeon_Tribal_Archer>2</Vaporeon_Tribal_Archer>
        <Vaporeon_Tribal_Hunter>2</Vaporeon_Tribal_Hunter>
        <Vaporeon_Tribal_HeavyArcher>2</Vaporeon_Tribal_HeavyArcher>
        <Vaporeon_Tribal_Berserker>1</Vaporeon_Tribal_Berserker>
        <Vaporeon_Tribal_ChiefRanged>0.6</Vaporeon_Tribal_ChiefRanged>
        <Vaporeon_Tribal_ChiefMelee>0.3</Vaporeon_Tribal_ChiefMelee>
	</value>
	</Operation>

	<!-- Villager Traders -->
	<Operation Class="PatchOperationAdd">
	<xpath>*/FactionDef[@Name="TribeBase"]/pawnGroupMakers/li[6]/guards</xpath>
	<value>
        <Vaporeon_Tribal_Warrior>1.4</Vaporeon_Tribal_Warrior>
        <Vaporeon_Tribal_Archer>2</Vaporeon_Tribal_Archer>
        <Vaporeon_Tribal_Hunter>2</Vaporeon_Tribal_Hunter>
        <Vaporeon_Tribal_HeavyArcher>2</Vaporeon_Tribal_HeavyArcher>
        <Vaporeon_Tribal_Berserker>1.4</Vaporeon_Tribal_Berserker>
	</value>
	</Operation>

	<Operation Class="PatchOperationAdd">
	<xpath>*/FactionDef[@Name="TribeBase"]/pawnGroupMakers/li[6]/traders</xpath>
	<value>
        <Vaporeon_Tribal_Trader>0.2</Vaporeon_Tribal_Trader>
	</value>
	</Operation>

	<!-- Settlement -->

	<Operation Class="PatchOperationAdd">
	<xpath>*/FactionDef[@Name="TribeBase"]/pawnGroupMakers/li[7]/options</xpath>
	<value>
          <Vaporeon_Tribal_Warrior>1.4</Vaporeon_Tribal_Warrior>
          <Vaporeon_Tribal_Archer>2</Vaporeon_Tribal_Archer>
          <Vaporeon_Tribal_Hunter>2</Vaporeon_Tribal_Hunter>
          <Vaporeon_Tribal_HeavyArcher>2</Vaporeon_Tribal_HeavyArcher>
          <Vaporeon_Tribal_Berserker>1.4</Vaporeon_Tribal_Berserker>
          <Vaporeon_Tribal_ChiefRanged>2</Vaporeon_Tribal_ChiefRanged>
	</value>
	</Operation>

</Patch>