<?xml version="1.0" encoding="utf-8" ?>
<!-- These patches adds Sylveon PawnKinds to all base game encounters, 
	 with 20% of the weighting of the equivalent Human PawnKinds -->

<Patch>
	<!-- Pirates -->
	<!-- Pirate raid 1; 100 commonality, ranged with melee mix-ins -->
	<Operation Class="PatchOperationAdd">
	<xpath>*/FactionDef[defName="Pirate"]/pawnGroupMakers/li[1]/options</xpath>
	<value>
        <Sylveon_Drifter>2</Sylveon_Drifter>
		<Sylveon_Thrasher>0.6</Sylveon_Thrasher>
        <Sylveon_Scavenger>2</Sylveon_Scavenger>
        <Sylveon_Pirate>2</Sylveon_Pirate>
        <Sylveon_Grenadier_EMP>0.1</Sylveon_Grenadier_EMP>
        <Sylveon_Grenadier_Destructive>0.4</Sylveon_Grenadier_Destructive>
        <Sylveon_Mercenary_Gunner>2</Sylveon_Mercenary_Gunner>
        <Sylveon_Mercenary_Heavy>1.2</Sylveon_Mercenary_Heavy>
        <Sylveon_Mercenary_Slasher>0.6</Sylveon_Mercenary_Slasher>
        <Sylveon_Mercenary_Sniper>1.4</Sylveon_Mercenary_Sniper>
        <Sylveon_Mercenary_Elite>2</Sylveon_Mercenary_Elite>
        <Sylveon_PirateBoss>1</Sylveon_PirateBoss>
	</value>
	</Operation>

	<!-- Pirate raid 2; 30 commonality, melee only -->
	<Operation Class="PatchOperationAdd">
	<xpath>*/FactionDef[defName="Pirate"]/pawnGroupMakers/li[2]/options</xpath>
	<value>
        <Sylveon_Thrasher>2</Sylveon_Thrasher>
        <Sylveon_Mercenary_Slasher>2</Sylveon_Mercenary_Slasher>
        <Sylveon_PirateBoss>1</Sylveon_PirateBoss>
	</value>
	</Operation>

	<!-- Pirate raid 3; 20 commonality, ranged only -->
	<Operation Class="PatchOperationAdd">
	<xpath>*/FactionDef[defName="Pirate"]/pawnGroupMakers/li[3]/options</xpath>
	<value>
		<Sylveon_Scavenger>2.0</Sylveon_Scavenger>
		<Sylveon_Pirate>2.0</Sylveon_Pirate>
		<Sylveon_Grenadier_EMP>0.05</Sylveon_Grenadier_EMP>
		<Sylveon_Grenadier_Smoke>0.05</Sylveon_Grenadier_Smoke>
		<Sylveon_Grenadier_Destructive>0.4</Sylveon_Grenadier_Destructive>
		<Sylveon_Mercenary_Gunner>2.0</Sylveon_Mercenary_Gunner>
		<Sylveon_Mercenary_Heavy>1.2</Sylveon_Mercenary_Heavy>
		<Sylveon_Mercenary_Sniper>1.4</Sylveon_Mercenary_Sniper>
		<Sylveon_Mercenary_Elite>2.0</Sylveon_Mercenary_Elite>
		<Sylveon_PirateBoss>1.0</Sylveon_PirateBoss>
	</value>
	</Operation>

	<!-- Pirate raid 4; 15 commonality, explosives with ranged mix-ins -->
	<Operation Class="PatchOperationAdd">
	<xpath>*/FactionDef[defName="Pirate"]/pawnGroupMakers/li[4]/options</xpath>
	<value>
        <Sylveon_Grenadier_EMP>0.2</Sylveon_Grenadier_EMP>
        <Sylveon_Grenadier_Destructive>2</Sylveon_Grenadier_Destructive>
        <Sylveon_Mercenary_Gunner>0.2</Sylveon_Mercenary_Gunner>
        <Sylveon_Mercenary_Heavy>2</Sylveon_Mercenary_Heavy>
        <Sylveon_Mercenary_Elite>0.2</Sylveon_Mercenary_Elite>
        <Sylveon_PirateBoss>0.2</Sylveon_PirateBoss>
	</value>
	</Operation>

	<!-- Pirate raid 5; 10 commonality, snipers only -->
	<Operation Class="PatchOperationAdd">
	<xpath>*/FactionDef[defName="Pirate"]/pawnGroupMakers/li[5]/options</xpath>
	<value>
        <Sylveon_Mercenary_Sniper>2</Sylveon_Mercenary_Sniper>
	</value>
	</Operation>

	<!-- Pirate raid 6; 2.5 commonality, drifters only -->
	<Operation Class="PatchOperationAdd">
	<xpath>*/FactionDef[defName="Pirate"]/pawnGroupMakers/li[6]/options</xpath>
	<value>
        <Sylveon_Drifter>2</Sylveon_Drifter>
	</value>
	</Operation>

	<!-- Pirate Settlement; mainly ranged with melee mix-ins -->
	<Operation Class="PatchOperationAdd">
	<xpath>*/FactionDef[defName="Pirate"]/pawnGroupMakers/li[7]/options</xpath>
	<value>
        <Sylveon_Thrasher>0.6</Sylveon_Thrasher>
        <Sylveon_Pirate>2</Sylveon_Pirate>
        <Sylveon_Grenadier_Destructive>0.4</Sylveon_Grenadier_Destructive>
		<Sylveon_Mercenary_Slasher>0.6</Sylveon_Mercenary_Slasher>
		<Sylveon_Mercenary_Sniper>2</Sylveon_Mercenary_Sniper>
		<Sylveon_Mercenary_Gunner>2</Sylveon_Mercenary_Gunner>
		<Sylveon_Mercenary_Elite>2</Sylveon_Mercenary_Elite>
        <Sylveon_PirateBoss>2</Sylveon_PirateBoss>
	</value>
	</Operation>
	
	<!-- Outlander -->
	<!-- Outlander Raid; standard mix -->
	<Operation Class="PatchOperationAdd">
	<xpath>*/FactionDef[@Name="OutlanderFactionBase"]/pawnGroupMakers/li[1]/options</xpath>
	<value>
        <Sylveon_Villager>1</Sylveon_Villager>
        <Sylveon_Town_Guard>2</Sylveon_Town_Guard>
        <Sylveon_Grenadier_Destructive>0.3</Sylveon_Grenadier_Destructive>
		<Sylveon_Mercenary_Slasher>1.4</Sylveon_Mercenary_Slasher>
		<Sylveon_Mercenary_Gunner>2</Sylveon_Mercenary_Gunner>
		<Sylveon_Mercenary_Elite>2</Sylveon_Mercenary_Elite>
        <Sylveon_Town_Councilman>2</Sylveon_Town_Councilman>
	</value>
	</Operation>
	
	<!-- Outlander Peaceful -->
	<Operation Class="PatchOperationAdd">
	<xpath>*/FactionDef[@Name="OutlanderFactionBase"]/pawnGroupMakers/li[2]/options</xpath>
	<value>
        <Sylveon_Villager>4</Sylveon_Villager>
        <Sylveon_Town_Guard>2</Sylveon_Town_Guard>
        <Sylveon_Town_Councilman>2</Sylveon_Town_Councilman>
	</value>
	</Operation>

	<!-- Outlander Traders -->
	<Operation Class="PatchOperationAdd">
	<xpath>*/FactionDef[@Name="OutlanderFactionBase"]/pawnGroupMakers/li[3]/guards</xpath>
	<value>
        <Sylveon_Villager>0.6</Sylveon_Villager>
        <Sylveon_Town_Guard>2</Sylveon_Town_Guard>
        <Sylveon_Grenadier_Destructive>0.3</Sylveon_Grenadier_Destructive>
        <Sylveon_Mercenary_Slasher>1.4</Sylveon_Mercenary_Slasher>
        <Sylveon_Mercenary_Gunner>2</Sylveon_Mercenary_Gunner>
		<Sylveon_Mercenary_Elite>2</Sylveon_Mercenary_Elite>
	</value>
	</Operation>

	<Operation Class="PatchOperationAdd">
	<xpath>*/FactionDef[@Name="OutlanderFactionBase"]/pawnGroupMakers/li[3]/traders</xpath>
	<value>
        <Sylveon_Town_Trader>0.2</Sylveon_Town_Trader>
	</value>
	</Operation>

	<Operation Class="PatchOperationAdd">
	<xpath>*/FactionDef[@Name="OutlanderFactionBase"]/pawnGroupMakers/li[4]/options</xpath>
	<value>
		<Sylveon_Villager>2</Sylveon_Villager>
        <Sylveon_Town_Guard>2</Sylveon_Town_Guard>
        <Sylveon_Grenadier_Destructive>0.3</Sylveon_Grenadier_Destructive>
		<Sylveon_Mercenary_Slasher>1.4</Sylveon_Mercenary_Slasher>
        <Sylveon_Mercenary_Gunner>2</Sylveon_Mercenary_Gunner>
        <Sylveon_Mercenary_Elite>2</Sylveon_Mercenary_Elite>
        <Sylveon_Town_Councilman>2</Sylveon_Town_Councilman>
	</value>
	</Operation>

	<!-- Villager -->
	<!-- Villager Raid 1; 100 commonality, ranged with melee mix-ins -->
	<Operation Class="PatchOperationAdd">
	<xpath>*/FactionDef[@Name="TribeBase"]/pawnGroupMakers/li[1]/options</xpath>
	<value>
        <Sylveon_Tribal_Penitent>1</Sylveon_Tribal_Penitent>
        <Sylveon_Tribal_Warrior>1</Sylveon_Tribal_Warrior>
        <Sylveon_Tribal_Archer>2</Sylveon_Tribal_Archer>
        <Sylveon_Tribal_Hunter>2</Sylveon_Tribal_Hunter>
        <Sylveon_Tribal_HeavyArcher>2</Sylveon_Tribal_HeavyArcher>
        <Sylveon_Tribal_Berserker>1</Sylveon_Tribal_Berserker>
        <Sylveon_Tribal_ChiefRanged>0.6</Sylveon_Tribal_ChiefRanged>
        <Sylveon_Tribal_ChiefMelee>0.3</Sylveon_Tribal_ChiefMelee>
	</value>
	</Operation>

	<!-- Villager Raid 2; 60 commonality, ranged only -->
	<Operation Class="PatchOperationAdd">
	<xpath>*/FactionDef[@Name="TribeBase"]/pawnGroupMakers/li[2]/options</xpath>
	<value>
        <Sylveon_Tribal_Archer>2</Sylveon_Tribal_Archer>
        <Sylveon_Tribal_Hunter>2</Sylveon_Tribal_Hunter>
        <Sylveon_Tribal_HeavyArcher>2</Sylveon_Tribal_HeavyArcher>
        <Sylveon_Tribal_ChiefRanged>1</Sylveon_Tribal_ChiefRanged>
	</value>
	</Operation>

	<!-- Villager Raid 3; 60 commonality, melee only -->
	<Operation Class="PatchOperationAdd">
	<xpath>*/FactionDef[@Name="TribeBase"]/pawnGroupMakers/li[3]/options</xpath>
	<value>
        <Sylveon_Tribal_Penitent>2</Sylveon_Tribal_Penitent>
        <Sylveon_Tribal_Warrior>2</Sylveon_Tribal_Warrior>
        <Sylveon_Tribal_Berserker>2</Sylveon_Tribal_Berserker>
        <Sylveon_Tribal_ChiefMelee>1</Sylveon_Tribal_ChiefMelee>
	</value>
	</Operation>

	<!-- Villager Peaceful -->
	<Operation Class="PatchOperationAdd">
	<xpath>*/FactionDef[@Name="TribeBase"]/pawnGroupMakers/li[5]/options</xpath>
	<value>
        <Sylveon_Tribal_Warrior>4</Sylveon_Tribal_Warrior>
        <Sylveon_Tribal_Archer>2</Sylveon_Tribal_Archer>
        <Sylveon_Tribal_Hunter>2</Sylveon_Tribal_Hunter>
        <Sylveon_Tribal_HeavyArcher>2</Sylveon_Tribal_HeavyArcher>
        <Sylveon_Tribal_Berserker>1</Sylveon_Tribal_Berserker>
        <Sylveon_Tribal_ChiefRanged>0.6</Sylveon_Tribal_ChiefRanged>
        <Sylveon_Tribal_ChiefMelee>0.3</Sylveon_Tribal_ChiefMelee>
	</value>
	</Operation>

	<!-- Villager Traders -->
	<Operation Class="PatchOperationAdd">
	<xpath>*/FactionDef[@Name="TribeBase"]/pawnGroupMakers/li[6]/guards</xpath>
	<value>
        <Sylveon_Tribal_Warrior>1.4</Sylveon_Tribal_Warrior>
        <Sylveon_Tribal_Archer>2</Sylveon_Tribal_Archer>
        <Sylveon_Tribal_Hunter>2</Sylveon_Tribal_Hunter>
        <Sylveon_Tribal_HeavyArcher>2</Sylveon_Tribal_HeavyArcher>
        <Sylveon_Tribal_Berserker>1.4</Sylveon_Tribal_Berserker>
	</value>
	</Operation>

	<Operation Class="PatchOperationAdd">
	<xpath>*/FactionDef[@Name="TribeBase"]/pawnGroupMakers/li[6]/traders</xpath>
	<value>
        <Sylveon_Tribal_Trader>0.2</Sylveon_Tribal_Trader>
	</value>
	</Operation>

	<!-- Settlement -->

	<Operation Class="PatchOperationAdd">
	<xpath>*/FactionDef[@Name="TribeBase"]/pawnGroupMakers/li[7]/options</xpath>
	<value>
          <Sylveon_Tribal_Warrior>1.4</Sylveon_Tribal_Warrior>
          <Sylveon_Tribal_Archer>2</Sylveon_Tribal_Archer>
          <Sylveon_Tribal_Hunter>2</Sylveon_Tribal_Hunter>
          <Sylveon_Tribal_HeavyArcher>2</Sylveon_Tribal_HeavyArcher>
          <Sylveon_Tribal_Berserker>1.4</Sylveon_Tribal_Berserker>
          <Sylveon_Tribal_ChiefRanged>2</Sylveon_Tribal_ChiefRanged>
	</value>
	</Operation>

</Patch>