<?xml version="1.0" encoding="utf-8"?>
<Defs>
	<AlienRace.RaceSettings>
	<defName>BZoroarkRaceSettings</defName>
	<pawnKindSettings>
		<alienslavekinds>
			<li>
				<kindDefs>
					<li>BZoroarkSlave</li>
				</kindDefs>
				<chance>50.0</chance>
			</li>
			<li>
				<kindDefs>
					<li>WZoroarkSlave</li>
				</kindDefs>
				<chance>50.0</chance>
			</li>
		</alienslavekinds>
		<alienrefugeekinds>
			<li>
				<kindDefs>
					<li>BZoroarkSpaceRefugee</li>
				</kindDefs>
				<chance>50.0</chance>
			</li>
			<li>
				<kindDefs>
					<li>WZoroarkSpaceRefugee</li>
				</kindDefs>
				<chance>50.0</chance>
			</li>
		</alienrefugeekinds>
		<alienwandererkinds>
			<li>
				<pawnKindEntries>
					<li>
						<kindDefs>
							<li>BZoroark_Villager</li>
						</kindDefs>
						<chance>30.0</chance>
					</li>
					<li>
						<kindDefs>
							<li>WZoroark_Villager</li>
						</kindDefs>
						<chance>30.0</chance>
					</li>
				</pawnKindEntries>
				<factionDefs>
					<li>PlayerColony</li> 
					<li>PlayerZoroarkTribal</li>
					<li>PlayerZoroarkTribalNoTech</li>
					<li>PlayerZoroarkIndustrial</li>
					<li>PlayerZoroarkIndustrialNoTech</li>
				</factionDefs>
			</li>
		</alienwandererkinds>
		<startingColonists>
			<li>
				<pawnKindEntries>
					<li>
						<kindDefs>
							<li>BZoroarkColonist</li>
						</kindDefs>
						<chance>30.0</chance>
					</li>
										<li>
						<kindDefs>
							<li>WZoroarkColonist</li>
						</kindDefs>
						<chance>30.0</chance>
					</li>
				</pawnKindEntries>
				<factionDefs>
					<li>PlayerColony</li>
					<li>PlayerZoroarkTribal</li>
					<li>PlayerZoroarkTribalNoTech</li>
					<li>PlayerZoroarkIndustrial</li>
					<li>PlayerZoroarkIndustrialNoTech</li>
				</factionDefs>
			</li>
			<li>
				<pawnKindEntries>
					<li>
						<kindDefs>
							<li>BZoroarkTribesperson</li>
						</kindDefs>
						<chance>30.0</chance>
					</li>
					<li>
						<kindDefs>
							<li>WZoroarkTribesperson</li>
						</kindDefs>
						<chance>30.0</chance>
					</li>
				</pawnKindEntries>
				<factionDefs>
					<li>PlayerTribe</li>
					<li>PlayerZoroarkTribal</li>
					<li>PlayerZoroarkTribalNoTech</li>
					<li>PlayerZoroarkIndustrial</li>
					<li>PlayerZoroarkIndustrialNoTech</li>
				</factionDefs>
			</li>
		</startingColonists>
	</pawnKindSettings>
</AlienRace.RaceSettings>
</Defs>