<?xml version="1.0" encoding="utf-8"?>
<Defs>
	<AlienRace.RaceSettings>
	<defName>RaceSettings</defName>
	<pawnKindSettings>
		<alienslavekinds>
			<li>
				<kindDefs>
					<li>LeoSlave</li>
				</kindDefs>
				<chance>50.0</chance>
			</li>
			<li>
				<kindDefs>
					<li>TigrisSlave</li>
				</kindDefs>
				<chance>50.0</chance>
			</li>
			<li>
				<kindDefs>
					<li>CheetahSlave</li>
				</kindDefs>
				<chance>50.0</chance>
			</li>
			<li>
				<kindDefs>
					<li>JaguarSlave</li>
				</kindDefs>
				<chance>50.0</chance>
			</li>
			<li>
				<kindDefs>
					<li>PantherSlave</li>
				</kindDefs>
				<chance>50.0</chance>
			</li>
		</alienslavekinds>
		<alienrefugeekinds>
			<li>
				<kindDefs>
					<li>LeoSpaceRefugee</li>
				</kindDefs>
				<chance>50.0</chance>
			</li>
			<li>
				<kindDefs>
					<li>TigrisSpaceRefugee</li>
				</kindDefs>
				<chance>50.0</chance>
			</li>
			<li>
				<kindDefs>
					<li>CheetahSpaceRefugee</li>
				</kindDefs>
				<chance>50.0</chance>
			</li>
			<li>
				<kindDefs>
					<li>JaguarSpaceRefugee</li>
				</kindDefs>
				<chance>50.0</chance>
			</li>
			<li>
				<kindDefs>
					<li>PantherSpaceRefugee</li>
				</kindDefs>
				<chance>50.0</chance>
			</li>
		</alienrefugeekinds>
		<alienwandererkinds>
			<li>
				<pawnKindEntries>
					<li>
						<kindDefs>
							<li>Leo_Villager</li>
						</kindDefs>
						<chance>30.0</chance>
					</li>
					<li>
						<kindDefs>
							<li>Tigris_Villager</li>
						</kindDefs>
						<chance>30.0</chance>
					</li>
					<li>
						<kindDefs>
							<li>Cheetah_Villager</li>
						</kindDefs>
						<chance>30.0</chance>
					</li>
					<li>
						<kindDefs>
							<li>Jaguar_Villager</li>
						</kindDefs>
						<chance>30.0</chance>
					</li>
					<li>
						<kindDefs>
							<li>Panther_Villager</li>
						</kindDefs>
						<chance>30.0</chance>
					</li>
				</pawnKindEntries>
				<factionDefs>
					<li>PlayerColony</li>
					<li>PlayerFelesTribal</li>
					<li>PlayerFelesTribalNoTech</li>
					<li>PlayerFelesIndustrial</li>
					<li>PlayerFelesIndustrialNoTech</li>					
				</factionDefs>
			</li>
		</alienwandererkinds>
		<startingColonists>
			<li>
				<pawnKindEntries>
					<li>
						<kindDefs>
							<li>LeoColonist</li>
						</kindDefs>
						<chance>30.0</chance>
					</li>
					<li>
						<kindDefs>
							<li>TigrisColonist</li>
						</kindDefs>
						<chance>30.0</chance>
					</li>
					<li>
						<kindDefs>
							<li>CheetahColonist</li>
						</kindDefs>
						<chance>30.0</chance>
					</li>
					<li>
						<kindDefs>
							<li>JaguarColonist</li>
						</kindDefs>
						<chance>30.0</chance>
					</li>
					<li>
						<kindDefs>
							<li>PantherColonist</li>
						</kindDefs>
						<chance>30.0</chance>
					</li>
				</pawnKindEntries>
				<factionDefs>
					<li>PlayerColony</li>
					<li>PlayerFelesTribal</li>
					<li>PlayerFelesTribalNoTech</li>
					<li>PlayerFelesIndustrial</li>
					<li>PlayerFelesIndustrialNoTech</li>					
				</factionDefs>
			</li>
			<li>
				<pawnKindEntries>
					<li>
						<kindDefs>
							<li>LeoTribesperson</li>
						</kindDefs>
						<chance>30.0</chance>
					</li>
					<li>
						<kindDefs>
							<li>TigrisTribesperson</li>
						</kindDefs>
						<chance>30.0</chance>
					</li>
					<li>
						<kindDefs>
							<li>CheetahTribesperson</li>
						</kindDefs>
						<chance>30.0</chance>
					</li>
					<li>
						<kindDefs>
							<li>JaguarTribesperson</li>
						</kindDefs>
						<chance>30.0</chance>
					</li>
					<li>
						<kindDefs>
							<li>PantherTribesperson</li>
						</kindDefs>
						<chance>30.0</chance>
					</li>
				</pawnKindEntries>
				<factionDefs>
					<li>PlayerColony</li>
					<li>PlayerFelesTribal</li>
					<li>PlayerFelesTribalNoTech</li>
					<li>PlayerFelesIndustrial</li>
					<li>PlayerFelesIndustrialNoTech</li>					
				</factionDefs>
			</li>
		</startingColonists>
	</pawnKindSettings>
</AlienRace.RaceSettings>
</Defs>