﻿<?xml version="1.0" encoding="utf-8" ?>
<Defs>
<FactionDef ParentName="FactionBase" Abstract="True" Name="WZoroarkFactionBase">
    <settlementTexturePath>World/WorldObjects/WZoroarkBase</settlementTexturePath>
    <colorSpectrum>
       <li>(0, 0.737, 0.847)</li>
    </colorSpectrum>
  </FactionDef>
  
	<!--TRIBAL FACTION-->
  <FactionDef ParentName="WZoroarkFactionBase">
    <defName>PlayerZoroarkTribal</defName>
    <label>Zoroark Tribe</label>
    <description>Zoroark tribe</description>
    <isPlayer>true</isPlayer>
    <pawnSingular>Zoroark</pawnSingular>
    <pawnsPlural>WZoroark</pawnsPlural>
    <basicMemberKind>WZoroarkTribalPawn</basicMemberKind>
    <techLevel>Neolithic</techLevel>
    <backstoryFilters>
      <li>
        <categories>
          <li>Tribal</li>
        </categories>
      </li>
    </backstoryFilters>
    <factionIconPath>World/WorldObjects/Zoroark_Faction</factionIconPath>
    <settlementTexturePath>World/WorldObjects/Zoroark_Base</settlementTexturePath>
    <playerInitialSettlementNameMaker>NamerInitialSettlementColony</playerInitialSettlementNameMaker>
    <factionNameMaker>NamerFactionTribal</factionNameMaker>
    <settlementNameMaker>NamerSettlementTribal</settlementNameMaker>
	<allowedCultures>
      <li>Corunan</li>
    </allowedCultures>
    <startingResearchTags>
      <li>TribalStart</li>
    </startingResearchTags>
    <startingTechprintsResearchTags>
      <li>TribalStart</li>
      <li>TribalStartTechprints</li>
    </startingTechprintsResearchTags>
    <apparelStuffFilter>
      <thingDefs>
        <li>DevilstrandCloth</li>
      </thingDefs>
    </apparelStuffFilter>
    <recipePrerequisiteTags>
      <li>Tribal</li>
    </recipePrerequisiteTags>
    </FactionDef>
	
	<!--TRIBAL FACTION (NO TECH AT START)-->
	<FactionDef ParentName="WZoroarkFactionBase">
    <defName>PlayerZoroarkTribalNoTech</defName>
    <label>Zoroark Tribe (No tech)</label>
    <description>Zoroark tribe</description>
    <isPlayer>true</isPlayer>
    <pawnSingular>Zoroark</pawnSingular>
    <pawnsPlural>WZoroark</pawnsPlural>
    <basicMemberKind>WZoroarkTribalPawn</basicMemberKind>
    <techLevel>Neolithic</techLevel>
    <backstoryFilters>
      <li>
        <categories>
          <li>Tribal</li>
        </categories>
      </li>
    </backstoryFilters>
    <factionIconPath>World/WorldObjects/Zoroark_Faction</factionIconPath>
    <settlementTexturePath>World/WorldObjects/Zoroark_Base</settlementTexturePath>
    <playerInitialSettlementNameMaker>NamerInitialSettlementColony</playerInitialSettlementNameMaker>
    <factionNameMaker>NamerFactionTribal</factionNameMaker>
    <settlementNameMaker>NamerSettlementTribal</settlementNameMaker>
	<allowedCultures>
      <li>Corunan</li>
    </allowedCultures>
    <startingResearchTags>
      <li>TribalStart</li>
    </startingResearchTags>
    <startingTechprintsResearchTags>
      <li>TribalStart</li>
      <li>TribalStartTechprints</li>
    </startingTechprintsResearchTags>
    <apparelStuffFilter>
      <thingDefs>
        <li>DevilstrandCloth</li>
      </thingDefs>
    </apparelStuffFilter>
    <recipePrerequisiteTags>
      <li>Tribal</li>
    </recipePrerequisiteTags>
    </FactionDef>
	
	<!--INDUSTRIAL FACTION-->
	<FactionDef ParentName="WZoroarkFactionBase">
    <defName>PlayerZoroarkIndustrial</defName>
    <label>Zoroark Colony</label>
    <description>Zoroark Colony</description>
    <isPlayer>true</isPlayer>
    <pawnSingular>Zoroark</pawnSingular>
    <pawnsPlural>WZoroark</pawnsPlural>
    <basicMemberKind>WZoroarkIndustrialPawn</basicMemberKind>
    <techLevel>Industrial</techLevel>
    <backstoryFilters>
      <li>
        <categories>
          <li>Offworld</li>
        </categories>
      </li>
    </backstoryFilters>
    <factionIconPath>World/WorldObjects/Zoroark_Faction</factionIconPath>
    <settlementTexturePath>World/WorldObjects/Zoroark_Base</settlementTexturePath>
    <playerInitialSettlementNameMaker>NamerInitialSettlementColony</playerInitialSettlementNameMaker>
    <factionNameMaker>NamerFactionTribal</factionNameMaker>
    <settlementNameMaker>NamerSettlementTribal</settlementNameMaker>
	<allowedCultures><li>Astropolitan</li></allowedCultures>
    <startingResearchTags>
      <li>ClassicStart</li>
    </startingResearchTags>
    <startingTechprintsResearchTags>
      <li>ClassicStart</li>
      <li>ClassicStartTechprints</li>
    </startingTechprintsResearchTags>
    <apparelStuffFilter>
      <thingDefs>
			<li>Synthread</li>
			<li>Hyperweave</li>
			<li>Plasteel</li>
      </thingDefs>
    </apparelStuffFilter>
    <recipePrerequisiteTags>
      <li>Industrial</li>
    </recipePrerequisiteTags>
    </FactionDef>
	
	<!--INDUSTRIAL FACTION (NO TECH AT START)-->
	<FactionDef ParentName="WZoroarkFactionBase">
    <defName>PlayerZoroarkIndustrialNoTech</defName>
    <label>Zoroark Colony (No tech)</label>
    <description>Zoroark colony</description>
    <isPlayer>true</isPlayer>
    <pawnSingular>Zoroark</pawnSingular>
    <pawnsPlural>WZoroark</pawnsPlural>
    <basicMemberKind>WZoroarkIndustrialPawn</basicMemberKind>
    <techLevel>Industrial</techLevel>
    <backstoryFilters>
      <li>
        <categories>
          <li>Offworld</li>
        </categories>
      </li>
    </backstoryFilters>
    <factionIconPath>World/WorldObjects/Zoroark_Faction</factionIconPath>
    <settlementTexturePath>World/WorldObjects/Zoroark_Base</settlementTexturePath>
    <playerInitialSettlementNameMaker>NamerInitialSettlementColony</playerInitialSettlementNameMaker>
    <factionNameMaker>NamerFactionOutlander</factionNameMaker>
    <settlementNameMaker>NamerSettlementOutlander</settlementNameMaker>
	<allowedCultures><li>Astropolitan</li></allowedCultures>
    <apparelStuffFilter>
      <thingDefs>
			<li>Synthread</li>
			<li>Hyperweave</li>
			<li>Plasteel</li>				
      </thingDefs>
    </apparelStuffFilter>
    <recipePrerequisiteTags>
      <li>Industrial</li>
    </recipePrerequisiteTags>
    </FactionDef>
</Defs>