﻿<?xml version="1.0" encoding="utf-8"?>
<ModMetaData>
<name>Eeveelutions - Vaporeon Module [1.4]</name>
<author>Yanzihko</author>
<packageId>yanzihko.EVAPM</packageId>
<supportedVersions>
		<li>1.4</li>
</supportedVersions>
<description>
	
Genetically modified species, closely related to Sylveons. Their origin is barely known, but there's rumors that they come from a group of Sylveons that managed to escape from slavery at colony ship a few hundred years ago. Said ship crashed at aquatic world and survivors had to gene-engineer themselves to survive. Despite its appearence, this species has strong physical strength and are easily able to win a brawl fight against average human.

Support me at Boosty: https://boosty.to/yanzihko
</description>
	<modDependencies>
		<li>
			<packageId>erdelf.HumanoidAlienRaces</packageId>
			<displayName>Humanoid Alien Races 2.0</displayName>
			<steamWorkshopUrl>steam://url/CommunityFilePage/839005762</steamWorkshopUrl>
		</li>
		<li>
			<packageId>yanzihko.YZRCM</packageId>
			<displayName>Yanzihko's Races - Core Module [YZRCM][1.4]</displayName>
			<steamWorkshopUrl>steam://url/CommunityFilePage/3005787388</steamWorkshopUrl>
		</li>
	</modDependencies>
</ModMetaData>