<?xml version="1.0" encoding="utf-8"?>
<Defs>
	<AlienRace.RaceSettings>
		<defName>BraixenSettings</defName>
	
		<pawnKindSettings>
		
			<!-- refugee -->
			<alienrefugeekinds>
				<li>
					<kindDefs>
						<li>BraixenSpaceRefugee</li>
					</kindDefs>
					<chance>4.0</chance>
				</li>
			</alienrefugeekinds>
			
			<!-- wanderer -->
			<alienwandererkinds>
			<li>
				<pawnKindEntries>
					<li>
						<kindDefs>
							<li>BraixenSpaceRefugee</li>
						</kindDefs>
						<chance>10.0</chance>
					</li>
				</pawnKindEntries>
				
				<factionDefs>
					<li>PlayerBraixenTribal</li>
					<li>PlayerBraixenTribalNoTech</li> 
					<li>PlayerBraixenIndustrial</li> 
					<li>PlayerBraixenIndustrialNoTech</li> 
				</factionDefs>
			</li>
			</alienwandererkinds>
			
		</pawnKindSettings>
		
	</AlienRace.RaceSettings>
</Defs>