﻿<?xml version="1.0" encoding="utf-8" ?>
<Defs>

<!--■■■■■■■■■■■■■■■■■■■■ ARCHOTECH BATTERY ■■■■■■■■■■■■■■■■■■■■-->

  <ThingDef ParentName="BuildingBase">
    <defName>ArchotechBattery</defName>
    <label>Archotech Battery</label>
    <description>Archotech battery that stores enormous amounts of energy with almost perfect efficiency. Protected by extremely durable case. Will never burn or short circuit in rain.</description>
    <thingClass>Building_Battery</thingClass>
    <graphicData>
      <texPath>Things/Building/Power/ArchotechBattery</texPath>
      <graphicClass>Graphic_Multi</graphicClass>
      <drawSize>(2,3)</drawSize>
      <damageData>
        <cornerTL>Damage/Corner</cornerTL>
        <cornerTR>Damage/Corner</cornerTR>
        <cornerBL>Damage/Corner</cornerBL>
        <cornerBR>Damage/Corner</cornerBR>
      </damageData>
    </graphicData>
    <altitudeLayer>Building</altitudeLayer>
    <passability>PassThroughOnly</passability>
    <pathCost>50</pathCost>
    <blockWind>true</blockWind>
    <castEdgeShadows>true</castEdgeShadows>
    <fillPercent>0.40</fillPercent>
    <tickerType>Normal</tickerType>
    <minifiedDef>MinifiedThing</minifiedDef>
    <thingCategories>
      <li>BuildingsPower</li>
    </thingCategories>
    <statBases>
      <MaxHitPoints>1000</MaxHitPoints>
      <WorkToBuild>10000</WorkToBuild>
      <Mass>20</Mass>
      <Flammability>0</Flammability>
      <Beauty>10</Beauty>
    </statBases>
    <size>(1,2)</size>
    <building>
      <destroySound>BuildingDestroyed_Metal_Medium</destroySound>
    </building>
    <costList>
      <ComponentArchotech>2</ComponentArchotech>
      <BlockArchotech>25</BlockArchotech>
	  <Femtomachinery>20</Femtomachinery>
	  <Attomachinery>10</Attomachinery>
    </costList>
    <comps>
      <li Class="CompProperties_Battery">
        <storedEnergyMax>10000</storedEnergyMax>
        <efficiency>0.999</efficiency>
        <shortCircuitInRain>false</shortCircuitInRain>
        <transmitsPower>true</transmitsPower>
      </li>
      <li Class="CompProperties_Breakdownable"/>
    </comps>
    <terrainAffordanceNeeded>Medium</terrainAffordanceNeeded>
    <designationCategory>Power</designationCategory>
    <staticSunShadowHeight>0.2</staticSunShadowHeight>
    <constructEffect>ConstructMetal</constructEffect>
    <designationHotKey>Misc4</designationHotKey>
    <canOverlapZones>false</canOverlapZones>
    <researchPrerequisites>
      <li>ArchoPowerSol</li>
    </researchPrerequisites>
  </ThingDef>

<!--■■■■■■■■■■■■■■■■■■■■ ARCHOTECH VANOMETRIC POWER CELL ■■■■■■■■■■■■■■■■■■■■-->
  
  <ThingDef ParentName="BuildingBase">
    <defName>ArchotechVanometricPowerCell</defName>
    <label>Archotech vanometric power cell</label>
    <description>Generates free energy, forever, without using any fuel. This technological marvel extracts energy directly from fluctuations in the quantum using Attomachinery. Some scientists believe that cells like this somehow utilize zero point energy, able to provide power even in complete isolation in vacuum. While being a completely clean and safe source of power at first glance, if Archotech power cell will be extracting power from one point in space for a few thousand years, it might result in collapse of space-time continiuum in a range of few light years around it. Oh theories... Don't be afraid, use it anyway.</description>
    <graphicData>
      <texPath>Things/Building/Power/VanometricPowerCell</texPath>
      <graphicClass>Graphic_Multi</graphicClass>
      <drawSize>(2, 3)</drawSize>
      <damageData>
        <cornerTL>Damage/Corner</cornerTL>
        <cornerTR>Damage/Corner</cornerTR>
        <cornerBL>Damage/Corner</cornerBL>
        <cornerBR>Damage/Corner</cornerBR>
      </damageData>
    </graphicData>
    <altitudeLayer>Building</altitudeLayer>
    <drawerType>MapMeshAndRealTime</drawerType>
    <pathCost>42</pathCost>
    <fillPercent>0.4</fillPercent>
    <passability>PassThroughOnly</passability>
    <leaveResourcesWhenKilled>false</leaveResourcesWhenKilled>
    <canOverlapZones>false</canOverlapZones>
    <castEdgeShadows>true</castEdgeShadows>
    <staticSunShadowHeight>0.5</staticSunShadowHeight>
    <terrainAffordanceNeeded>Medium</terrainAffordanceNeeded>
	<designationCategory>Power</designationCategory>
    <thingCategories>
      <li>BuildingsSpecial</li>
    </thingCategories>
    <statBases>
      <MarketValue>1200</MarketValue>
      <MaxHitPoints>200</MaxHitPoints>
      <Flammability>0</Flammability>
      <Mass>15</Mass>
    </statBases>
    <tickerType>Normal</tickerType>
    <size>(1, 2)</size>
    <costList>
		<ComponentArchotech>10</ComponentArchotech>
		<BlockArchotech>75</BlockArchotech>
		<Femtomachinery>40</Femtomachinery>
		<Attomachinery>20</Attomachinery>
    </costList>
    <comps>
      <li Class="CompProperties_Power">
        <compClass>CompPowerPlant</compClass>
        <basePowerConsumption>-2500</basePowerConsumption>
		<shortCircuitInRain>false</shortCircuitInRain>
        <transmitsPower>true</transmitsPower>
      </li>
      <li Class="CompProperties_Glower">
        <glowRadius>3</glowRadius>
        <glowColor>(227,233,168,0)</glowColor>
      </li>
    </comps>
    <thingSetMakerTags>
      <li>RewardStandardHighFreq</li>
    </thingSetMakerTags>
    <minifiedDef>MinifiedThing</minifiedDef>
    <tradeability>Sellable</tradeability>
    <tradeTags>
      <li>ExoticBuilding</li>
    </tradeTags>
	<researchPrerequisites>
      <li>ArchoPowerSol</li>
    </researchPrerequisites>
  </ThingDef>

</Defs>
