﻿<?xml version="1.0" encoding="utf-8" ?>
<Defs>

<!--■■■■■■■■■■■■■■■■■■■■ Archotech chemfuel reactor ■■■■■■■■■■■■■■■■■■■■-->

<ThingDef ParentName="BuildingBase">
    <defName>ArchotechInfiniteChemreactor</defName>
    <label>Archotech chemfuel reactor</label>
    <description>Archotech facility that transforms fluctuations in the quantum foam into chemfuel using atto and femtomachinery.</description>
    <graphicData>
      <texPath>Things/Building/Special/InfiniteChemreactor</texPath>
      <graphicClass>Graphic_Single</graphicClass>
      <drawSize>(3, 3)</drawSize>
      <shadowData>
        <volume>(1.8, 1.0, 0.2)</volume>
        <offset>(0.0, 0.0, -0.4)</offset>
      </shadowData>
    </graphicData>
    <thingCategories>
      <li>BuildingsSpecial</li>
    </thingCategories>
    <costList>
		<ComponentArchotech>10</ComponentArchotech>
		<BlockArchotech>75</BlockArchotech>
		<Femtomachinery>40</Femtomachinery>
		<Attomachinery>20</Attomachinery>
    </costList>
	<designatorDropdown>ArchotechInfiniteReactors</designatorDropdown>
    <building>
      <destroySound>BuildingDestroyed_Metal_Big</destroySound>
    </building>
    <comps>
      <li Class="CompProperties_Power">
        <compClass>CompPowerTrader</compClass>
        <basePowerConsumption>1000</basePowerConsumption>
      </li>
      <li Class="CompProperties_Breakdownable"/>
      <li Class="CompProperties_Flickable"/>
      <li Class="CompProperties_Spawner">
        <requiresPower>true</requiresPower>
        <thingToSpawn>Chemfuel</thingToSpawn>
        <spawnCount>75</spawnCount>
        <spawnIntervalRange><min>60000</min><max>60000</max></spawnIntervalRange>
        <writeTimeLeftToSpawn>true</writeTimeLeftToSpawn>
        <showMessageIfOwned>true</showMessageIfOwned>
      </li>
    </comps>
    <altitudeLayer>Building</altitudeLayer>
    <statBases>
      <MarketValue>10000</MarketValue>
      <MaxHitPoints>200</MaxHitPoints>
      <Flammability>1.0</Flammability>
      <Beauty>-10</Beauty>
      <Mass>35</Mass>
      <WorkToBuild>8000</WorkToBuild>
    </statBases>
    <thingSetMakerTags>
      <li>RewardStandardHighFreq</li>
    </thingSetMakerTags>
    <tickerType>Normal</tickerType>
    <size>(2, 2)</size>
    <fillPercent>1.0</fillPercent>
    <leaveResourcesWhenKilled>false</leaveResourcesWhenKilled>
    <terrainAffordanceNeeded>Medium</terrainAffordanceNeeded>
    <passability>Impassable</passability>
    <rotatable>false</rotatable>
    <canOverlapZones>false</canOverlapZones>
    <minifiedDef>MinifiedThing</minifiedDef>
    <tradeability>Sellable</tradeability>
	<designationCategory>Production</designationCategory>
    <tradeTags>
      <li>ExoticBuilding</li>
    </tradeTags>
	<researchPrerequisites>
      <li>ArchoIndustrySol</li>
    </researchPrerequisites>
  </ThingDef>
  
<!--■■■■■■■■■■■■■■■■■■■■ Archotech silver reactor ■■■■■■■■■■■■■■■■■■■■-->

<ThingDef ParentName="BuildingBase">
    <defName>ArchotechInfiniteSilverreactor</defName>
    <label>Archotech silver reactor</label>
    <description>Archotech facility that transforms fluctuations in the quantum foam into silver using atto and femtomachinery.</description>
    <graphicData>
      <texPath>Things/Building/Special/InfiniteSilverreactor</texPath>
      <graphicClass>Graphic_Single</graphicClass>
      <drawSize>(3, 3)</drawSize>
      <shadowData>
        <volume>(1.8, 1.0, 0.2)</volume>
        <offset>(0.0, 0.0, -0.4)</offset>
      </shadowData>
    </graphicData>
    <thingCategories>
      <li>BuildingsSpecial</li>
    </thingCategories>
    <costList>
		<ComponentArchotech>10</ComponentArchotech>
		<BlockArchotech>75</BlockArchotech>
		<Femtomachinery>40</Femtomachinery>
		<Attomachinery>20</Attomachinery>
    </costList>
	<designatorDropdown>ArchotechInfiniteReactors</designatorDropdown>
    <building>
      <destroySound>BuildingDestroyed_Metal_Big</destroySound>
    </building>
    <comps>
      <li Class="CompProperties_Power">
        <compClass>CompPowerTrader</compClass>
        <basePowerConsumption>2500</basePowerConsumption>
      </li>
      <li Class="CompProperties_Breakdownable"/>
      <li Class="CompProperties_Flickable"/>
      <li Class="CompProperties_Spawner">
        <requiresPower>true</requiresPower>
        <thingToSpawn>Silver</thingToSpawn>
        <spawnCount>500</spawnCount>
        <spawnIntervalRange><min>60000</min><max>60000</max></spawnIntervalRange>
        <writeTimeLeftToSpawn>true</writeTimeLeftToSpawn>
        <showMessageIfOwned>true</showMessageIfOwned>
      </li>
    </comps>
    <altitudeLayer>Building</altitudeLayer>
    <statBases>
      <MarketValue>10000</MarketValue>
      <MaxHitPoints>200</MaxHitPoints>
      <Flammability>1.0</Flammability>
      <Beauty>-10</Beauty>
      <Mass>35</Mass>
      <WorkToBuild>8000</WorkToBuild>
    </statBases>
    <thingSetMakerTags>
      <li>RewardStandardHighFreq</li>
    </thingSetMakerTags>
    <tickerType>Normal</tickerType>
    <size>(2, 2)</size>
    <fillPercent>1.0</fillPercent>
    <leaveResourcesWhenKilled>false</leaveResourcesWhenKilled>
    <terrainAffordanceNeeded>Medium</terrainAffordanceNeeded>
    <passability>Impassable</passability>
    <rotatable>false</rotatable>
    <canOverlapZones>false</canOverlapZones>
    <minifiedDef>MinifiedThing</minifiedDef>
    <tradeability>Sellable</tradeability>
	<designationCategory>Production</designationCategory>
    <tradeTags>
      <li>ExoticBuilding</li>
    </tradeTags>
	<researchPrerequisites>
      <li>ArchoIndustrySol</li>
    </researchPrerequisites>
  </ThingDef>
  
<!--■■■■■■■■■■■■■■■■■■■■ Archotech gold reactor ■■■■■■■■■■■■■■■■■■■■-->

<ThingDef ParentName="BuildingBase">
    <defName>ArchotechInfiniteGoldreactor</defName>
    <label>Archotech gold reactor</label>
    <description>Archotech facility that transforms fluctuations in the quantum foam into gold using atto and femtomachinery.</description>
    <graphicData>
      <texPath>Things/Building/Special/InfiniteGoldreactor</texPath>
      <graphicClass>Graphic_Single</graphicClass>
      <drawSize>(3, 3)</drawSize>
      <shadowData>
        <volume>(1.8, 1.0, 0.2)</volume>
        <offset>(0.0, 0.0, -0.4)</offset>
      </shadowData>
    </graphicData>
    <thingCategories>
      <li>BuildingsSpecial</li>
    </thingCategories>
    <costList>
		<ComponentArchotech>10</ComponentArchotech>
		<BlockArchotech>75</BlockArchotech>
		<Femtomachinery>40</Femtomachinery>
		<Attomachinery>20</Attomachinery>
    </costList>
	<designatorDropdown>ArchotechInfiniteReactors</designatorDropdown>
    <building>
      <destroySound>BuildingDestroyed_Metal_Big</destroySound>
    </building>
    <comps>
      <li Class="CompProperties_Power">
        <compClass>CompPowerTrader</compClass>
        <basePowerConsumption>2500</basePowerConsumption>
      </li>
      <li Class="CompProperties_Breakdownable"/>
      <li Class="CompProperties_Flickable"/>
      <li Class="CompProperties_Spawner">
        <requiresPower>true</requiresPower>
        <thingToSpawn>Gold</thingToSpawn>
        <spawnCount>75</spawnCount>
        <spawnIntervalRange><min>60000</min><max>60000</max></spawnIntervalRange>
        <writeTimeLeftToSpawn>true</writeTimeLeftToSpawn>
        <showMessageIfOwned>true</showMessageIfOwned>
      </li>
    </comps>
    <altitudeLayer>Building</altitudeLayer>
    <statBases>
      <MarketValue>10000</MarketValue>
      <MaxHitPoints>200</MaxHitPoints>
      <Flammability>1.0</Flammability>
      <Beauty>-10</Beauty>
      <Mass>35</Mass>
      <WorkToBuild>8000</WorkToBuild>
    </statBases>
    <thingSetMakerTags>
      <li>RewardStandardHighFreq</li>
    </thingSetMakerTags>
    <tickerType>Normal</tickerType>
    <size>(2, 2)</size>
    <fillPercent>1.0</fillPercent>
    <leaveResourcesWhenKilled>false</leaveResourcesWhenKilled>
    <terrainAffordanceNeeded>Medium</terrainAffordanceNeeded>
    <passability>Impassable</passability>
    <rotatable>false</rotatable>
    <canOverlapZones>false</canOverlapZones>
    <minifiedDef>MinifiedThing</minifiedDef>
    <tradeability>Sellable</tradeability>
	<designationCategory>Production</designationCategory>
    <tradeTags>
      <li>ExoticBuilding</li>
    </tradeTags>
	<researchPrerequisites>
      <li>ArchoIndustrySol</li>
    </researchPrerequisites>
  </ThingDef>
  
<!--■■■■■■■■■■■■■■■■■■■■ Archotech steel reactor ■■■■■■■■■■■■■■■■■■■■-->

<ThingDef ParentName="BuildingBase">
    <defName>ArchotechInfiniteSteelreactor</defName>
    <label>Archotech steel reactor</label>
    <description>Archotech facility that transforms fluctuations in the quantum foam into steel using atto and femtomachinery.</description>
    <graphicData>
      <texPath>Things/Building/Special/InfiniteSteelreactor</texPath>
      <graphicClass>Graphic_Single</graphicClass>
      <drawSize>(3, 3)</drawSize>
      <shadowData>
        <volume>(1.8, 1.0, 0.2)</volume>
        <offset>(0.0, 0.0, -0.4)</offset>
      </shadowData>
    </graphicData>
    <thingCategories>
      <li>BuildingsSpecial</li>
    </thingCategories>
    <costList>
		<ComponentArchotech>10</ComponentArchotech>
		<BlockArchotech>75</BlockArchotech>
		<Femtomachinery>40</Femtomachinery>
		<Attomachinery>20</Attomachinery>
    </costList>
	<designatorDropdown>ArchotechInfiniteReactors</designatorDropdown>
    <building>
      <destroySound>BuildingDestroyed_Metal_Big</destroySound>
    </building>
    <comps>
      <li Class="CompProperties_Power">
        <compClass>CompPowerTrader</compClass>
        <basePowerConsumption>2500</basePowerConsumption>
      </li>
      <li Class="CompProperties_Breakdownable"/>
      <li Class="CompProperties_Flickable"/>
      <li Class="CompProperties_Spawner">
        <requiresPower>true</requiresPower>
        <thingToSpawn>Steel</thingToSpawn>
        <spawnCount>75</spawnCount>
        <spawnIntervalRange><min>60000</min><max>60000</max></spawnIntervalRange>
        <writeTimeLeftToSpawn>true</writeTimeLeftToSpawn>
        <showMessageIfOwned>true</showMessageIfOwned>
      </li>
    </comps>
    <altitudeLayer>Building</altitudeLayer>
    <statBases>
      <MarketValue>10000</MarketValue>
      <MaxHitPoints>200</MaxHitPoints>
      <Flammability>1.0</Flammability>
      <Beauty>-10</Beauty>
      <Mass>35</Mass>
      <WorkToBuild>8000</WorkToBuild>
    </statBases>
    <thingSetMakerTags>
      <li>RewardStandardHighFreq</li>
    </thingSetMakerTags>
    <tickerType>Normal</tickerType>
    <size>(2, 2)</size>
    <fillPercent>1.0</fillPercent>
    <leaveResourcesWhenKilled>false</leaveResourcesWhenKilled>
    <terrainAffordanceNeeded>Medium</terrainAffordanceNeeded>
    <passability>Impassable</passability>
    <rotatable>false</rotatable>
    <canOverlapZones>false</canOverlapZones>
    <minifiedDef>MinifiedThing</minifiedDef>
    <tradeability>Sellable</tradeability>
	<designationCategory>Production</designationCategory>
    <tradeTags>
      <li>ExoticBuilding</li>
    </tradeTags>
	<researchPrerequisites>
      <li>ArchoIndustrySol</li>
    </researchPrerequisites>
  </ThingDef>
  
<!--■■■■■■■■■■■■■■■■■■■■ Archotech uranium reactor ■■■■■■■■■■■■■■■■■■■■-->

<ThingDef ParentName="BuildingBase">
    <defName>ArchotechInfiniteUraniumreactor</defName>
    <label>Archotech uranium reactor</label>
    <description>Archotech facility that transforms fluctuations in the quantum foam into uranium using atto and femtomachinery.</description>
    <graphicData>
      <texPath>Things/Building/Special/InfiniteUraniumreactor</texPath>
      <graphicClass>Graphic_Single</graphicClass>
      <drawSize>(3, 3)</drawSize>
      <shadowData>
        <volume>(1.8, 1.0, 0.2)</volume>
        <offset>(0.0, 0.0, -0.4)</offset>
      </shadowData>
    </graphicData>
    <thingCategories>
      <li>BuildingsSpecial</li>
    </thingCategories>
    <costList>
		<ComponentArchotech>10</ComponentArchotech>
		<BlockArchotech>75</BlockArchotech>
		<Femtomachinery>40</Femtomachinery>
		<Attomachinery>20</Attomachinery>
    </costList>
	<designatorDropdown>ArchotechInfiniteReactors</designatorDropdown>
    <building>
      <destroySound>BuildingDestroyed_Metal_Big</destroySound>
    </building>
    <comps>
      <li Class="CompProperties_Power">
        <compClass>CompPowerTrader</compClass>
        <basePowerConsumption>3000</basePowerConsumption>
      </li>
      <li Class="CompProperties_Breakdownable"/>
      <li Class="CompProperties_Flickable"/>
      <li Class="CompProperties_Spawner">
        <requiresPower>true</requiresPower>
        <thingToSpawn>Uranium</thingToSpawn>
        <spawnCount>75</spawnCount>
        <spawnIntervalRange><min>60000</min><max>60000</max></spawnIntervalRange>
        <writeTimeLeftToSpawn>true</writeTimeLeftToSpawn>
        <showMessageIfOwned>true</showMessageIfOwned>
      </li>
    </comps>
    <altitudeLayer>Building</altitudeLayer>
    <statBases>
      <MarketValue>1500</MarketValue>
      <MaxHitPoints>200</MaxHitPoints>
      <Flammability>1.0</Flammability>
      <Beauty>-10</Beauty>
      <Mass>35</Mass>
      <WorkToBuild>8000</WorkToBuild>
    </statBases>
    <thingSetMakerTags>
      <li>RewardStandardHighFreq</li>
    </thingSetMakerTags>
    <tickerType>Normal</tickerType>
    <size>(2, 2)</size>
    <fillPercent>1.0</fillPercent>
    <leaveResourcesWhenKilled>false</leaveResourcesWhenKilled>
    <terrainAffordanceNeeded>Medium</terrainAffordanceNeeded>
    <passability>Impassable</passability>
    <rotatable>false</rotatable>
    <canOverlapZones>false</canOverlapZones>
    <minifiedDef>MinifiedThing</minifiedDef>
    <tradeability>Sellable</tradeability>
	<designationCategory>Production</designationCategory>
    <tradeTags>
      <li>ExoticBuilding</li>
    </tradeTags>
	<researchPrerequisites>
      <li>ArchoIndustrySol</li>
    </researchPrerequisites>
  </ThingDef>
 
 <!--■■■■■■■■■■■■■■■■■■■■ Archotech plasteel reactor ■■■■■■■■■■■■■■■■■■■■-->
  
  <ThingDef ParentName="BuildingBase">
    <defName>ArchotechInfinitePlasteelreactor</defName>
    <label>Archotech plasteel reactor</label>
    <description>Archotech facility that transforms fluctuations in the quantum foam into plasteel using atto and femtomachinery. Surrounded by a strange glowing field.</description>
    <graphicData>
      <texPath>Things/Building/Special/InfinitePlasteelreactor</texPath>
      <graphicClass>Graphic_Single</graphicClass>
      <drawSize>(3, 3)</drawSize>
      <shadowData>
        <volume>(1.8, 1.0, 0.2)</volume>
        <offset>(0.0, 0.0, -0.4)</offset>
      </shadowData>
    </graphicData>
    <thingCategories>
      <li>BuildingsSpecial</li>
    </thingCategories>
    <costList>
		<ComponentArchotech>15</ComponentArchotech>
		<BlockArchotech>100</BlockArchotech>
		<Femtomachinery>50</Femtomachinery>
		<Attomachinery>25</Attomachinery>
    </costList>
	<designatorDropdown>ArchotechInfiniteReactors</designatorDropdown>
    <building>
      <destroySound>BuildingDestroyed_Metal_Big</destroySound>
    </building>
    <comps>
      <li Class="CompProperties_Power">
        <compClass>CompPowerTrader</compClass>
        <basePowerConsumption>5000</basePowerConsumption>
      </li>
	  <li Class="CompProperties_Glower">
        <glowRadius>6</glowRadius>
        <glowColor>(0,183,235,0)</glowColor>
      </li>
      <li Class="CompProperties_Breakdownable"/>
      <li Class="CompProperties_Flickable"/>
      <li Class="CompProperties_Spawner">
        <requiresPower>true</requiresPower>
        <thingToSpawn>Plasteel</thingToSpawn>
        <spawnCount>75</spawnCount>
        <spawnIntervalRange><min>60000</min><max>60000</max></spawnIntervalRange>
        <writeTimeLeftToSpawn>true</writeTimeLeftToSpawn>
        <showMessageIfOwned>true</showMessageIfOwned>
      </li>
    </comps>
    <altitudeLayer>Building</altitudeLayer>
    <statBases>
      <MarketValue>1500</MarketValue>
      <MaxHitPoints>200</MaxHitPoints>
      <Flammability>1.0</Flammability>
      <Beauty>-10</Beauty>
      <Mass>35</Mass>
      <WorkToBuild>8000</WorkToBuild>
    </statBases>
    <thingSetMakerTags>
      <li>RewardStandardHighFreq</li>
    </thingSetMakerTags>
    <tickerType>Normal</tickerType>
    <size>(2, 2)</size>
    <fillPercent>1.0</fillPercent>
    <leaveResourcesWhenKilled>false</leaveResourcesWhenKilled>
    <terrainAffordanceNeeded>Medium</terrainAffordanceNeeded>
    <passability>Impassable</passability>
    <rotatable>false</rotatable>
    <canOverlapZones>false</canOverlapZones>
    <minifiedDef>MinifiedThing</minifiedDef>
    <tradeability>Sellable</tradeability>
	<designationCategory>Production</designationCategory>
    <tradeTags>
      <li>ExoticBuilding</li>
    </tradeTags>
	<researchPrerequisites>
      <li>ArchoIndustrySol2</li>
    </researchPrerequisites>
  </ThingDef>
  
   <!--■■■■■■■■■■■■■■■■■■■■ Archotech archoblock reactor ■■■■■■■■■■■■■■■■■■■■-->
  
  <ThingDef ParentName="BuildingBase">
    <defName>ArchotechInfiniteArchoblockreactor</defName>
    <label>Archotech Block Reactor</label>
    <description>Archotech facility that transforms fluctuations in the quantum foam into archotech blocks using atto and femtomachinery. Surrounded by a strange glowing field.</description>
    <graphicData>
      <texPath>Things/Building/Special/InfiniteArchoblock</texPath>
      <graphicClass>Graphic_Single</graphicClass>
      <drawSize>(3, 3)</drawSize>
      <shadowData>
        <volume>(1.8, 1.0, 0.2)</volume>
        <offset>(0.0, 0.0, -0.4)</offset>
      </shadowData>
    </graphicData>
    <thingCategories>
      <li>BuildingsSpecial</li>
    </thingCategories>
    <costList>
		<ComponentArchotech>15</ComponentArchotech>
		<BlockArchotech>100</BlockArchotech>
		<Femtomachinery>50</Femtomachinery>
		<Attomachinery>25</Attomachinery>
    </costList>
	<designatorDropdown>ArchotechInfiniteReactors</designatorDropdown>
    <building>
      <destroySound>BuildingDestroyed_Metal_Big</destroySound>
    </building>
    <comps>
      <li Class="CompProperties_Power">
        <compClass>CompPowerTrader</compClass>
        <basePowerConsumption>5000</basePowerConsumption>
      </li>
	  <li Class="CompProperties_Glower">
        <glowRadius>6</glowRadius>
        <glowColor>(0,183,235,0)</glowColor>
      </li>
      <li Class="CompProperties_Breakdownable"/>
      <li Class="CompProperties_Flickable"/>
      <li Class="CompProperties_Spawner">
        <requiresPower>true</requiresPower>
        <thingToSpawn>BlockArchotech</thingToSpawn>
        <spawnCount>75</spawnCount>
        <spawnIntervalRange><min>60000</min><max>60000</max></spawnIntervalRange>
        <writeTimeLeftToSpawn>true</writeTimeLeftToSpawn>
        <showMessageIfOwned>true</showMessageIfOwned>
      </li>
    </comps>
    <altitudeLayer>Building</altitudeLayer>
    <statBases>
      <MarketValue>1500</MarketValue>
      <MaxHitPoints>200</MaxHitPoints>
      <Flammability>1.0</Flammability>
      <Beauty>-10</Beauty>
      <Mass>35</Mass>
      <WorkToBuild>8000</WorkToBuild>
    </statBases>
    <thingSetMakerTags>
      <li>RewardStandardHighFreq</li>
    </thingSetMakerTags>
    <tickerType>Normal</tickerType>
    <size>(2, 2)</size>
    <fillPercent>1.0</fillPercent>
    <leaveResourcesWhenKilled>false</leaveResourcesWhenKilled>
    <terrainAffordanceNeeded>Medium</terrainAffordanceNeeded>
    <passability>Impassable</passability>
    <rotatable>false</rotatable>
    <canOverlapZones>false</canOverlapZones>
    <minifiedDef>MinifiedThing</minifiedDef>
    <tradeability>Sellable</tradeability>
	<designationCategory>Production</designationCategory>
    <tradeTags>
      <li>ExoticBuilding</li>
    </tradeTags>
	<researchPrerequisites>
      <li>ArchoIndustrySol2</li>
    </researchPrerequisites>
  </ThingDef>
  
   <!--■■■■■■■■■■■■■■■■■■■■ Archotech archostrand reactor ■■■■■■■■■■■■■■■■■■■■-->
  
  <ThingDef ParentName="BuildingBase">
    <defName>ArchotechInfiniteArchostrandreactor</defName>
    <label>Archotech Archostrand Reactor</label>
    <description>Archotech facility that transforms fluctuations in the quantum foam into archostrand using atto and femtomachinery. Surrounded by a strange glowing field.</description>
    <graphicData>
      <texPath>Things/Building/Special/InfiniteArchostrandreactor</texPath>
      <graphicClass>Graphic_Single</graphicClass>
      <drawSize>(3, 3)</drawSize>
      <shadowData>
        <volume>(1.8, 1.0, 0.2)</volume>
        <offset>(0.0, 0.0, -0.4)</offset>
      </shadowData>
    </graphicData>
    <thingCategories>
      <li>BuildingsSpecial</li>
    </thingCategories>
    <costList>
		<ComponentArchotech>15</ComponentArchotech>
		<BlockArchotech>100</BlockArchotech>
		<Femtomachinery>50</Femtomachinery>
		<Attomachinery>25</Attomachinery>
    </costList>
	<designatorDropdown>ArchotechInfiniteReactors</designatorDropdown>
    <building>
      <destroySound>BuildingDestroyed_Metal_Big</destroySound>
    </building>
    <comps>
      <li Class="CompProperties_Power">
        <compClass>CompPowerTrader</compClass>
        <basePowerConsumption>5000</basePowerConsumption>
      </li>
	  <li Class="CompProperties_Glower">
        <glowRadius>6</glowRadius>
        <glowColor>(0,183,235,0)</glowColor>
      </li>
      <li Class="CompProperties_Breakdownable"/>
      <li Class="CompProperties_Flickable"/>
      <li Class="CompProperties_Spawner">
        <requiresPower>true</requiresPower>
        <thingToSpawn>Archostrand</thingToSpawn>
        <spawnCount>75</spawnCount>
        <spawnIntervalRange><min>60000</min><max>60000</max></spawnIntervalRange>
        <writeTimeLeftToSpawn>true</writeTimeLeftToSpawn>
        <showMessageIfOwned>true</showMessageIfOwned>
      </li>
    </comps>
    <altitudeLayer>Building</altitudeLayer>
    <statBases>
      <MarketValue>1500</MarketValue>
      <MaxHitPoints>200</MaxHitPoints>
      <Flammability>1.0</Flammability>
      <Beauty>-10</Beauty>
      <Mass>35</Mass>
      <WorkToBuild>8000</WorkToBuild>
    </statBases>
    <thingSetMakerTags>
      <li>RewardStandardHighFreq</li>
    </thingSetMakerTags>
    <tickerType>Normal</tickerType>
    <size>(2, 2)</size>
    <fillPercent>1.0</fillPercent>
    <leaveResourcesWhenKilled>false</leaveResourcesWhenKilled>
    <terrainAffordanceNeeded>Medium</terrainAffordanceNeeded>
    <passability>Impassable</passability>
    <rotatable>false</rotatable>
    <canOverlapZones>false</canOverlapZones>
    <minifiedDef>MinifiedThing</minifiedDef>
    <tradeability>Sellable</tradeability>
	<designationCategory>Production</designationCategory>
    <tradeTags>
      <li>ExoticBuilding</li>
    </tradeTags>
	<researchPrerequisites>
      <li>ArchoIndustrySol2</li>
    </researchPrerequisites>
  </ThingDef>
  
   <!--■■■■■■■■■■■■■■■■■■■■ Archotech archocomponent reactor ■■■■■■■■■■■■■■■■■■■■-->
  
  <ThingDef ParentName="BuildingBase">
    <defName>ArchotechInfiniteArchocomponentreactor</defName>
    <label>Archotech Component Reactor</label>
    <description>Archotech facility that transforms fluctuations in the quantum foam into archotech components using atto and femtomachinery. Surrounded by a strange glowing field.</description>
    <graphicData>
      <texPath>Things/Building/Special/InfiniteArchocomponent</texPath>
      <graphicClass>Graphic_Single</graphicClass>
      <drawSize>(3, 3)</drawSize>
      <shadowData>
        <volume>(1.8, 1.0, 0.2)</volume>
        <offset>(0.0, 0.0, -0.4)</offset>
      </shadowData>
    </graphicData>
    <thingCategories>
      <li>BuildingsSpecial</li>
    </thingCategories>
    <costList>
		<ComponentArchotech>15</ComponentArchotech>
		<BlockArchotech>100</BlockArchotech>
		<Femtomachinery>50</Femtomachinery>
		<Attomachinery>25</Attomachinery>
    </costList>
	<designatorDropdown>ArchotechInfiniteReactors</designatorDropdown>
    <building>
      <destroySound>BuildingDestroyed_Metal_Big</destroySound>
    </building>
    <comps>
      <li Class="CompProperties_Power">
        <compClass>CompPowerTrader</compClass>
        <basePowerConsumption>5000</basePowerConsumption>
      </li>
	  <li Class="CompProperties_Glower">
        <glowRadius>6</glowRadius>
        <glowColor>(0,183,235,0)</glowColor>
      </li>
      <li Class="CompProperties_Breakdownable"/>
      <li Class="CompProperties_Flickable"/>
      <li Class="CompProperties_Spawner">
        <requiresPower>true</requiresPower>
        <thingToSpawn>ComponentArchotech</thingToSpawn>
        <spawnCount>10</spawnCount>
        <spawnIntervalRange><min>60000</min><max>60000</max></spawnIntervalRange>
        <writeTimeLeftToSpawn>true</writeTimeLeftToSpawn>
        <showMessageIfOwned>true</showMessageIfOwned>
      </li>
    </comps>
    <altitudeLayer>Building</altitudeLayer>
    <statBases>
      <MarketValue>1500</MarketValue>
      <MaxHitPoints>200</MaxHitPoints>
      <Flammability>1.0</Flammability>
      <Beauty>-10</Beauty>
      <Mass>35</Mass>
      <WorkToBuild>8000</WorkToBuild>
    </statBases>
    <thingSetMakerTags>
      <li>RewardStandardHighFreq</li>
    </thingSetMakerTags>
    <tickerType>Normal</tickerType>
    <size>(2, 2)</size>
    <fillPercent>1.0</fillPercent>
    <leaveResourcesWhenKilled>false</leaveResourcesWhenKilled>
    <terrainAffordanceNeeded>Medium</terrainAffordanceNeeded>
    <passability>Impassable</passability>
    <rotatable>false</rotatable>
    <canOverlapZones>false</canOverlapZones>
    <minifiedDef>MinifiedThing</minifiedDef>
    <tradeability>Sellable</tradeability>
	<designationCategory>Production</designationCategory>
    <tradeTags>
      <li>ExoticBuilding</li>
    </tradeTags>
	<researchPrerequisites>
      <li>ArchoIndustrySol2</li>
    </researchPrerequisites>
  </ThingDef>
  
   <!--■■■■■■■■■■■■■■■■■■■■ Archomachinery Fomax ■■■■■■■■■■■■■■■■■■■■-->
  
  <ThingDef ParentName="BuildingBase">
    <defName>ArchotechPicoFomax</defName>
    <label>Archotech Pico Fomax</label>
    <description>An extremely complex facility enclosed into durable and completely sealed frame. It's possible to see strange clouds made out of blue light floating above. Produces Picomachinery from fluctuations in the quantum foam in exchange for large amounts of energy.</description>
    <graphicData>
      <texPath>Things/Building/Production/Fomaxa</texPath>
      <graphicClass>Graphic_Single</graphicClass>
      <drawSize>(3, 3)</drawSize>
    </graphicData>
    <thingCategories>
      <li>BuildingsSpecial</li>
    </thingCategories>
    <costList>
		<ComponentArchotech>25</ComponentArchotech>
		<BlockArchotech>250</BlockArchotech>
		<Femtomachinery>125</Femtomachinery>
		<Attomachinery>60</Attomachinery>
    </costList>
    <building>
      <destroySound>BuildingDestroyed_Metal_Big</destroySound>
    </building>
    <comps>
      <li Class="CompProperties_Power">
        <compClass>CompPowerTrader</compClass>
        <basePowerConsumption>7000</basePowerConsumption>
      </li>
	  <li Class="CompProperties_Glower">
        <glowRadius>10</glowRadius>
        <glowColor>(0,195,255,0)</glowColor>
      </li>
      <li Class="CompProperties_Breakdownable"/>
      <li Class="CompProperties_Flickable"/>
      <li Class="CompProperties_Spawner">
        <requiresPower>true</requiresPower>
        <thingToSpawn>Picomachinery</thingToSpawn>
        <spawnCount>75</spawnCount>
        <spawnIntervalRange><min>60000</min><max>60000</max></spawnIntervalRange>
        <writeTimeLeftToSpawn>true</writeTimeLeftToSpawn>
        <showMessageIfOwned>true</showMessageIfOwned>
      </li>
    </comps>
    <altitudeLayer>Building</altitudeLayer>
    <statBases>
      <MarketValue>500000</MarketValue>
      <MaxHitPoints>10000</MaxHitPoints>
      <Flammability>1.0</Flammability>
      <Beauty>1000</Beauty>
      <Mass>10000</Mass>
      <WorkToBuild>100000</WorkToBuild>
    </statBases>
    <thingSetMakerTags>
      <li>RewardStandardHighFreq</li>
    </thingSetMakerTags>
    <tickerType>Normal</tickerType>
    <size>(3, 3)</size>
    <fillPercent>1.0</fillPercent>
    <leaveResourcesWhenKilled>false</leaveResourcesWhenKilled>
    <terrainAffordanceNeeded>Medium</terrainAffordanceNeeded>
    <passability>Impassable</passability>
    <rotatable>false</rotatable>
    <canOverlapZones>false</canOverlapZones>
    <minifiedDef>MinifiedThing</minifiedDef>
    <tradeability>Sellable</tradeability>
	<designationCategory>Production</designationCategory>
    <tradeTags>
      <li>ExoticBuilding</li>
    </tradeTags>
	<researchPrerequisites>
      <li>ArchoIndustrySol3</li>
    </researchPrerequisites>
  </ThingDef>
  
  <ThingDef ParentName="BuildingBase">
    <defName>ArchotechFemtoFomax</defName>
    <label>Archotech Femto Fomax</label>
    <description>An extremely complex facility enclosed into durable and completely sealed frame. It's possible to see strange clouds made out of pink light floating above. Produces Femtomachinery from fluctuations in the quantum foam in exchange for large amounts of energy.</description>
    <graphicData>
      <texPath>Things/Building/Production/Fomaxb</texPath>
      <graphicClass>Graphic_Single</graphicClass>
      <drawSize>(3, 3)</drawSize>
    </graphicData>
    <thingCategories>
      <li>BuildingsSpecial</li>
    </thingCategories>
    <costList>
		<ComponentArchotech>50</ComponentArchotech>
		<BlockArchotech>500</BlockArchotech>
		<Femtomachinery>250</Femtomachinery>
		<Attomachinery>120</Attomachinery>
    </costList>
    <building>
      <destroySound>BuildingDestroyed_Metal_Big</destroySound>
    </building>
    <comps>
      <li Class="CompProperties_Power">
        <compClass>CompPowerTrader</compClass>
        <basePowerConsumption>12500</basePowerConsumption>
      </li>
	  <li Class="CompProperties_Glower">
        <glowRadius>10</glowRadius>
        <glowColor>(247,20,255,0)</glowColor>
      </li>
      <li Class="CompProperties_Breakdownable"/>
      <li Class="CompProperties_Flickable"/>
	  <li Class="CompProperties_Spawner">
        <requiresPower>true</requiresPower>
		<thingToSpawn>Femtomachinery</thingToSpawn>
        <spawnCount>75</spawnCount>
        <spawnIntervalRange><min>60000</min><max>60000</max></spawnIntervalRange>
        <writeTimeLeftToSpawn>true</writeTimeLeftToSpawn>
        <showMessageIfOwned>true</showMessageIfOwned>
      </li>
    </comps>
    <altitudeLayer>Building</altitudeLayer>
    <statBases>
      <MarketValue>500000</MarketValue>
      <MaxHitPoints>10000</MaxHitPoints>
      <Flammability>1.0</Flammability>
      <Beauty>1000</Beauty>
      <Mass>10000</Mass>
      <WorkToBuild>100000</WorkToBuild>
    </statBases>
    <thingSetMakerTags>
      <li>RewardStandardHighFreq</li>
    </thingSetMakerTags>
    <tickerType>Normal</tickerType>
    <size>(3, 3)</size>
    <fillPercent>1.0</fillPercent>
    <leaveResourcesWhenKilled>false</leaveResourcesWhenKilled>
    <terrainAffordanceNeeded>Medium</terrainAffordanceNeeded>
    <passability>Impassable</passability>
    <rotatable>false</rotatable>
    <canOverlapZones>false</canOverlapZones>
    <minifiedDef>MinifiedThing</minifiedDef>
    <tradeability>Sellable</tradeability>
	<designationCategory>Production</designationCategory>
    <tradeTags>
      <li>ExoticBuilding</li>
    </tradeTags>
	<researchPrerequisites>
      <li>ArchoIndustrySol3</li>
    </researchPrerequisites>
  </ThingDef>
  
  <ThingDef ParentName="BuildingBase">
    <defName>ArchotechAttoFomax</defName>
    <label>Archotech Atto Fomax</label>
    <description>An extremely complex facility enclosed into durable and completely sealed frame. It's possible to see strange clouds made out of yellow light floating above. Produces Attomachinery from fluctuations in the quantum foam in exchange for large amounts of energy.</description>
    <graphicData>
      <texPath>Things/Building/Production/Fomaxc</texPath>
      <graphicClass>Graphic_Single</graphicClass>
      <drawSize>(3, 3)</drawSize>
    </graphicData>
    <thingCategories>
      <li>BuildingsSpecial</li>
    </thingCategories>
    <costList>
		<ComponentArchotech>100</ComponentArchotech>
		<BlockArchotech>1000</BlockArchotech>
		<Femtomachinery>500</Femtomachinery>
		<Attomachinery>250</Attomachinery>
    </costList>
    <building>
      <destroySound>BuildingDestroyed_Metal_Big</destroySound>
    </building>
    <comps>
      <li Class="CompProperties_Power">
        <compClass>CompPowerTrader</compClass>
        <basePowerConsumption>25000</basePowerConsumption>
      </li>
	  <li Class="CompProperties_Glower">
        <glowRadius>10</glowRadius>
        <glowColor>(255,255,0,0)</glowColor>
      </li>
      <li Class="CompProperties_Breakdownable"/>
      <li Class="CompProperties_Flickable"/>
	  <li Class="CompProperties_Spawner">
        <requiresPower>true</requiresPower>
		<thingToSpawn>Attomachinery</thingToSpawn>
        <spawnCount>75</spawnCount>
        <spawnIntervalRange><min>60000</min><max>60000</max></spawnIntervalRange>
        <writeTimeLeftToSpawn>true</writeTimeLeftToSpawn>
        <showMessageIfOwned>true</showMessageIfOwned>
      </li>
    </comps>
    <altitudeLayer>Building</altitudeLayer>
    <statBases>
      <MarketValue>500000</MarketValue>
      <MaxHitPoints>10000</MaxHitPoints>
      <Flammability>1.0</Flammability>
      <Beauty>1000</Beauty>
      <Mass>10000</Mass>
      <WorkToBuild>100000</WorkToBuild>
    </statBases>
    <thingSetMakerTags>
      <li>RewardStandardHighFreq</li>
    </thingSetMakerTags>
    <tickerType>Normal</tickerType>
    <size>(3, 3)</size>
    <fillPercent>1.0</fillPercent>
    <leaveResourcesWhenKilled>false</leaveResourcesWhenKilled>
    <terrainAffordanceNeeded>Medium</terrainAffordanceNeeded>
    <passability>Impassable</passability>
    <rotatable>false</rotatable>
    <canOverlapZones>false</canOverlapZones>
    <minifiedDef>MinifiedThing</minifiedDef>
    <tradeability>Sellable</tradeability>
	<designationCategory>Production</designationCategory>
    <tradeTags>
      <li>ExoticBuilding</li>
    </tradeTags>
	<researchPrerequisites>
      <li>ArchoIndustrySol3</li>
    </researchPrerequisites>
  </ThingDef>
</Defs>