<?xml version="1.0" encoding="utf-8"?>
<Defs>
	<AlienRace.RaceSettings>
	<defName>FlareonRaceSettings</defName>
	<pawnKindSettings>
		<alienslavekinds>
			<li>
				<kindDefs>
					<li>FlareonSlave</li>
				</kindDefs>
				<chance>50.0</chance>
			</li>
		</alienslavekinds>
		<alienrefugeekinds>
			<li>
				<kindDefs>
					<li>FlareonSpaceRefugee</li>
				</kindDefs>
				<chance>50.0</chance>
			</li>
		</alienrefugeekinds>
		<alienwandererkinds>
			<li>
				<pawnKindEntries>
					<li>
						<kindDefs>
							<li>Flareon_Villager</li>
						</kindDefs>
						<chance>30.0</chance>
					</li>
				</pawnKindEntries>
				<factionDefs>
					<li>PlayerColony</li> 
				</factionDefs>
			</li>
		</alienwandererkinds>
		<startingColonists>
			<li>
				<pawnKindEntries>
					<li>
						<kindDefs>
							<li>FlareonColonist</li>
						</kindDefs>
						<chance>30.0</chance>
					</li>
				</pawnKindEntries>
				<factionDefs>
					<li>PlayerColony</li>
				</factionDefs>
			</li>
			<li>
				<pawnKindEntries>
					<li>
						<kindDefs>
							<li>FlareonTribesperson</li>
						</kindDefs>
						<chance>30.0</chance>
					</li>
				</pawnKindEntries>
				<factionDefs>
					<li>PlayerTribe</li>
				</factionDefs>
			</li>
		</startingColonists>
	</pawnKindSettings>
</AlienRace.RaceSettings>
</Defs>