<?xml version="1.0" encoding="utf-8" ?>
<!-- These patches adds Umbreon PawnKinds to all base game encounters, 
	 with 20% of the weighting of the equivalent Human PawnKinds -->

<Patch>
	<!-- Pirates -->
	<!-- Pirate raid 1; 100 commonality, ranged with melee mix-ins -->
	<Operation Class="PatchOperationAdd">
	<xpath>*/FactionDef[defName="Pirate"]/pawnGroupMakers/li[1]/options</xpath>
	<value>
        <Umbreon_Drifter>2</Umbreon_Drifter>
		<Umbreon_Thrasher>0.6</Umbreon_Thrasher>
        <Umbreon_Scavenger>2</Umbreon_Scavenger>
        <Umbreon_Pirate>2</Umbreon_Pirate>
        <Umbreon_Grenadier_EMP>0.1</Umbreon_Grenadier_EMP>
        <Umbreon_Grenadier_Destructive>0.4</Umbreon_Grenadier_Destructive>
        <Umbreon_Mercenary_Gunner>2</Umbreon_Mercenary_Gunner>
        <Umbreon_Mercenary_Heavy>1.2</Umbreon_Mercenary_Heavy>
        <Umbreon_Mercenary_Slasher>0.6</Umbreon_Mercenary_Slasher>
        <Umbreon_Mercenary_Sniper>1.4</Umbreon_Mercenary_Sniper>
        <Umbreon_Mercenary_Elite>2</Umbreon_Mercenary_Elite>
        <Umbreon_PirateBoss>1</Umbreon_PirateBoss>
	</value>
	</Operation>

	<!-- Pirate raid 2; 30 commonality, melee only -->
	<Operation Class="PatchOperationAdd">
	<xpath>*/FactionDef[defName="Pirate"]/pawnGroupMakers/li[2]/options</xpath>
	<value>
        <Umbreon_Thrasher>2</Umbreon_Thrasher>
        <Umbreon_Mercenary_Slasher>2</Umbreon_Mercenary_Slasher>
        <Umbreon_PirateBoss>1</Umbreon_PirateBoss>
	</value>
	</Operation>

	<!-- Pirate raid 3; 20 commonality, ranged only -->
	<Operation Class="PatchOperationAdd">
	<xpath>*/FactionDef[defName="Pirate"]/pawnGroupMakers/li[3]/options</xpath>
	<value>
		<Umbreon_Scavenger>2.0</Umbreon_Scavenger>
		<Umbreon_Pirate>2.0</Umbreon_Pirate>
		<Umbreon_Grenadier_EMP>0.05</Umbreon_Grenadier_EMP>
		<Umbreon_Grenadier_Smoke>0.05</Umbreon_Grenadier_Smoke>
		<Umbreon_Grenadier_Destructive>0.4</Umbreon_Grenadier_Destructive>
		<Umbreon_Mercenary_Gunner>2.0</Umbreon_Mercenary_Gunner>
		<Umbreon_Mercenary_Heavy>1.2</Umbreon_Mercenary_Heavy>
		<Umbreon_Mercenary_Sniper>1.4</Umbreon_Mercenary_Sniper>
		<Umbreon_Mercenary_Elite>2.0</Umbreon_Mercenary_Elite>
		<Umbreon_PirateBoss>1.0</Umbreon_PirateBoss>
	</value>
	</Operation>

	<!-- Pirate raid 4; 15 commonality, explosives with ranged mix-ins -->
	<Operation Class="PatchOperationAdd">
	<xpath>*/FactionDef[defName="Pirate"]/pawnGroupMakers/li[4]/options</xpath>
	<value>
        <Umbreon_Grenadier_EMP>0.2</Umbreon_Grenadier_EMP>
        <Umbreon_Grenadier_Destructive>2</Umbreon_Grenadier_Destructive>
        <Umbreon_Mercenary_Gunner>0.2</Umbreon_Mercenary_Gunner>
        <Umbreon_Mercenary_Heavy>2</Umbreon_Mercenary_Heavy>
        <Umbreon_Mercenary_Elite>0.2</Umbreon_Mercenary_Elite>
        <Umbreon_PirateBoss>0.2</Umbreon_PirateBoss>
	</value>
	</Operation>

	<!-- Pirate raid 5; 10 commonality, snipers only -->
	<Operation Class="PatchOperationAdd">
	<xpath>*/FactionDef[defName="Pirate"]/pawnGroupMakers/li[5]/options</xpath>
	<value>
        <Umbreon_Mercenary_Sniper>2</Umbreon_Mercenary_Sniper>
	</value>
	</Operation>

	<!-- Pirate raid 6; 2.5 commonality, drifters only -->
	<Operation Class="PatchOperationAdd">
	<xpath>*/FactionDef[defName="Pirate"]/pawnGroupMakers/li[6]/options</xpath>
	<value>
        <Umbreon_Drifter>2</Umbreon_Drifter>
	</value>
	</Operation>

	<!-- Pirate Settlement; mainly ranged with melee mix-ins -->
	<Operation Class="PatchOperationAdd">
	<xpath>*/FactionDef[defName="Pirate"]/pawnGroupMakers/li[7]/options</xpath>
	<value>
        <Umbreon_Thrasher>0.6</Umbreon_Thrasher>
        <Umbreon_Pirate>2</Umbreon_Pirate>
        <Umbreon_Grenadier_Destructive>0.4</Umbreon_Grenadier_Destructive>
		<Umbreon_Mercenary_Slasher>0.6</Umbreon_Mercenary_Slasher>
		<Umbreon_Mercenary_Sniper>2</Umbreon_Mercenary_Sniper>
		<Umbreon_Mercenary_Gunner>2</Umbreon_Mercenary_Gunner>
		<Umbreon_Mercenary_Elite>2</Umbreon_Mercenary_Elite>
        <Umbreon_PirateBoss>2</Umbreon_PirateBoss>
	</value>
	</Operation>
	
	<!-- Outlander -->
	<!-- Outlander Raid; standard mix -->
	<Operation Class="PatchOperationAdd">
	<xpath>*/FactionDef[@Name="OutlanderFactionBase"]/pawnGroupMakers/li[1]/options</xpath>
	<value>
        <Umbreon_Villager>1</Umbreon_Villager>
        <Umbreon_Town_Guard>2</Umbreon_Town_Guard>
        <Umbreon_Grenadier_Destructive>0.3</Umbreon_Grenadier_Destructive>
		<Umbreon_Mercenary_Slasher>1.4</Umbreon_Mercenary_Slasher>
		<Umbreon_Mercenary_Gunner>2</Umbreon_Mercenary_Gunner>
		<Umbreon_Mercenary_Elite>2</Umbreon_Mercenary_Elite>
        <Umbreon_Town_Councilman>2</Umbreon_Town_Councilman>
	</value>
	</Operation>
	
	<!-- Outlander Peaceful -->
	<Operation Class="PatchOperationAdd">
	<xpath>*/FactionDef[@Name="OutlanderFactionBase"]/pawnGroupMakers/li[2]/options</xpath>
	<value>
        <Umbreon_Villager>4</Umbreon_Villager>
        <Umbreon_Town_Guard>2</Umbreon_Town_Guard>
        <Umbreon_Town_Councilman>2</Umbreon_Town_Councilman>
	</value>
	</Operation>

	<!-- Outlander Traders -->
	<Operation Class="PatchOperationAdd">
	<xpath>*/FactionDef[@Name="OutlanderFactionBase"]/pawnGroupMakers/li[3]/guards</xpath>
	<value>
        <Umbreon_Villager>0.6</Umbreon_Villager>
        <Umbreon_Town_Guard>2</Umbreon_Town_Guard>
        <Umbreon_Grenadier_Destructive>0.3</Umbreon_Grenadier_Destructive>
        <Umbreon_Mercenary_Slasher>1.4</Umbreon_Mercenary_Slasher>
        <Umbreon_Mercenary_Gunner>2</Umbreon_Mercenary_Gunner>
		<Umbreon_Mercenary_Elite>2</Umbreon_Mercenary_Elite>
	</value>
	</Operation>

	<Operation Class="PatchOperationAdd">
	<xpath>*/FactionDef[@Name="OutlanderFactionBase"]/pawnGroupMakers/li[3]/traders</xpath>
	<value>
        <Umbreon_Town_Trader>0.2</Umbreon_Town_Trader>
	</value>
	</Operation>

	<Operation Class="PatchOperationAdd">
	<xpath>*/FactionDef[@Name="OutlanderFactionBase"]/pawnGroupMakers/li[4]/options</xpath>
	<value>
		<Umbreon_Villager>2</Umbreon_Villager>
        <Umbreon_Town_Guard>2</Umbreon_Town_Guard>
        <Umbreon_Grenadier_Destructive>0.3</Umbreon_Grenadier_Destructive>
		<Umbreon_Mercenary_Slasher>1.4</Umbreon_Mercenary_Slasher>
        <Umbreon_Mercenary_Gunner>2</Umbreon_Mercenary_Gunner>
        <Umbreon_Mercenary_Elite>2</Umbreon_Mercenary_Elite>
        <Umbreon_Town_Councilman>2</Umbreon_Town_Councilman>
	</value>
	</Operation>

	<!-- Villager -->
	<!-- Villager Raid 1; 100 commonality, ranged with melee mix-ins -->
	<Operation Class="PatchOperationAdd">
	<xpath>*/FactionDef[@Name="TribeBase"]/pawnGroupMakers/li[1]/options</xpath>
	<value>
        <Umbreon_Tribal_Penitent>1</Umbreon_Tribal_Penitent>
        <Umbreon_Tribal_Warrior>1</Umbreon_Tribal_Warrior>
        <Umbreon_Tribal_Archer>2</Umbreon_Tribal_Archer>
        <Umbreon_Tribal_Hunter>2</Umbreon_Tribal_Hunter>
        <Umbreon_Tribal_HeavyArcher>2</Umbreon_Tribal_HeavyArcher>
        <Umbreon_Tribal_Berserker>1</Umbreon_Tribal_Berserker>
        <Umbreon_Tribal_ChiefRanged>0.6</Umbreon_Tribal_ChiefRanged>
        <Umbreon_Tribal_ChiefMelee>0.3</Umbreon_Tribal_ChiefMelee>
	</value>
	</Operation>

	<!-- Villager Raid 2; 60 commonality, ranged only -->
	<Operation Class="PatchOperationAdd">
	<xpath>*/FactionDef[@Name="TribeBase"]/pawnGroupMakers/li[2]/options</xpath>
	<value>
        <Umbreon_Tribal_Archer>2</Umbreon_Tribal_Archer>
        <Umbreon_Tribal_Hunter>2</Umbreon_Tribal_Hunter>
        <Umbreon_Tribal_HeavyArcher>2</Umbreon_Tribal_HeavyArcher>
        <Umbreon_Tribal_ChiefRanged>1</Umbreon_Tribal_ChiefRanged>
	</value>
	</Operation>

	<!-- Villager Raid 3; 60 commonality, melee only -->
	<Operation Class="PatchOperationAdd">
	<xpath>*/FactionDef[@Name="TribeBase"]/pawnGroupMakers/li[3]/options</xpath>
	<value>
        <Umbreon_Tribal_Penitent>2</Umbreon_Tribal_Penitent>
        <Umbreon_Tribal_Warrior>2</Umbreon_Tribal_Warrior>
        <Umbreon_Tribal_Berserker>2</Umbreon_Tribal_Berserker>
        <Umbreon_Tribal_ChiefMelee>1</Umbreon_Tribal_ChiefMelee>
	</value>
	</Operation>

	<!-- Villager Peaceful -->
	<Operation Class="PatchOperationAdd">
	<xpath>*/FactionDef[@Name="TribeBase"]/pawnGroupMakers/li[5]/options</xpath>
	<value>
        <Umbreon_Tribal_Warrior>4</Umbreon_Tribal_Warrior>
        <Umbreon_Tribal_Archer>2</Umbreon_Tribal_Archer>
        <Umbreon_Tribal_Hunter>2</Umbreon_Tribal_Hunter>
        <Umbreon_Tribal_HeavyArcher>2</Umbreon_Tribal_HeavyArcher>
        <Umbreon_Tribal_Berserker>1</Umbreon_Tribal_Berserker>
        <Umbreon_Tribal_ChiefRanged>0.6</Umbreon_Tribal_ChiefRanged>
        <Umbreon_Tribal_ChiefMelee>0.3</Umbreon_Tribal_ChiefMelee>
	</value>
	</Operation>

	<!-- Villager Traders -->
	<Operation Class="PatchOperationAdd">
	<xpath>*/FactionDef[@Name="TribeBase"]/pawnGroupMakers/li[6]/guards</xpath>
	<value>
        <Umbreon_Tribal_Warrior>1.4</Umbreon_Tribal_Warrior>
        <Umbreon_Tribal_Archer>2</Umbreon_Tribal_Archer>
        <Umbreon_Tribal_Hunter>2</Umbreon_Tribal_Hunter>
        <Umbreon_Tribal_HeavyArcher>2</Umbreon_Tribal_HeavyArcher>
        <Umbreon_Tribal_Berserker>1.4</Umbreon_Tribal_Berserker>
	</value>
	</Operation>

	<Operation Class="PatchOperationAdd">
	<xpath>*/FactionDef[@Name="TribeBase"]/pawnGroupMakers/li[6]/traders</xpath>
	<value>
        <Umbreon_Tribal_Trader>0.2</Umbreon_Tribal_Trader>
	</value>
	</Operation>

	<!-- Settlement -->

	<Operation Class="PatchOperationAdd">
	<xpath>*/FactionDef[@Name="TribeBase"]/pawnGroupMakers/li[7]/options</xpath>
	<value>
          <Umbreon_Tribal_Warrior>1.4</Umbreon_Tribal_Warrior>
          <Umbreon_Tribal_Archer>2</Umbreon_Tribal_Archer>
          <Umbreon_Tribal_Hunter>2</Umbreon_Tribal_Hunter>
          <Umbreon_Tribal_HeavyArcher>2</Umbreon_Tribal_HeavyArcher>
          <Umbreon_Tribal_Berserker>1.4</Umbreon_Tribal_Berserker>
          <Umbreon_Tribal_ChiefRanged>2</Umbreon_Tribal_ChiefRanged>
	</value>
	</Operation>

</Patch>