﻿<?xml version="1.0" encoding="utf-8"?>
<ModMetaData>
<name>Eeveelutions - Espeon Module [1.4]</name>
<author>Yanzihko</author>
<packageId>yanzihko.EESPM</packageId>
<supportedVersions>
		<li>1.4</li>
</supportedVersions>
<description>
	
Espeons were a highly experimental xenotype developed upon entropy manipulation research. First "experiments" were able to alter space and matter at small scale without any restrictions. After their modification as servitor species for Glitterworld, Espeons have lost most of their dangerous abilities. But they still should be approached carefully. Espeon is an advanced variation of xenohumans with a precisely tuned genome that becomes highly unstable outside of very short range of acceptable parameters. Technically they even can be considered an alien species. Their modification is impossible outside of advanced Glitterworld facilities and without source Genome templates.

Support me at Boosty: https://boosty.to/yanzihko
</description>
	<modDependencies>
		<li>
			<packageId>erdelf.HumanoidAlienRaces</packageId>
			<displayName>Humanoid Alien Races 2.0</displayName>
			<steamWorkshopUrl>steam://url/CommunityFilePage/839005762</steamWorkshopUrl>
		</li>
		<li>
			<packageId>yanzihko.YZRCM</packageId>
			<displayName>Yanzihko's Races - Core Module [YZRCM][1.4]</displayName>
			<steamWorkshopUrl>steam://url/CommunityFilePage/3005787388</steamWorkshopUrl>
		</li>
	</modDependencies>
</ModMetaData>