<?xml version="1.0" encoding="utf-8" ?>

<!-- To prevent goddamn empire from being AnGeRy at poor you for no reason-->
<Patch>
    <Operation Class="PatchOperationFindMod">
        <mods>
            <li>Royalty</li>
        </mods>
        <match Class="PatchOperationAdd">
            <xpath>/Defs/FactionDef[defName = "Empire"]/permanentEnemyToEveryoneExcept</xpath>
            <value>
                <li>PlayerBraixenTribal</li>
				<li>PlayerBraixenTribalNoTech</li>
				<li>PlayerBraixenIndustrial</li>
				<li>PlayerBraixenIndustrialNoTech</li>
				<li>PlayerDelphoxTribal</li>
				<li>PlayerDelphoxTribalNoTech</li>
				<li>PlayerDelphoxIndustrial</li>
				<li>PlayerDelphoxIndustrialNoTech</li>
            </value>
        </match>
    </Operation>
</Patch>