﻿<?xml version="1.0" encoding="utf-8" ?>
<Defs>
<ThingDef ParentName="BenchBase">
    <defName>ArchotechStation</defName>
    <label>archotech station</label>
    <description>Advanced workstation that utilizes archotech technologies. Top surface of this workstation is covered with vibrating gradient screen. All what is required from user is to choose what he needs from aviable list and insert required materials into reciever at right side. Once workbench is finished with it's order, requested item materialies in air above gradient screen and keeps levitating untill user takes it. Archotech station forms temporary psychic link with user once order is recieved, and stops it's work once user goes too far away from table or order itself is finished. What an interesting behaviour...</description>
    <thingClass>Building_WorkTable</thingClass>
    <graphicData>
      <texPath>Things/Building/Production/as</texPath>
      <graphicClass>Graphic_Multi</graphicClass>
      <drawSize>(3.5,1.5)</drawSize>
      <shadowData>
        <volume>(2.8, 0.35, 0.59)</volume>
        <offset>(0, 0, 0.08)</offset>
      </shadowData>
      <damageData>
        <cornerTL>Damage/Corner</cornerTL>
        <cornerTR>Damage/Corner</cornerTR>
        <cornerBL>Damage/Corner</cornerBL>
        <cornerBR>Damage/Corner</cornerBR>
      </damageData>
    </graphicData>
    <costList>
	  <Archolibrary>1</Archolibrary>
	  <ComponentSpacer>10</ComponentSpacer>
	  <Plasteel>250</Plasteel>
	  <Gold>50</Gold>
    </costList>
    <constructEffect>ConstructWood</constructEffect>
    <altitudeLayer>Building</altitudeLayer>
    <fillPercent>0.5</fillPercent>
    <useHitPoints>True</useHitPoints>
    <statBases>
      <WorkToBuild>10000</WorkToBuild>
      <MaxHitPoints>1000</MaxHitPoints>
      <Flammability>0</Flammability>
      <Cleanliness>10</Cleanliness>
    </statBases>
    <size>(3,1)</size>
    <designationCategory>Production</designationCategory>
    <passability>PassThroughOnly</passability>
    <pathCost>70</pathCost>
    <hasInteractionCell>True</hasInteractionCell>
    <interactionCellOffset>(0,0,-1)</interactionCellOffset>
    <surfaceType>Item</surfaceType>
    <constructionSkillPrerequisite>5</constructionSkillPrerequisite>
    <inspectorTabs>
      <li>ITab_Bills</li>
    </inspectorTabs>
    <building>
      <spawnedConceptLearnOpportunity>BillsTab</spawnedConceptLearnOpportunity>
    </building>
    <comps>
      <li Class="CompProperties_Power">
        <compClass>CompPowerTrader</compClass>
        <shortCircuitInRain>false</shortCircuitInRain>
        <basePowerConsumption>1000</basePowerConsumption>
      </li>
	  <li Class="CompProperties_Glower">
        <glowRadius>6</glowRadius>
        <glowColor>(203,255,150,0)</glowColor>
      </li>
      <li Class="CompProperties_Flickable"/>
      <li Class="CompProperties_AffectedByFacilities">
        <linkableFacilities>
          <li>ToolCabinet</li>
        </linkableFacilities>
      </li>
    </comps>
    <placeWorkers>
      <li>PlaceWorker_ShowFacilitiesConnections</li>
	  <li>PlaceWorker_PreventInteractionSpotOverlap</li>
    </placeWorkers>
    <researchPrerequisites>
      <li>Archotech_Basics</li>
    </researchPrerequisites>
  </ThingDef>
  
</Defs>