﻿<?xml version="1.0" encoding="utf-8" ?>
<Defs>
<ThingDef ParentName="BuildingBase">
    <defName>ArchoAnalyzer</defName>
    <label>archo-analyzer</label>
    <description>Archo-analyzer that is specialised in decryption and analysis of archotech blueprints. Completely useless in research of any other technologies by itself, but works great in pair with multi-analyzer.</description>
    <graphicData>
      <texPath>Things/Building/Misc/ArchoAnalyzer</texPath>
      <graphicClass>Graphic_Single</graphicClass>
      <drawSize>2.46875</drawSize>
    </graphicData>
    <uiIconScale>0.85</uiIconScale>
    <researchPrerequisites><li>Archo_Analyzer_Design</li></researchPrerequisites>
    <size>(2,2)</size>
    <rotatable>false</rotatable>
    <altitudeLayer>Building</altitudeLayer>
    <passability>PassThroughOnly</passability>
    <castEdgeShadows>true</castEdgeShadows>
    <fillPercent>0.5</fillPercent>
    <designationHotKey>Misc4</designationHotKey>
    <designationCategory>Misc</designationCategory>
    <minifiedDef>MinifiedThing</minifiedDef>
    <canOverlapZones>false</canOverlapZones>
    <terrainAffordanceNeeded>Medium</terrainAffordanceNeeded>
    <thingCategories>
      <li>BuildingsMisc</li>
    </thingCategories>
    <statBases>
      <MaxHitPoints>200</MaxHitPoints>
      <WorkToBuild>10000</WorkToBuild>
      <Mass>60</Mass>
      <Flammability>1.0</Flammability>
    </statBases>
    <costList>
	  <Archolibrary>1</Archolibrary>
	  <ComponentSpacer>10</ComponentSpacer>
      <Plasteel>250</Plasteel>
      <Gold>50</Gold>
    </costList>
    <building>
      <destroySound>BuildingDestroyed_Metal_Medium</destroySound>
    </building>
    <comps>
      <li Class="CompProperties_Power">
        <compClass>CompPowerTrader</compClass>
        <shortCircuitInRain>true</shortCircuitInRain>
        <basePowerConsumption>500</basePowerConsumption>
      </li>
      <li Class="CompProperties_Flickable"/>
      <li Class="CompProperties_Facility">
        <statOffsets>
          <ResearchSpeedFactor>0.5</ResearchSpeedFactor>
        </statOffsets>
        <maxSimultaneous>1</maxSimultaneous>
      </li>
    </comps>
    <placeWorkers>
      <li>PlaceWorker_ShowFacilitiesConnections</li>
    </placeWorkers>
    <constructionSkillPrerequisite>10</constructionSkillPrerequisite>
  </ThingDef>
  
</Defs>