﻿<?xml version="1.0" encoding="utf-8" ?>
<Defs>

<!--■■■■■■■■■■■■■■■■■■■■ Archotech psychic emanator ■■■■■■■■■■■■■■■■■■■■-->

<ThingDef ParentName="BuildingBase">
    <defName>ArchotechPsychicEmanator</defName>
    <label>Archotech psychic emanator</label>
    <description>Archotech psychic emanator that projects a soothing psychic field around itself. This improves the mood of anyone nearby. Works through walls.</description>
    <graphicData>
      <texPath>Things/Building/Special/PsychicEmanator</texPath>
      <graphicClass>Graphic_Single</graphicClass>
      <drawSize>(2, 2)</drawSize>
      <shadowData>
        <volume>(0.3, 0.6, 0.3)</volume>
        <offset>(0.0, 0.0, -0.1)</offset>
      </shadowData>
      <damageData>
        <rect>(0,0.75,1.0,0.5)</rect>
      </damageData>
    </graphicData>
    <uiIconScale>0.85</uiIconScale>
    <thingCategories>
      <li>BuildingsSpecial</li>
    </thingCategories>
    <costList>
		<ComponentArchotech>2</ComponentArchotech>
		<BlockArchotech>30</BlockArchotech>
		<Femtomachinery>10</Femtomachinery>
		<Attomachinery>10</Attomachinery>
    </costList>
    <comps>
      <li Class="CompProperties_Power">
        <compClass>CompPowerTrader</compClass>
        <basePowerConsumption>200</basePowerConsumption>
      </li>
      <li Class="CompProperties_MoteEmitter">
        <mote>Mote_PsychicEmanatorEffect</mote>
        <emissionInterval>350</emissionInterval>
      </li>
      <li Class="CompProperties_Breakdownable"/>
      <li Class="CompProperties_Flickable"/>
    </comps>
    <altitudeLayer>Building</altitudeLayer>
    <building>
      <destroySound>BuildingDestroyed_Metal_Medium</destroySound>
    </building>
    <statBases>
      <MarketValue>1300</MarketValue>
      <MaxHitPoints>100</MaxHitPoints>
      <Flammability>0</Flammability>
      <Beauty>0</Beauty>
      <Mass>15</Mass>
      <WorkToBuild>2000</WorkToBuild>
    </statBases>
    <thingSetMakerTags>
      <li>RewardStandardHighFreq</li>
    </thingSetMakerTags>
	<designationCategory>Furniture</designationCategory>
    <fillPercent>0.2</fillPercent>
    <leaveResourcesWhenKilled>false</leaveResourcesWhenKilled>
    <pathCost>30</pathCost>
    <passability>PassThroughOnly</passability>
    <rotatable>false</rotatable>
    <canOverlapZones>false</canOverlapZones>
    <minifiedDef>MinifiedThing</minifiedDef>
    <specialDisplayRadius>14.9</specialDisplayRadius>
    <tradeability>Sellable</tradeability>
    <tickerType>Normal</tickerType>
    <tradeTags>
      <li>ExoticBuilding</li>
    </tradeTags>
	<researchPrerequisites>
      <li>ArchoFurniture</li>
    </researchPrerequisites>
  </ThingDef>
  
</Defs>