<?xml version="1.0" encoding="utf-8"?>
<Defs>
<TraitDef MayRequire="yanzihko.VAF">
    <defName>VAF_Vulpian</defName>
    <commonality>0.000001</commonality>
    <degreeDatas>
      <li>
        <label>Vulpian</label>
        <description>{PAWN_nameDef} is a Vulpian, and {PAWN_pronoun} is absolutely adorable, as expected from gene-engineered servitor. Even animals are attracted by {PAWN_possessive} adorable appearence. Even plants start to bloom around {PAWN_nameDef}!</description>
        <socialFightChanceFactor>0.15</socialFightChanceFactor>
        <statOffsets>
			<TrainAnimalChance>0.25</TrainAnimalChance>
			<TameAnimalChance>0.10</TameAnimalChance>
			<TradePriceImprovement>0.5</TradePriceImprovement>
			<SocialImpact>0.5</SocialImpact>
        </statOffsets>
		<skillGains>	
			<Social>5</Social>
			<Intellectual>3</Intellectual>
			<Animals>2</Animals>
			<Plants>2</Plants>
        </skillGains>
      </li>
    </degreeDatas>
</TraitDef>

<TraitDef MayRequire="yanzihko.LDW">
    <defName>LDW_Lombax</defName>
    <commonality>0.001</commonality>
    <degreeDatas>
      <li>
        <label>Lombax</label>
        <description>{PAWN_nameDef} is a lombax. {PAWN_pronoun} has an incredible natural inclination towards crafting, engineering and combat just like other representatives of {PAWN_possessive} species.</description>
        <socialFightChanceFactor>0.15</socialFightChanceFactor>
		<skillGains>
			<Shooting>5</Shooting>
			<Melee>5</Melee>
			<Crafting>5</Crafting>
        </skillGains>
      </li>
    </degreeDatas>
</TraitDef>

<TraitDef MayRequire="yanzihko.KFLS">
    <defName>KFLS_Kisalfar</defName>
    <commonality>0.000001</commonality>
    <degreeDatas>
      <li>
        <label>Kisalfar</label>
		<description>{PAWN_nameDef} is a Kisalfar. While Kisalfar are "inferior" compared to Fressalfar in terms of intelligence, they're incredibly good in "social" things and negotiations.</description>
        <socialFightChanceFactor>0.15</socialFightChanceFactor>
		<statOffsets>
			<TradePriceImprovement>0.5</TradePriceImprovement>
			<SocialImpact>0.5</SocialImpact>
		</statOffsets>
		<skillGains>
			<Social>5</Social>
			<Animals>3</Animals>
			<Plants>3</Plants>
        </skillGains>
      </li>
    </degreeDatas>
</TraitDef>

<TraitDef MayRequire="yanzihko.KFLS">
    <defName>KFLS_Fressalfar</defName>
    <commonality>0.000001</commonality>
    <degreeDatas>
      <li>
        <label>Fressalfar</label>
		<description>{PAWN_nameDef} is a Fressalfar. {PAWN_nameDef} is just like a Thrumbo that is hidden in {PAWN_possessive} DNA - Highly Intelligent and not really Social. It is very hard to approach {PAWN_objective} and start a conversation.</description>
		<statOffsets>
			<TradePriceImprovement>-0.25</TradePriceImprovement>
			<SocialImpact>-0.25</SocialImpact>
		</statOffsets>
		<skillGains>
			<Intellectual>5</Intellectual>
			<Crafting>3</Crafting>
			<Social>-5</Social>
        </skillGains>
      </li>
    </degreeDatas>
</TraitDef>

<TraitDef MayRequire="yanzihko.BDFP">
    <defName>BDFP_Braixen</defName>
    <commonality>0.000001</commonality>
    <degreeDatas>
      <li>
        <label>Braixen</label>
        <description>{PAWN_nameDef} is a Braixen. {PAWN_nameDef} has an incredible natural inclination towards psionics and manipulation of life essence. {PAWN_pronoun} can easily read emotions of humans, animals and even plants.</description>
        <socialFightChanceFactor>0.15</socialFightChanceFactor>
		<statOffsets>
			<TrainAnimalChance>0.25</TrainAnimalChance>
			<TameAnimalChance>0.25</TameAnimalChance>
			<TradePriceImprovement>0.5</TradePriceImprovement>
			<SocialImpact>0.5</SocialImpact>
		</statOffsets>
		<skillGains>
			<Social>5</Social>
			<Animals>3</Animals>
			<Plants>3</Plants>
        </skillGains>
      </li>
    </degreeDatas>
</TraitDef>

<TraitDef MayRequire="yanzihko.BDFP">
    <defName>BDFP_Delphox</defName>
    <commonality>0.000001</commonality>
    <degreeDatas>
      <li>
        <label>Delphox</label>
		<description>{PAWN_nameDef} is a Delphox. {PAWN_nameDef} is a powerful psychic and is inclined towards manipulation of life essence. {PAWN_pronoun} can easily read emotions of humans, animals and even plants.</description>
        <socialFightChanceFactor>0.15</socialFightChanceFactor>
		<statOffsets>
			<TrainAnimalChance>0.25</TrainAnimalChance>
			<TameAnimalChance>0.25</TameAnimalChance>
			<TradePriceImprovement>0.5</TradePriceImprovement>
			<SocialImpact>0.5</SocialImpact>
		</statOffsets>
		<skillGains>
			<Social>5</Social>
			<Animals>3</Animals>
			<Plants>3</Plants>
        </skillGains>
      </li>
    </degreeDatas>
</TraitDef>

<TraitDef MayRequire="yanzihko.IBDFPA">
    <defName>BDFP_Icephox</defName>
    <commonality>0.000001</commonality>
    <degreeDatas>
      <li>
        <label>Icephox</label>
		<description>{PAWN_nameDef} is an Icephox. {PAWN_nameDef} is a powerful psychic and is inclined towards manipulation of life essence. {PAWN_pronoun} can easily read emotions of humans, animals and even plants.</description>
        <socialFightChanceFactor>0.15</socialFightChanceFactor>
		<statOffsets>
			<TrainAnimalChance>0.25</TrainAnimalChance>
			<TameAnimalChance>0.25</TameAnimalChance>
			<TradePriceImprovement>0.5</TradePriceImprovement>
			<SocialImpact>0.5</SocialImpact>
		</statOffsets>
		<skillGains>
			<Social>5</Social>
			<Animals>3</Animals>
			<Plants>3</Plants>
        </skillGains>
      </li>
    </degreeDatas>
</TraitDef>

<TraitDef MayRequire="yanzihko.ZIP">
    <defName>ZIP_Zoroark</defName>
    <commonality>0.000001</commonality>
    <degreeDatas>
      <li>
        <label>Zoroark</label>
        <description>{PAWN_nameDef} is a Zoroark, and {PAWN_pronoun} is absolutely adorable, as expected from gene-engineered servitor. Zoroark are intelligent creatures, and they tend to have developed social and problem-solving skills.</description>
        <socialFightChanceFactor>0.15</socialFightChanceFactor>
        <statOffsets>
			<TradePriceImprovement>0.1</TradePriceImprovement>
			<SocialImpact>0.1</SocialImpact>
        </statOffsets>
		<skillGains>	
			<Social>3</Social>
			<Intellectual>3</Intellectual>
        </skillGains>
      </li>
    </degreeDatas>
</TraitDef>

<TraitDef MayRequire="yanzihko.MMP">
    <defName>MMP_Meowstic</defName>
    <commonality>0.000001</commonality>
    <degreeDatas>
      <li>
        <label>Meowstic</label>
        <description>{PAWN_nameDef} is a Meowstic, and {PAWN_pronoun} is absolutely adorable, as expected from gene-engineered servitor. Meowstic are intelligent creatures, and they tend to have developed social and problem-solving skills.</description>
        <socialFightChanceFactor>0.15</socialFightChanceFactor>
        <statOffsets>
			<TradePriceImprovement>0.1</TradePriceImprovement>
			<SocialImpact>0.1</SocialImpact>
        </statOffsets>
		<skillGains>	
			<Social>3</Social>
			<Intellectual>3</Intellectual>
        </skillGains>
      </li>
    </degreeDatas>
</TraitDef>

<TraitDef MayRequire="yanzihko.MMP">
    <defName>MMP_TelekineticExpert</defName>
    <commonality>0.000001</commonality>
    <degreeDatas>
      <li>
        <label>Telekinetic Expert</label>
        <description>{PAWN_nameDef} is highly proficient proficient in Telekinetics.</description>
        <socialFightChanceFactor>0.15</socialFightChanceFactor>
        <statOffsets>
			<CarryingCapacity>10</CarryingCapacity>
			<WorkSpeedGlobal>0.1</WorkSpeedGlobal>
        </statOffsets>
		<skillGains>	
			<Social>3</Social>
			<Intellectual>3</Intellectual>
        </skillGains>
      </li>
    </degreeDatas>
</TraitDef>

<TraitDef MayRequire="yanzihko.GFP">
    <defName>GFP_Gardevoir</defName>
    <commonality>0.000001</commonality>
    <degreeDatas>
      <li>
        <label>Gardevoir</label>
        <description>{PAWN_nameDef} is a Gardevoir and {PAWN_pronoun} is absolutely adorable, as expected from gene-engineered servitor. Gardevoir are known for high psychic sensivity and developed social intellect.</description>
        <socialFightChanceFactor>0.15</socialFightChanceFactor>
        <statOffsets>
			<TradePriceImprovement>0.1</TradePriceImprovement>
			<SocialImpact>0.1</SocialImpact>
        </statOffsets>
		<skillGains>	
			<Social>3</Social>
			<Intellectual>3</Intellectual>
        </skillGains>
      </li>
    </degreeDatas>
</TraitDef>
</Defs>