﻿<?xml version="1.0" encoding="utf-8" ?>
<Defs>
	<BodyPartGroupDef>
    <defName>Yanz_Tail</defName>
    <label>Tail</label>
    <listOrder>100</listOrder>
	</BodyPartGroupDef>
	
    <BodyPartDef>
    <defName>Yanz_Base_Tail</defName>
    <label>tail</label>
    <hitPoints>10</hitPoints>
    <skinCovered>true</skinCovered>
    <canScarify>true</canScarify>
	</BodyPartDef>
	
	<BodyPartDef MayRequire="yanzihko.ELEAFM">
    <defName>Leafeon_Leaves</defName>
    <label>leafeon leaves</label>
    <hitPoints>20</hitPoints>
    <skinCovered>true</skinCovered>
    <canScarify>true</canScarify>
    <tags>
      <li>ManipulationLimbCore</li>
	  <li>MetabolismSource</li>
	  <li>ConsciousnessSource</li>
	  <li>BreathingSource</li>
	  <li>BloodFiltrationLiver</li>
	  <li>BloodPumpingSource</li>
	  <li>SightSource</li>
	  <li>HearingSource</li>
    </tags>
	</BodyPartDef>
  
    <BodyPartDef MayRequire="yanzihko.ELEAFM">
    <defName>Leaftail</defName>
    <label>leaftail</label>
    <hitPoints>10</hitPoints>
    <skinCovered>true</skinCovered>
    <canScarify>true</canScarify>
    <tags>
      <li>ManipulationLimbCore</li>
	  <li>MetabolismSource</li>
	  <li>ConsciousnessSource</li>
	  <li>BreathingSource</li>
	  <li>BloodFiltrationLiver</li>
	  <li>BloodPumpingSource</li>
	  <li>SightSource</li>
	  <li>HearingSource</li>
    </tags>
	</BodyPartDef>
	
	<BodyPartGroupDef MayRequire="yanzihko.ELEAFM">
    <defName>Leaftail</defName>
    <label>Leaftail</label>
    <listOrder>100</listOrder>
	</BodyPartGroupDef>
	
	<BodyPartDef MayRequire="yanzihko.ESYLVM">
    <defName>SylveonBow</defName>
    <label>sylveon bow</label>
    <hitPoints>5</hitPoints>
    <skinCovered>true</skinCovered>
    <canScarify>true</canScarify>
    <tags>
      <li>ManipulationLimbCore</li>
    </tags>
	</BodyPartDef>
	
	<BodyPartDef MayRequire="yanzihko.EVAPM">
    <defName>VaporeonFin</defName>
    <label>vaporeon fin</label>
    <hitPoints>5</hitPoints>
    <skinCovered>true</skinCovered>
    <canScarify>true</canScarify>
	</BodyPartDef>
	
	<BodyPartDef MayRequire="yanzihko.EVAPM">
    <defName>VaporeonTail</defName>
    <label>vaporeon tail</label>
    <hitPoints>10</hitPoints>
    <skinCovered>true</skinCovered>
    <canScarify>true</canScarify>
	</BodyPartDef>
	
	<BodyPartDef MayRequire="yanzihko.GFP">
    <defName>Gardevoir_Heart</defName>
    <label>gardevoir heart</label>
    <hitPoints>20</hitPoints>
    <skinCovered>true</skinCovered>
    <canScarify>true</canScarify>
    <tags>
      <li>ManipulationLimbCore</li>
	  <li>MetabolismSource</li>
	  <li>ConsciousnessSource</li>
	  <li>BreathingSource</li>
	  <li>BloodFiltrationLiver</li>
	  <li>BloodPumpingSource</li>
	  <li>SightSource</li>
	  <li>HearingSource</li>
    </tags>
	</BodyPartDef>
</Defs>
