﻿<?xml version="1.0" encoding="utf-8"?>

<Defs> 

<AlienRace.AlienBackstoryDef Abstract="True" Name="000GGIBackstoriesAdulthoodBase">
	<spawnCategories>
		<li>000_G_GenIndustries_BackstoriesAdulthood</li>
	</spawnCategories>
	<slot>Adulthood</slot>
</AlienRace.AlienBackstoryDef>

<AlienRace.AlienBackstoryDef ParentName="000GGIBackstoriesAdulthoodBase">
    <defName>000GGIBackstoryDomesticScientist</defName>
    <title>Domestic Scientist</title>
    <titleShort>Scientist</titleShort>
    <baseDesc>The owner of {PAWN_nameDef} was a highly educated person. He taught {PAWN_nameDef} various subjects in their spare time.</baseDesc>
	<skillGains>
      <Medicine>3</Medicine>
	  <Intellectual>5</Intellectual>
    </skillGains>
</AlienRace.AlienBackstoryDef>

<AlienRace.AlienBackstoryDef ParentName="000GGIBackstoriesAdulthoodBase">
    <defName>000GGIBackstoryDomesticChef</defName>
    <title>Domestic Chef</title>
    <titleShort>Chef</titleShort>
    <baseDesc>{PAWN_nameDef} was a personal chef for {PAWN_possessive} owner's family. {PAWN_pronoun} has mastered art of the cooking and is able to make perfect meals using the simplest ingredients.</baseDesc>
	<skillGains>
      <Cooking>8</Cooking>
    </skillGains>
</AlienRace.AlienBackstoryDef>

<AlienRace.AlienBackstoryDef ParentName="000GGIBackstoriesAdulthoodBase">
    <defName>000GGIBackstoryDomesticJade</defName>
    <title>Domestic Jade</title>
    <titleShort>Jade</titleShort>
    <baseDesc>{PAWN_nameDef} was used by {PAWN_possessive} owners mostly for sexual purposes.</baseDesc>
	<maleCommonality>0</maleCommonality>
    <femaleCommonality>100</femaleCommonality>
	<skillGains>
      <Social>3</Social>
	  <Artistic>3</Artistic>
	  <Melee>1</Melee>
    </skillGains>
</AlienRace.AlienBackstoryDef>

<AlienRace.AlienBackstoryDef ParentName="000GGIBackstoriesAdulthoodBase">
    <defName>000GGIBackstoryDomesticSinger</defName>
    <title>Domestic Singer</title>
    <titleShort>Singer</titleShort>
    <baseDesc>{PAWN_nameDef} was a personal singer for {PAWN_possessive} owner. Every evening {PAWN_nameDef} pleased {PAWN_possessive} owner with charming songs.</baseDesc>
	<skillGains>
      <Social>3</Social>
	  <Artistic>5</Artistic>
    </skillGains>
</AlienRace.AlienBackstoryDef>

<AlienRace.AlienBackstoryDef ParentName="000GGIBackstoriesAdulthoodBase">
    <defName>000GGIBackstoryGlitterworldStar</defName>
    <title>Glitterworld star</title>
    <titleShort>Celebrity</titleShort>
    <baseDesc>{PAWN_nameDef} was a popular celebrity at one of the glitterworlds. {PAWN_pronoun} has often visited various shows, holidays and photosessions.</baseDesc>
	<skillGains>
      <Social>2</Social>
	  <Artistic>10</Artistic>
    </skillGains>
</AlienRace.AlienBackstoryDef>

<AlienRace.AlienBackstoryDef ParentName="000GGIBackstoriesAdulthoodBase">
    <defName>000GGIBackstoryGlitterworldScientist</defName>
    <title>Glitterworld Scientist</title>
    <titleShort>Scientist</titleShort>
    <baseDesc>{PAWN_nameDef} became a professional scientist despite {PAWN_possessive} species being servitor. {PAWN_possessive} vast knowledge combined with high intellect allowed {PAWN_objective} to develop almost anything from scratch.</baseDesc>
	<skillGains>
      <Medicine>3</Medicine>
	  <Intellectual>5</Intellectual>
    </skillGains>
</AlienRace.AlienBackstoryDef>

<AlienRace.AlienBackstoryDef ParentName="000GGIBackstoriesAdulthoodBase">
    <defName>000GGIBackstoryRebel</defName>
    <title>Rebel</title>
    <titleShort>Rebel</titleShort>
    <baseDesc>{PAWN_nameDef} participated in revolts at a distant industrial world and managed to escape.</baseDesc>
	<skillGains>
      <Melee>5</Melee>
	  <Shooting>5</Shooting>
    </skillGains>
</AlienRace.AlienBackstoryDef>

<AlienRace.AlienBackstoryDef ParentName="000GGIBackstoriesAdulthoodBase">
    <defName>000GGIBackstoryGunMerchant</defName>
    <title>Gun merchant</title>
    <titleShort>Merchant</titleShort>
    <baseDesc>{PAWN_nameDef} was a successful gun merchant in the past. {PAWN_pronoun} knows everything about big guns and shooting.</baseDesc>
	<skillGains>
	  <Shooting>7</Shooting>
	  <Crafting>5</Crafting>
	  <Social>3</Social>
    </skillGains>
</AlienRace.AlienBackstoryDef>

<AlienRace.AlienBackstoryDef ParentName="000GGIBackstoriesAdulthoodBase">
    <defName>000GGIBackstoryDomesticBartender</defName>
    <title>Domestic Bartender</title>
    <titleShort>Bartender</titleShort>
    <baseDesc>{PAWN_nameDef} was a domestic bartender in past. {PAWN_pronoun} knows a lot about drinks and what to do in cases of poisoning and overdose.</baseDesc>
	<skillGains>
	  <Cooking>5</Cooking>
	  <Medicine>3</Medicine>
	  <Social>3</Social>
    </skillGains>
</AlienRace.AlienBackstoryDef>

<AlienRace.AlienBackstoryDef ParentName="000GGIBackstoriesAdulthoodBase">
    <defName>000GGIBackstoryBestFriend</defName>
    <title>Best Friend</title>
    <titleShort>Social</titleShort>
    <baseDesc>{PAWN_nameDef} was the best friend for {PAWN_possessive} owner. {PAWN_pronoun} was the only thing that kept owner happy...</baseDesc>
	<skillGains>
	  <Social>3</Social>
    </skillGains>
</AlienRace.AlienBackstoryDef>

<AlienRace.AlienBackstoryDef ParentName="000GGIBackstoriesAdulthoodBase">
    <defName>000GGIBackstoryBookWorm</defName>
    <title>Book Worm</title>
    <titleShort>Smarty</titleShort>
    <baseDesc>{PAWN_nameDef}'s owner had a vast library with all kinds of books and digital archives. {PAWN_pronoun} had visited library and fulfiled {PAWN_possessive} curiosity in secret each night...</baseDesc>
	<skillGains>
	  <Intellectual>5</Intellectual>
	  <Artistic>1</Artistic>
	  <Social>1</Social>
	  <Cooking>1</Cooking>
	  <Crafting>1</Crafting>
	  <Medicine>1</Medicine>
	  <Plants>1</Plants>
	  <Animals>1</Animals>
    </skillGains>
</AlienRace.AlienBackstoryDef>

<AlienRace.AlienBackstoryDef ParentName="000GGIBackstoriesAdulthoodBase">
    <defName>000GGIBackstoryDomesticGardener</defName>
    <title>Domestic Gardener</title>
    <titleShort>Gardener</titleShort>
    <baseDesc>{PAWN_nameDef} was a domestic gardener. {PAWN_pronoun} knows a lot about plants and gardering.</baseDesc>
	<skillGains>
	  <Plants>5</Plants>
    </skillGains>
</AlienRace.AlienBackstoryDef>

<AlienRace.AlienBackstoryDef ParentName="000GGIBackstoriesAdulthoodBase">
    <defName>000GGIBackstoryRimworlder</defName>
    <title>Rimworlder</title>
    <titleShort>Handyman</titleShort>
    <baseDesc>{PAWN_nameDef} had spent an entire life on a rimworld. {PAWN_pronoun} learned skills that are necessary for survival in such a harsh place.</baseDesc>
	<skillGains>
	  <Plants>3</Plants>
	  <Medicine>3</Medicine>
	  <Mining>3</Mining>
	  <Construction>3</Construction>
    </skillGains>
</AlienRace.AlienBackstoryDef>

<AlienRace.AlienBackstoryDef ParentName="000GGIBackstoriesAdulthoodBase">
    <defName>000GGIBackstoryApathetic</defName>
    <title>Apathetic</title>
    <titleShort>Handyman</titleShort>
    <baseDesc>{PAWN_nameDef} does not like to talk much. Sometimes {PAWN_pronoun} stays silent for weeks.  Nobody knows why. Honestly, {PAWN_pronoun} prefers to spend free time with animals.</baseDesc>
	<skillGains>
	  <Animals>8</Animals>
    </skillGains>
	<workDisables>
        <li>Social</li>
    </workDisables>
</AlienRace.AlienBackstoryDef>

<AlienRace.AlienBackstoryDef ParentName="000GGIBackstoriesAdulthoodBase">
    <defName>000GGIBackstoryEmphaticExplorer</defName>
    <title>Emphatic Explorer</title>
    <titleShort>Medic</titleShort>
    <baseDesc>{PAWN_nameDef} was offered a citizenship in a Xenophile empire of multiple glitterworlds tens of light years away in exchange for {PAWN_possessive} medical skills. Excited about new worlds and culture, {PAWN_nameDef} have accepted this offer without a single shred of doubt.</baseDesc>
	<skillGains>
	  <Medicine>5</Medicine>
	  <Social>3</Social>
    </skillGains>
</AlienRace.AlienBackstoryDef>

<AlienRace.AlienBackstoryDef ParentName="000GGIBackstoriesAdulthoodBase">
    <defName>000GGIBackstoryHeartfeltArtist</defName>
    <title>Heartfelt Artist</title>
    <titleShort>Artist</titleShort>
    <baseDesc>{PAWN_nameDef} was a skilled artist, them always finding a key to the hearts of their audience. Although they never made it big their passion let them live comfortably nevertheless.</baseDesc>
	<skillGains>
	  <Artistic>6</Artistic>
	  <Social>2</Social>
	  <Crafting>1</Crafting>
    </skillGains>
</AlienRace.AlienBackstoryDef>

<AlienRace.AlienBackstoryDef ParentName="000GGIBackstoriesAdulthoodBase">
    <defName>000GGIBackstoryJadeAdherent</defName>
    <title>Jade Adherent</title>
    <titleShort>Adherent</titleShort>
    <baseDesc>{PAWN_nameDef} was known for {PAWN_possessive} devotion to the divine princess of the sacred Penglai, a goddess believed to be a rogue self-developing AI silently roaming around planetary network of the Glitteworld. One day {PAWN_nameDef} have managed to get in touch with her for a few seconds. But these seconds were enough to change {PAWN_nameDef}'s perception of life forever...</baseDesc>
	<skillGains>
	  <Intellectual>7</Intellectual>
	  <Social>3</Social>
    </skillGains>
</AlienRace.AlienBackstoryDef>

<AlienRace.AlienBackstoryDef ParentName="000GGIBackstoriesAdulthoodBase">
    <defName>000GGIBackstoryHeartboundValiant</defName>
    <title>Heartbound Valiant</title>
    <titleShort>Shooter</titleShort>
    <baseDesc>{PAWN_nameDef} enlisted into Imperial Guard at some point of {PAWN_pronoun} life. Thoughts of protecting home and kin have helped {PAWN_nameDef} to keep moving on. Aside from military training, {PAWN_nameDef} have gained some medical knowledge to help those in need and to tend fallen soldiers.</baseDesc>
	<skillGains>
	  <Shooting>6</Shooting>
	  <Medicine>3</Medicine>
    </skillGains>
	<forcedTraits>
	<Nerves>2</Nerves>
	</forcedTraits>
</AlienRace.AlienBackstoryDef>

<AlienRace.AlienBackstoryDef ParentName="000GGIBackstoriesAdulthoodBase">
    <defName>000GGIBackstoryGlitterworldCitizen</defName>
    <title>Glitterworld Citizen</title>
    <titleShort>Handyman</titleShort>
    <baseDesc>{PAWN_nameDef} was an ordinary citizen of one of the countless glitterworlds. Ordinary life, ordinary state of art education, ordinary skills... Led to an ordinary job, who could've thought about that. But {PAWN_nameDef} at least loved {PAWN_possessive} job and {PAWN_objective} was really good at it!</baseDesc>
	<skillGains>
	  <Intellectual>4</Intellectual>
	  <Construction>4</Construction>
	  <Crafting>3</Crafting>
    </skillGains>
</AlienRace.AlienBackstoryDef>

<AlienRace.AlienBackstoryDef ParentName="000GGIBackstoriesAdulthoodBase">
    <defName>000GGIBackstoryCompassionateSybil</defName>
    <title>Compassionate Sybil</title>
    <titleShort>Sybil</titleShort>
    <baseDesc>{PAWN_nameDef}’s psychic capabilities are above average and have given them power to predict movement of enthropy fields not so far into the future. {PAWN_nameDef}'s skills were highly valued in their tribe, because it allowed to somewhat accurately predict weather and changes in local wildlife. {PAWN_nameDef} was given a Honorable title of Sybil.</baseDesc>
	<skillGains>
	  <Intellectual>5</Intellectual>
	  <Social>3</Social>
	  <Crafting>1</Crafting>
    </skillGains>
</AlienRace.AlienBackstoryDef>

</Defs>