﻿<?xml version="1.0" encoding="utf-8"?>

<Defs> 

<AlienRace.AlienBackstoryDef Abstract="True" Name="000GPSIBackstoriesAdulthoodBase">
	<spawnCategories>
		<li>001_G_Psychic_BackstoriesAdulthood</li>
	</spawnCategories>
	<slot>Adulthood</slot>
</AlienRace.AlienBackstoryDef>

<AlienRace.AlienBackstoryDef ParentName="000GPSIBackstoriesAdulthoodBase">
    <defName>001GPSIBackstoryDomesticScientist</defName>
    <title>Domestic Scientist</title>
    <titleShort>Scientist</titleShort>
    <baseDesc>The owner of {PAWN_nameDef} was a highly educated person. He taught {PAWN_nameDef} various subjects in their spare time.</baseDesc>
	<skillGains>
      <Medicine>3</Medicine>
	  <Intellectual>5</Intellectual>
    </skillGains>
</AlienRace.AlienBackstoryDef>

<AlienRace.AlienBackstoryDef ParentName="000GPSIBackstoriesAdulthoodBase">
    <defName>001GPSIBackstoryDomesticChef</defName>
    <title>Domestic Chef</title>
    <titleShort>Chef</titleShort>
    <baseDesc>{PAWN_nameDef} was a personal chef for {PAWN_possessive} owner's family. {PAWN_pronoun} has mastered art of the cooking and is able to make perfect meals using the simplest ingredients.</baseDesc>
	<skillGains>
      <Cooking>8</Cooking>
    </skillGains>
</AlienRace.AlienBackstoryDef>

<AlienRace.AlienBackstoryDef ParentName="000GPSIBackstoriesAdulthoodBase">
    <defName>001GPSIBackstoryDomesticJade</defName>
    <title>Domestic Jade</title>
    <titleShort>Jade</titleShort>
    <baseDesc>{PAWN_nameDef} was used by {PAWN_possessive} owners mostly for sexual purposes.</baseDesc>
	<maleCommonality>0</maleCommonality>
    <femaleCommonality>100</femaleCommonality>
	<skillGains>
      <Social>3</Social>
	  <Artistic>3</Artistic>
	  <Melee>1</Melee>
    </skillGains>
</AlienRace.AlienBackstoryDef>

<AlienRace.AlienBackstoryDef ParentName="000GPSIBackstoriesAdulthoodBase">
    <defName>001GPSIBackstoryDomesticSinger</defName>
    <title>Domestic Singer</title>
    <titleShort>Singer</titleShort>
    <baseDesc>{PAWN_nameDef} was a personal singer for {PAWN_possessive} owner. Every evening {PAWN_nameDef} pleased {PAWN_possessive} owner with charming songs.</baseDesc>
	<skillGains>
      <Social>3</Social>
	  <Artistic>5</Artistic>
    </skillGains>
</AlienRace.AlienBackstoryDef>

<AlienRace.AlienBackstoryDef ParentName="000GPSIBackstoriesAdulthoodBase">
    <defName>001GPSIBackstoryGlitterworldStar</defName>
    <title>Glitterworld star</title>
    <titleShort>Celebrity</titleShort>
    <baseDesc>{PAWN_nameDef} was a popular celebrity at one of the glitterworlds. {PAWN_pronoun} has often visited various shows, holidays and photosessions.</baseDesc>
	<skillGains>
      <Social>2</Social>
	  <Artistic>10</Artistic>
    </skillGains>
</AlienRace.AlienBackstoryDef>

<AlienRace.AlienBackstoryDef ParentName="000GPSIBackstoriesAdulthoodBase">
    <defName>001GPSIBackstoryGlitterworldScientist</defName>
    <title>Glitterworld Scientist</title>
    <titleShort>Scientist</titleShort>
    <baseDesc>{PAWN_nameDef} became a professional scientist despite {PAWN_possessive} species being servitor. {PAWN_possessive} vast knowledge combined with high intellect allowed {PAWN_objective} to develop almost anything from scratch.</baseDesc>
	<skillGains>
      <Medicine>3</Medicine>
	  <Intellectual>5</Intellectual>
    </skillGains>
</AlienRace.AlienBackstoryDef>

<AlienRace.AlienBackstoryDef ParentName="000GPSIBackstoriesAdulthoodBase">
    <defName>001GPSIBackstoryRebel</defName>
    <title>Rebel</title>
    <titleShort>Rebel</titleShort>
    <baseDesc>{PAWN_nameDef} participated in revolts at a distant industrial world and managed to escape.</baseDesc>
	<skillGains>
      <Melee>5</Melee>
	  <Shooting>5</Shooting>
    </skillGains>
</AlienRace.AlienBackstoryDef>

<AlienRace.AlienBackstoryDef ParentName="000GPSIBackstoriesAdulthoodBase">
    <defName>001GPSIBackstoryGunMerchant</defName>
    <title>Gun merchant</title>
    <titleShort>Merchant</titleShort>
    <baseDesc>{PAWN_nameDef} was a successful gun merchant in the past. {PAWN_pronoun} knows everything about big guns and shooting.</baseDesc>
	<skillGains>
	  <Shooting>7</Shooting>
	  <Crafting>5</Crafting>
	  <Social>3</Social>
    </skillGains>
</AlienRace.AlienBackstoryDef>

<AlienRace.AlienBackstoryDef ParentName="000GPSIBackstoriesAdulthoodBase">
    <defName>001GPSIBackstoryDomesticBartender</defName>
    <title>Domestic Bartender</title>
    <titleShort>Bartender</titleShort>
    <baseDesc>{PAWN_nameDef} was a domestic bartender in past. {PAWN_pronoun} knows a lot about drinks and what to do in cases of poisoning and overdose.</baseDesc>
	<skillGains>
	  <Cooking>5</Cooking>
	  <Medicine>3</Medicine>
	  <Social>3</Social>
    </skillGains>
</AlienRace.AlienBackstoryDef>

<AlienRace.AlienBackstoryDef ParentName="000GPSIBackstoriesAdulthoodBase">
    <defName>001GPSIBackstoryBestFriend</defName>
    <title>Best Friend</title>
    <titleShort>Social</titleShort>
    <baseDesc>{PAWN_nameDef} was the best friend for {PAWN_possessive} owner. {PAWN_pronoun} was the only thing that kept owner happy...</baseDesc>
	<skillGains>
	  <Social>3</Social>
    </skillGains>
</AlienRace.AlienBackstoryDef>

<AlienRace.AlienBackstoryDef ParentName="000GPSIBackstoriesAdulthoodBase">
    <defName>001GPSIBackstoryBookWorm</defName>
    <title>Book Worm</title>
    <titleShort>Smarty</titleShort>
    <baseDesc>{PAWN_nameDef}'s owner had a vast library with all kinds of books and digital archives. {PAWN_pronoun} had visited library and fulfiled {PAWN_possessive} curiosity in secret each night...</baseDesc>
	<skillGains>
	  <Intellectual>5</Intellectual>
	  <Artistic>1</Artistic>
	  <Social>1</Social>
	  <Cooking>1</Cooking>
	  <Crafting>1</Crafting>
	  <Medicine>1</Medicine>
	  <Plants>1</Plants>
	  <Animals>1</Animals>
    </skillGains>
</AlienRace.AlienBackstoryDef>

<AlienRace.AlienBackstoryDef ParentName="000GPSIBackstoriesAdulthoodBase">
    <defName>001GPSIBackstoryDomesticGardener</defName>
    <title>Domestic Gardener</title>
    <titleShort>Gardener</titleShort>
    <baseDesc>{PAWN_nameDef} was a domestic gardener. {PAWN_pronoun} knows a lot about plants and gardering.</baseDesc>
	<skillGains>
	  <Plants>5</Plants>
    </skillGains>
</AlienRace.AlienBackstoryDef>

<AlienRace.AlienBackstoryDef ParentName="000GPSIBackstoriesAdulthoodBase">
    <defName>001GPSIBackstoryRimworlder</defName>
    <title>Rimworlder</title>
    <titleShort>Handyman</titleShort>
    <baseDesc>{PAWN_nameDef} had spent an entire life on a rimworld. {PAWN_pronoun} learned skills that are necessary for survival in such a harsh place.</baseDesc>
	<skillGains>
	  <Plants>3</Plants>
	  <Medicine>3</Medicine>
	  <Mining>3</Mining>
	  <Construction>3</Construction>
    </skillGains>
</AlienRace.AlienBackstoryDef>

<AlienRace.AlienBackstoryDef ParentName="000GPSIBackstoriesAdulthoodBase">
    <defName>001GPSIBackstoryApathetic</defName>
    <title>Apathetic</title>
    <titleShort>Handyman</titleShort>
    <baseDesc>{PAWN_nameDef} does not like to talk much. Sometimes {PAWN_pronoun} stays silent for weeks.  Nobody knows why. Honestly, {PAWN_pronoun} prefers to spend free time with animals.</baseDesc>
	<skillGains>
	  <Animals>8</Animals>
    </skillGains>
	<workDisables>
        <li>Social</li>
    </workDisables>
</AlienRace.AlienBackstoryDef>

<AlienRace.AlienBackstoryDef ParentName="000GPSIBackstoriesAdulthoodBase">
    <defName>001GPSIBackstoryExDetective</defName>
    <title>Ex-detective</title>
    <titleShort>Handyman</titleShort>
    <baseDesc>{PAWN_nameDef} used to be a detective back on their Glitterworld. Their psychic abilities made it easier to tell if someone was lying to protect themselves or someone else. Unfortunately, either through politics or a vendetta, {PAWN_nameDef} soon found themselves exiled to the Rim.</baseDesc>
	<skillGains>
	  <Social>5</Social>
	  <Intellectual>5</Intellectual>
    </skillGains>
	<workDisables>
        <li>Constructing</li>
		<li>Artistic</li>
    </workDisables>
</AlienRace.AlienBackstoryDef>

<AlienRace.AlienBackstoryDef ParentName="000GPSIBackstoriesAdulthoodBase">
    <defName>001GPSIBackstoryPsychicSniper</defName>
    <title>Psychic Sniper</title>
    <titleShort>Handyman</titleShort>
    <baseDesc>{PAWN_nameDef} has been trained to use their psychic powers to excel as a sniper regardless of the ranged weapon being used. They can't handle themselves as well in melee though</baseDesc>
	<skillGains>
	  <Shooting>5</Shooting>
	  <Melee>-5</Melee>
    </skillGains>
	<workDisables>
        <li>Social</li>
		<li>Caring</li>
    </workDisables>
</AlienRace.AlienBackstoryDef>

<AlienRace.AlienBackstoryDef ParentName="000GPSIBackstoriesAdulthoodBase" MayRequire="yanzihko.MMP">
    <defName>001GPSIBackstoryTelekineticExpert</defName>
    <title>Telekinetic expert</title>
    <titleShort>Handyman</titleShort>
    <baseDesc>{PAWN_nameDef}  has become proficient at utilizing their psychic abilities for the purpose of levitating objects. This lets them “carry” slightly more than others. Their proficiency with telekinesis also makes their work a little easier.</baseDesc>
	<skillGains>
	  <Intellectual>3</Intellectual>
    </skillGains>
	<forcedTraits>
	<MMP_TelekineticExpert>0</MMP_TelekineticExpert>
	</forcedTraits>
</AlienRace.AlienBackstoryDef>

</Defs>