﻿<?xml version="1.0" encoding="utf-8"?>

<Defs> 

<AlienRace.AlienBackstoryDef Abstract="True" Name="005ULBackstoriesAdulthoodBase">
	<spawnCategories>
		<li>500_U_Lombax_BackstoriesAdulthood</li>
	</spawnCategories>
	<slot>Adulthood</slot>
</AlienRace.AlienBackstoryDef>

<AlienRace.AlienBackstoryDef ParentName="005ULBackstoriesAdulthoodBase">
    <defName>005ULBackstoryFarmer</defName>
    <title>Farmer</title>
    <titleShort>Farmer</titleShort>
    <baseDesc>{PAWN_nameDef} was a farmer at one of vertical hydroponic farms in {PAWN_possessive} past.</baseDesc>
	<skillGains>
      <Plants>5</Plants>
    </skillGains>
</AlienRace.AlienBackstoryDef>

<AlienRace.AlienBackstoryDef ParentName="005ULBackstoriesAdulthoodBase">
    <defName>005ULBackstoryAnimalFarmer</defName>
    <title>Animal Farmer</title>
    <titleShort>Farmer</titleShort>
    <baseDesc>{PAWN_nameDef} was an animal farmer at one of advanced animal complexes in {PAWN_possessive} past.</baseDesc>
	<skillGains>
      <Animals>5</Animals>
    </skillGains>
</AlienRace.AlienBackstoryDef>

<AlienRace.AlienBackstoryDef ParentName="005ULBackstoriesAdulthoodBase">
    <defName>005ULBackstoryScientist</defName>
    <title>Scientist</title>
    <titleShort>Scientist</titleShort>
    <baseDesc>{PAWN_nameDef} was a scientist in one of 005UL research laboratories in {PAWN_possessive} past.</baseDesc>
	<skillGains>
      <Intellectual>5</Intellectual>
    </skillGains>
</AlienRace.AlienBackstoryDef>

<AlienRace.AlienBackstoryDef ParentName="005ULBackstoriesAdulthoodBase">
    <defName>005ULBackstoryMilitaryScientist</defName>
    <title>Military Scientist</title>
    <titleShort>Scientist</titleShort>
    <baseDesc>{PAWN_nameDef} was a scientist in one of 005UL military research laboratories in {PAWN_possessive} past.</baseDesc>
	<skillGains>
      <Intellectual>5</Intellectual>
	  <Shooting>3</Shooting>
	  <Crafting>3</Crafting>
    </skillGains>
</AlienRace.AlienBackstoryDef>

<AlienRace.AlienBackstoryDef ParentName="005ULBackstoriesAdulthoodBase">
    <defName>005ULBackstoryEngineer</defName>
    <title>Engineer</title>
    <titleShort>Engineer</titleShort>
    <baseDesc>{PAWN_nameDef} was an average 005UL engineer in {PAWN_possessive} past.</baseDesc>
	<skillGains>
      <Crafting>5</Crafting>
    </skillGains>
</AlienRace.AlienBackstoryDef>

<AlienRace.AlienBackstoryDef ParentName="005ULBackstoriesAdulthoodBase">
    <defName>005ULBackstorySpaceEngineer</defName>
    <title>Space Engineer</title>
    <titleShort>Engineer</titleShort>
    <baseDesc>{PAWN_nameDef} was a space engineer at one of stations in {PAWN_possessive} past.</baseDesc>
	<skillGains>
      <Crafting>7</Crafting>
    </skillGains>
</AlienRace.AlienBackstoryDef>

<AlienRace.AlienBackstoryDef ParentName="005ULBackstoriesAdulthoodBase">
    <defName>005ULBackstorySpaceWarrior</defName>
    <title>Warrior</title>
    <titleShort>Warrior</titleShort>
    <baseDesc>{PAWN_nameDef} has served in 005UL army in {PAWN_possessive} past.</baseDesc>
	<skillGains>
      <Shooting>5</Shooting>
	  <Melee>5</Melee>
    </skillGains>
</AlienRace.AlienBackstoryDef>

<AlienRace.AlienBackstoryDef ParentName="005ULBackstoriesAdulthoodBase">
    <defName>005ULBackstoryVoidScout</defName>
    <title>Void Scout</title>
    <titleShort>Scout</titleShort>
    <baseDesc>{PAWN_nameDef} was a space scout with {PAWN_possessive} own personal space ship in {PAWN_possessive} past. This profession required combat and analytical skills.</baseDesc>
	<skillGains>
      <Shooting>4</Shooting>
	  <Intellectual>2</Intellectual>
    </skillGains>
</AlienRace.AlienBackstoryDef>

<AlienRace.AlienBackstoryDef ParentName="005ULBackstoriesAdulthoodBase">
    <defName>005ULBackstoryCook</defName>
    <title>Cook</title>
    <titleShort>Cook</titleShort>
    <baseDesc>{PAWN_nameDef} was a simple cook in {PAWN_possessive} past.</baseDesc>
	<skillGains>
      <Cooking>3</Cooking>
    </skillGains>
</AlienRace.AlienBackstoryDef>

<AlienRace.AlienBackstoryDef ParentName="005ULBackstoriesAdulthoodBase">
    <defName>005ULBackstoryChef</defName>
    <title>Chef</title>
    <titleShort>Cook</titleShort>
    <baseDesc>{PAWN_nameDef} was a professional chef in {PAWN_possessive} past.</baseDesc>
	<skillGains>
      <Cooking>6</Cooking>
    </skillGains>
</AlienRace.AlienBackstoryDef>

 <AlienRace.AlienBackstoryDef ParentName="005ULBackstoriesAdulthoodBase">
    <defName>005ULBackstorySocialWorker</defName>
    <title>Social Worker</title>
    <titleShort>Social</titleShort>
    <baseDesc>{PAWN_nameDef} was a social worker in {PAWN_possessive} past.</baseDesc>
	<skillGains>
      <Social>5</Social>
    </skillGains>
</AlienRace.AlienBackstoryDef>

<AlienRace.AlienBackstoryDef ParentName="005ULBackstoriesAdulthoodBase">
    <defName>005ULBackstoryConstructionWorker</defName>
    <title>Construction Worker</title>
    <titleShort>Builder</titleShort>
    <baseDesc>{PAWN_nameDef} was a construction worker in {PAWN_possessive} past.</baseDesc>
	<skillGains>
      <Construction>5</Construction>
    </skillGains>
</AlienRace.AlienBackstoryDef>

<AlienRace.AlienBackstoryDef ParentName="005ULBackstoriesAdulthoodBase">
    <defName>005ULBackstoryArchitect</defName>
    <title>Architect</title>
    <titleShort>Architect</titleShort>
    <baseDesc>{PAWN_nameDef} was an architect in {PAWN_possessive} past.</baseDesc>
	<skillGains>
      <Construction>6</Construction>
	  <Intellectual>3</Intellectual>
    </skillGains>
</AlienRace.AlienBackstoryDef>

<AlienRace.AlienBackstoryDef ParentName="005ULBackstoriesAdulthoodBase">
    <defName>005ULBackstoryCultureWorker</defName>
    <title>Culture Worker</title>
    <titleShort>Artist</titleShort>
    <baseDesc>{PAWN_nameDef} was a culture worker in {PAWN_possessive} past.</baseDesc>
	<skillGains>
      <Artistic>4</Artistic>
	  <Social>2</Social>
    </skillGains>
</AlienRace.AlienBackstoryDef>


<AlienRace.AlienBackstoryDef ParentName="005ULBackstoriesAdulthoodBase">
    <defName>005ULBackstorySculptor</defName>
    <title>Sculptor</title>
    <titleShort>Sculptor</titleShort>
    <baseDesc>{PAWN_nameDef} was a professional sculptor in {PAWN_possessive} past.</baseDesc>
	<skillGains>
      <Artistic>5</Artistic>
	  <Crafting>2</Crafting>
    </skillGains>
</AlienRace.AlienBackstoryDef>

<AlienRace.AlienBackstoryDef ParentName="005ULBackstoriesAdulthoodBase">
    <defName>005ULBackstoryArtist</defName>
    <title>Artist</title>
    <titleShort>Artist</titleShort>
    <baseDesc>{PAWN_nameDef} was a professional artist in {PAWN_possessive} past.</baseDesc>
	<skillGains>
      <Artistic>6</Artistic>
    </skillGains>
</AlienRace.AlienBackstoryDef>


</Defs>