﻿<?xml version="1.0" encoding="utf-8"?>

<Defs>

<AlienRace.AlienBackstoryDef Abstract="True" Name="501UFRESBackstoriesChildhoodBase">
	<spawnCategories>
		<li>501_U_Fressalfar_BackstoriesChildhood</li>
	</spawnCategories>
	<slot>Childhood</slot>
</AlienRace.AlienBackstoryDef>

<!--■■■■■■■■■■■■■■■■■■■■ THIN BODY TYPE ■■■■■■■■■■■■■■■■■■■■-->

<AlienRace.AlienBackstoryDef ParentName="501UFRESBackstoriesChildhoodBase">
    <defName>501UFRESBackstoryPurebloodGeniusThin</defName>
    <title>Pureblood Genius</title>
    <titleShort>Genius</titleShort>
    <baseDesc>{PAWN_nameDef} was one of the original pureblood 501UFRES whose genes were manipulated to dominatetheir field. {PAWN_nameDef} specializes in technology and is unmatched in their intellectual ability.</baseDesc>
	<bodyTypeGlobal>Thin</bodyTypeGlobal>
	<maleCommonality>50</maleCommonality>
    <femaleCommonality>50</femaleCommonality>
	<skillGains>
	  <Medicine>5</Medicine>
		<Intellectual>5</Intellectual>
    </skillGains>
</AlienRace.AlienBackstoryDef>

<AlienRace.AlienBackstoryDef ParentName="501UFRESBackstoriesChildhoodBase">
    <defName>501UFRESBackstoryPurebloodInfantryThin</defName>
    <title>Pureblood Infantry</title>
    <titleShort>Soldier</titleShort>
    <baseDesc>{PAWN_nameDef} was one of the original pureblood 501UFRES whose genes were manipulated to dominate their field. {PAWN_nameDef} specializes in warfare and was born to dominate the battlefield when the need arises.</baseDesc>
	<bodyTypeGlobal>Thin</bodyTypeGlobal>
	<maleCommonality>50</maleCommonality>
    <femaleCommonality>50</femaleCommonality>
	<skillGains>
      <Shooting>5</Shooting>
	  <Melee>3</Melee>
    </skillGains>
</AlienRace.AlienBackstoryDef>

<AlienRace.AlienBackstoryDef ParentName="501UFRESBackstoriesChildhoodBase">
    <defName>501UFRESBackstoryPurebloodCraftsmanThin</defName>
    <title>Pureblood Craftsman</title>
    <titleShort>Craftsman</titleShort>
    <baseDesc>{PAWN_nameDef} was one of the original pureblood 501UFRES whose genes were manipulated to dominate their field. {PAWN_nameDef} specializes in production and design with a special knack for creating complex items.</baseDesc>
	<bodyTypeGlobal>Thin</bodyTypeGlobal>
	<maleCommonality>50</maleCommonality>
    <femaleCommonality>50</femaleCommonality>
	<skillGains>
      <Construction>3</Construction>
	  <Crafting>5</Crafting>
    </skillGains>
</AlienRace.AlienBackstoryDef>

<AlienRace.AlienBackstoryDef ParentName="501UFRESBackstoriesChildhoodBase">
    <defName>501UFRESBackstoryPurebloodBotanistThin</defName>
    <title>Pureblood Botanist</title>
    <titleShort>Botanist</titleShort>
    <baseDesc>{PAWN_nameDef} was one of the original pureblood 501UFRES whose genes were manipulated to dominate their field. {PAWN_nameDef} specializes in working with the land to produce food and create delicious meals.</baseDesc>
	<bodyTypeGlobal>Thin</bodyTypeGlobal>
	<maleCommonality>50</maleCommonality>
    <femaleCommonality>50</femaleCommonality>
	<skillGains>
      <Plants>5</Plants>
	  <Cooking>3</Cooking>
    </skillGains>
</AlienRace.AlienBackstoryDef>

<AlienRace.AlienBackstoryDef ParentName="501UFRESBackstoriesChildhoodBase">
    <defName>501UFRESBackstoryPurebloodNegotiatorThin</defName>
    <title>Pureblood Negotiator</title>
    <titleShort>Negotiator</titleShort>
    <baseDesc>{PAWN_nameDef} was one of the original pureblood 501UFRES whose genes were manipulated to dominate their field. {PAWN_nameDef} specializes in negotiating deals and manipulating those around them when the need arises.</baseDesc>
	<bodyTypeGlobal>Thin</bodyTypeGlobal>
	<maleCommonality>50</maleCommonality>
    <femaleCommonality>50</femaleCommonality>
	<skillGains>
      <Social>5</Social>
	  <Animals>3</Animals>
    </skillGains>
</AlienRace.AlienBackstoryDef>

<!--■■■■■■■■■■■■■■■■■■■■ MALE/FEMALE BODY TYPE ■■■■■■■■■■■■■■■■■■■■-->

<AlienRace.AlienBackstoryDef ParentName="501UFRESBackstoriesChildhoodBase">
    <defName>501UFRESBackstoryPurebloodGeniusFemaleMF</defName>
    <title>Pureblood Genius</title>
    <titleShort>Genius</titleShort>
    <baseDesc>{PAWN_nameDef} was one of the original pureblood 501UFRES whose genes were manipulated to dominatetheir field. {PAWN_nameDef} specializes in technology and is unmatched in their intellectual ability.</baseDesc>
    <bodyTypeMale>Male</bodyTypeMale>
    <bodyTypeFemale>Female</bodyTypeFemale>
    <maleCommonality>50</maleCommonality>
    <femaleCommonality>50</femaleCommonality>
	<skillGains>
	  <Medicine>5</Medicine>
		<Intellectual>5</Intellectual>
    </skillGains>
</AlienRace.AlienBackstoryDef>

<AlienRace.AlienBackstoryDef ParentName="501UFRESBackstoriesChildhoodBase">
    <defName>501UFRESBackstoryPurebloodInfantryFemaleMF</defName>
    <title>Pureblood Infantry</title>
    <titleShort>Soldier</titleShort>
    <baseDesc>{PAWN_nameDef} was one of the original pureblood 501UFRES whose genes were manipulated to dominate their field. {PAWN_nameDef} specializes in warfare and was born to dominate the battlefield when the need arises.</baseDesc>
    <bodyTypeMale>Male</bodyTypeMale>
    <bodyTypeFemale>Female</bodyTypeFemale>
    <maleCommonality>50</maleCommonality>
    <femaleCommonality>50</femaleCommonality>
	<skillGains>
      <Shooting>5</Shooting>
	  <Melee>3</Melee>
    </skillGains>
</AlienRace.AlienBackstoryDef>

<AlienRace.AlienBackstoryDef ParentName="501UFRESBackstoriesChildhoodBase">
    <defName>501UFRESBackstoryPurebloodCraftsmanFemaleMF</defName>
    <title>Pureblood Craftsman</title>
    <titleShort>Craftsman</titleShort>
    <baseDesc>{PAWN_nameDef} was one of the original pureblood 501UFRES whose genes were manipulated to dominate their field. {PAWN_nameDef} specializes in production and design with a special knack for creating complex items.</baseDesc>
    <bodyTypeMale>Male</bodyTypeMale>
    <bodyTypeFemale>Female</bodyTypeFemale>
    <maleCommonality>50</maleCommonality>
    <femaleCommonality>50</femaleCommonality>
	<skillGains>
      <Construction>3</Construction>
	  <Crafting>5</Crafting>
    </skillGains>
</AlienRace.AlienBackstoryDef>

<AlienRace.AlienBackstoryDef ParentName="501UFRESBackstoriesChildhoodBase">
    <defName>501UFRESBackstoryPurebloodBotanistFemaleMF</defName>
    <title>Pureblood Botanist</title>
    <titleShort>Botanist</titleShort>
    <baseDesc>{PAWN_nameDef} was one of the original pureblood 501UFRES whose genes were manipulated to dominate their field. {PAWN_nameDef} specializes in working with the land to produce food and create delicious meals.</baseDesc>
    <bodyTypeMale>Male</bodyTypeMale>
    <bodyTypeFemale>Female</bodyTypeFemale>
    <maleCommonality>50</maleCommonality>
    <femaleCommonality>50</femaleCommonality>
	<skillGains>
      <Plants>5</Plants>
	  <Cooking>3</Cooking>
    </skillGains>
</AlienRace.AlienBackstoryDef>

<AlienRace.AlienBackstoryDef ParentName="501UFRESBackstoriesChildhoodBase">
    <defName>501UFRESBackstoryPurebloodNegotiatorFemaleMF</defName>
    <title>Pureblood Negotiator</title>
    <titleShort>Negotiator</titleShort>
    <baseDesc>{PAWN_nameDef} was one of the original pureblood 501UFRES whose genes were manipulated to dominate their field. {PAWN_nameDef} specializes in negotiating deals and manipulating those around them when the need arises.</baseDesc>
    <bodyTypeMale>Male</bodyTypeMale>
    <bodyTypeFemale>Female</bodyTypeFemale>
    <maleCommonality>50</maleCommonality>
    <femaleCommonality>50</femaleCommonality>
	<skillGains>
      <Social>5</Social>
	  <Animals>3</Animals>
    </skillGains>
</AlienRace.AlienBackstoryDef>

</Defs>