﻿<?xml version="1.0" encoding="utf-8"?>

<Defs> 

<AlienRace.AlienBackstoryDef Abstract="True" Name="501UKISABackstoriesAdulthoodBase">
	<spawnCategories>
		<li>501_U_Kisalfar_BackstoriesAdulthood</li>
	</spawnCategories>
	<slot>Adulthood</slot>
</AlienRace.AlienBackstoryDef>

<!--■■■■■■■■■■■■■■■■■■■■ THIN BODY TYPE ■■■■■■■■■■■■■■■■■■■■-->

<AlienRace.AlienBackstoryDef ParentName="501UKISABackstoriesAdulthoodBase">
    <defName>501UKISABackstoryNomadThin</defName>
    <title>Nomad</title>
    <titleShort>501UKISA</titleShort>
    <baseDesc>{PAWN_nameDef} spent their time roaming the land searching for fellow companions and learning about the world. They learned how to work with strangers and wild animals to accomplish their goals quickly without settling down for too long.</baseDesc>
	<bodyTypeGlobal>Thin</bodyTypeGlobal>
	<maleCommonality>50</maleCommonality>
    <femaleCommonality>50</femaleCommonality>
	<skillGains>
      <Social>2</Social>
	  <Animals>2</Animals>
	  <Plants>1</Plants>
	  <Shooting>1</Shooting>
    </skillGains>
</AlienRace.AlienBackstoryDef>

<AlienRace.AlienBackstoryDef ParentName="501UKISABackstoriesAdulthoodBase">
    <defName>501UKISABackstoryChefThin</defName>
    <title>Chef</title>
    <titleShort>501UKISA</titleShort>
    <baseDesc>{PAWN_nameDef} spent their time providing food for their colony and experimenting with ingredients to create food that provided the most benefit for the least value of resources.</baseDesc>
	<bodyTypeGlobal>Thin</bodyTypeGlobal>
	<maleCommonality>50</maleCommonality>
    <femaleCommonality>50</femaleCommonality>
	<skillGains>
      <Cooking>3</Cooking>
	  <Plants>2</Plants>
    </skillGains>
</AlienRace.AlienBackstoryDef>

<AlienRace.AlienBackstoryDef ParentName="501UKISABackstoriesAdulthoodBase">
    <defName>501UKISABackstoryMilitiaThin</defName>
    <title>Militia</title>
    <titleShort>501UKISA</titleShort>
    <baseDesc>{PAWN_nameDef} was a colonial guard and spent their time fighting off waves of pirates and wild tribals to protect their fledgling colony.</baseDesc>
	<bodyTypeGlobal>Thin</bodyTypeGlobal>
	<maleCommonality>50</maleCommonality>
    <femaleCommonality>50</femaleCommonality>
	<skillGains>
      <Shooting>2</Shooting>
	  <Melee>1</Melee>
	  <Medicine>2</Medicine>
    </skillGains>
</AlienRace.AlienBackstoryDef>

<AlienRace.AlienBackstoryDef ParentName="501UKISABackstoriesAdulthoodBase">
    <defName>501UKISABackstoryScientistThin</defName>
    <title>Scientist</title>
    <titleShort>501UKISA</titleShort>
    <baseDesc>{PAWN_nameDef} Spent their time researching and experimenting to try and unlock the secrets of their new world and the secrets to their own genome.</baseDesc>
	<bodyTypeGlobal>Thin</bodyTypeGlobal>
	<maleCommonality>50</maleCommonality>
    <femaleCommonality>50</femaleCommonality>
	<skillGains>
      <Intellectual>3</Intellectual>
	  <Medicine>2</Medicine>
    </skillGains>
</AlienRace.AlienBackstoryDef>

<AlienRace.AlienBackstoryDef ParentName="501UKISABackstoriesAdulthoodBase">
    <defName>501UKISABackstoryColonialEngineerThin</defName>
    <title>Colonial Engineer</title>
    <titleShort>501UKISA</titleShort>
    <baseDesc>{PAWN_nameDef} specializes in crafstmanship ranging from producing impenetrable walls or forging swords that would shatter blades of their pirate enemies.</baseDesc>
	<bodyTypeGlobal>Thin</bodyTypeGlobal>
	<maleCommonality>50</maleCommonality>
    <femaleCommonality>50</femaleCommonality>
	<skillGains>
      <Construction>3</Construction>
	  <Crafting>2</Crafting>
	  <Artistic>1</Artistic>
	  <Intellectual>1</Intellectual>
    </skillGains>
</AlienRace.AlienBackstoryDef>

<AlienRace.AlienBackstoryDef ParentName="501UKISABackstoriesAdulthoodBase">
    <defName>501UKISABackstoryGenomeDoctorThin</defName>
    <title>Genome Doctor</title>
    <titleShort>501UKISA</titleShort>
    <baseDesc>{PAWN_nameDef} wants to unlock the secret to their peoples genome. {PAWN_nameDef} has spent years healing the sick around him while gathering as much data as possible on his kind and humans to try and determine why Fressalfar aren't being born naturally.</baseDesc>
	<bodyTypeGlobal>Thin</bodyTypeGlobal>
	<maleCommonality>50</maleCommonality>
    <femaleCommonality>50</femaleCommonality>
	<skillGains>
      <Medicine>6</Medicine>
	  <Intellectual>1</Intellectual>
	  <Animals>1</Animals>
    </skillGains>
</AlienRace.AlienBackstoryDef>

<!--■■■■■■■■■■■■■■■■■■■■ MALE/FEMALE BODY TYPE ■■■■■■■■■■■■■■■■■■■■-->

<AlienRace.AlienBackstoryDef ParentName="501UKISABackstoriesAdulthoodBase">
    <defName>501UKISABackstoryNomadMF</defName>
    <title>Nomad</title>
    <titleShort>501UKISA</titleShort>
    <baseDesc>{PAWN_nameDef} spent their time roaming the land searching for fellow companions and learning about the world. They learned how to work with strangers and wild animals to accomplish their goals quickly without settling down for too long.</baseDesc>
	<bodyTypeMale>Male</bodyTypeMale>
    <bodyTypeFemale>Female</bodyTypeFemale>
	<maleCommonality>50</maleCommonality>
    <femaleCommonality>50</femaleCommonality>
	<skillGains>
      <Social>2</Social>
	  <Animals>2</Animals>
	  <Plants>1</Plants>
	  <Shooting>1</Shooting>
    </skillGains>
</AlienRace.AlienBackstoryDef>

<AlienRace.AlienBackstoryDef ParentName="501UKISABackstoriesAdulthoodBase">
    <defName>501UKISABackstoryChefMF</defName>
    <title>Chef</title>
    <titleShort>501UKISA</titleShort>
    <baseDesc>{PAWN_nameDef} spent their time providing food for their colony and experimenting with ingredients to create food that provided the most benefit for the least value of resources.</baseDesc>
	<bodyTypeMale>Male</bodyTypeMale>
    <bodyTypeFemale>Female</bodyTypeFemale>
	<maleCommonality>50</maleCommonality>
    <femaleCommonality>50</femaleCommonality>
	<skillGains>
      <Cooking>3</Cooking>
	  <Plants>2</Plants>
    </skillGains>
</AlienRace.AlienBackstoryDef>

<AlienRace.AlienBackstoryDef ParentName="501UKISABackstoriesAdulthoodBase">
    <defName>501UKISABackstoryMilitiaMF</defName>
    <title>Militia</title>
    <titleShort>501UKISA</titleShort>
    <baseDesc>{PAWN_nameDef} was a colonial guard and spent their time fighting off waves of pirates and wild tribals to protect their fledgling colony.</baseDesc>
	<bodyTypeMale>Male</bodyTypeMale>
    <bodyTypeFemale>Female</bodyTypeFemale>
	<maleCommonality>50</maleCommonality>
    <femaleCommonality>50</femaleCommonality>
	<skillGains>
      <Shooting>2</Shooting>
	  <Melee>1</Melee>
	  <Medicine>2</Medicine>
    </skillGains>
</AlienRace.AlienBackstoryDef>

<AlienRace.AlienBackstoryDef ParentName="501UKISABackstoriesAdulthoodBase">
    <defName>501UKISABackstoryScientistMF</defName>
    <title>Scientist</title>
    <titleShort>501UKISA</titleShort>
    <baseDesc>{PAWN_nameDef} Spent their time researching and experimenting to try and unlock the secrets of their new world and the secrets to their own genome.</baseDesc>
	<bodyTypeMale>Male</bodyTypeMale>
    <bodyTypeFemale>Female</bodyTypeFemale>
	<maleCommonality>50</maleCommonality>
    <femaleCommonality>50</femaleCommonality>
	<skillGains>
      <Intellectual>3</Intellectual>
	  <Medicine>2</Medicine>
    </skillGains>
</AlienRace.AlienBackstoryDef>

<AlienRace.AlienBackstoryDef ParentName="501UKISABackstoriesAdulthoodBase">
    <defName>501UKISABackstoryColonialEngineerMF</defName>
    <title>Colonial Engineer</title>
    <titleShort>501UKISA</titleShort>
    <baseDesc>{PAWN_nameDef} specializes in crafstmanship ranging from producing impenetrable walls or forging swords that would shatter blades of their pirate enemies.</baseDesc>
	<bodyTypeMale>Male</bodyTypeMale>
    <bodyTypeFemale>Female</bodyTypeFemale>
	<maleCommonality>50</maleCommonality>
    <femaleCommonality>50</femaleCommonality>
	<skillGains>
      <Construction>3</Construction>
	  <Crafting>2</Crafting>
	  <Artistic>1</Artistic>
	  <Intellectual>1</Intellectual>
    </skillGains>
</AlienRace.AlienBackstoryDef>

<AlienRace.AlienBackstoryDef ParentName="501UKISABackstoriesAdulthoodBase">
    <defName>501UKISABackstoryGenomeDoctorMF</defName>
    <title>Genome Doctor</title>
    <titleShort>501UKISA</titleShort>
    <baseDesc>{PAWN_nameDef} wants to unlock the secret to their peoples genome. {PAWN_nameDef} has spent years healing the sick around him while gathering as much data as possible on his kind and humans to try and determine why Fressalfar aren't being born naturally.</baseDesc>
	<bodyTypeMale>Male</bodyTypeMale>
    <bodyTypeFemale>Female</bodyTypeFemale>
	<maleCommonality>50</maleCommonality>
    <femaleCommonality>50</femaleCommonality>
	<skillGains>
      <Medicine>6</Medicine>
	  <Intellectual>1</Intellectual>
	  <Animals>1</Animals>
    </skillGains>
</AlienRace.AlienBackstoryDef>

</Defs>