﻿<?xml version="1.0" encoding="utf-8"?>

<Defs>

<AlienRace.AlienBackstoryDef Abstract="True" Name="501UKISABackstoriesChildhoodBase">
	<spawnCategories>
		<li>501_U_Kisalfar_BackstoriesChildhood</li>
	</spawnCategories>
	<slot>Childhood</slot>
</AlienRace.AlienBackstoryDef>

<!--■■■■■■■■■■■■■■■■■■■■ THIN BODY TYPE ■■■■■■■■■■■■■■■■■■■■-->

<AlienRace.AlienBackstoryDef ParentName="501UKISABackstoriesChildhoodBase">
    <defName>501UKISABackstorySlaveThin</defName>
    <title>Slave</title>
    <titleShort>501UKISA</titleShort>
    <baseDesc>{PAWN_nameDef} was the offspring of parents who were captured by pirates when they first crashlanded on their rimworld. They spent their childhood fighting for survival and fulfilling demands of brutal pirates while slowly but surely planning their escape.</baseDesc>
	<bodyTypeGlobal>Thin</bodyTypeGlobal>
	<maleCommonality>50</maleCommonality>
    <femaleCommonality>50</femaleCommonality>
	<skillGains>
      <Mining>2</Mining>
	  <Construction>1</Construction>
	  <Cooking>1</Cooking>
	  <Plants>1</Plants>
    </skillGains>
</AlienRace.AlienBackstoryDef>

<AlienRace.AlienBackstoryDef ParentName="501UKISABackstoriesChildhoodBase">
    <defName>501UKISABackstoryHumanTouchThin</defName>
    <title>Human Touch</title>
    <titleShort>501UKISA</titleShort>
    <baseDesc>{PAWN_nameDef} was one of the first of the 501UKISA to be born naturally on their rimworld. Their parents were aided by human colonists when they first arrived and {PAWN_nameDef} spent most of {PAWN_possessive} childhood learning their ways.</baseDesc>
	<bodyTypeGlobal>Thin</bodyTypeGlobal>
	<maleCommonality>50</maleCommonality>
    <femaleCommonality>50</femaleCommonality>
	<skillGains>
      <Social>2</Social>
	  <Intellectual>1</Intellectual>
	  <Crafting>1</Crafting>
	  <Artistic>1</Artistic>
    </skillGains>
</AlienRace.AlienBackstoryDef>

<AlienRace.AlienBackstoryDef ParentName="501UKISABackstoriesChildhoodBase">
    <defName>501UKISABackstoryWildbornThin</defName>
    <title>Wildborn</title>
    <titleShort>501UKISA</titleShort>
    <baseDesc>{PAWN_nameDef} was born into a fledling nomadic colony and spent most of their childhood sorrounded by wildlife and learning how to become one with the world.</baseDesc>
	<bodyTypeGlobal>Thin</bodyTypeGlobal>
	<maleCommonality>50</maleCommonality>
    <femaleCommonality>50</femaleCommonality>
	<skillGains>
      <Animals>3</Animals>
	  <Plants>2</Plants>
    </skillGains>
</AlienRace.AlienBackstoryDef>

<AlienRace.AlienBackstoryDef ParentName="501UKISABackstoriesChildhoodBase">
    <defName>501UKISABackstoryStudentThin</defName>
    <title>Curious</title>
    <titleShort>501UKISA</titleShort>
    <baseDesc>{PAWN_nameDef} was born on rimworld. Growing up in a well established colony with strong security and understanding of their new world {PAWN_nameDef} was able to spend most of their time learning from the elders.</baseDesc>
	<bodyTypeGlobal>Thin</bodyTypeGlobal>
	<maleCommonality>50</maleCommonality>
    <femaleCommonality>50</femaleCommonality>
	<skillGains>
      <Intellectual>3</Intellectual>
	  <Medicine>2</Medicine>
    </skillGains>
</AlienRace.AlienBackstoryDef>

<AlienRace.AlienBackstoryDef ParentName="501UKISABackstoriesChildhoodBase">
    <defName>501UKISABackstoryWArtisticornThin</defName>
    <title>War Torn</title>
    <titleShort>501UKISA</titleShort>
    <baseDesc>{PAWN_nameDef} was born during a dark war torn time before their colony was strong enough to suffeciently defeat their enemies.</baseDesc>
	<bodyTypeGlobal>Thin</bodyTypeGlobal>
	<maleCommonality>50</maleCommonality>
    <femaleCommonality>50</femaleCommonality>
	<skillGains>
      <Shooting>3</Shooting>
	  <Melee>1</Melee>
    </skillGains>
</AlienRace.AlienBackstoryDef>

<AlienRace.AlienBackstoryDef ParentName="501UKISABackstoriesChildhoodBase">
    <defName>501UKISABackstoryThrivingColonyThin</defName>
    <title>Thriving Colony</title>
    <titleShort>501UKISA</titleShort>
    <baseDesc>{PAWN_nameDef} was born on rimworld. {PAWN_pronoun} has spent {PAWN_possessive} childhood learning from parents how to build and maintain a thriving colony.</baseDesc>
	<bodyTypeGlobal>Thin</bodyTypeGlobal>
	<maleCommonality>50</maleCommonality>
    <femaleCommonality>50</femaleCommonality>
	<skillGains>
      <Construction>2</Construction>
	  <Crafting>2</Crafting>
	  <Artistic>2</Artistic>
    </skillGains>
</AlienRace.AlienBackstoryDef>

<!--■■■■■■■■■■■■■■■■■■■■ MALE/FEMALE BODY TYPE ■■■■■■■■■■■■■■■■■■■■-->

<AlienRace.AlienBackstoryDef ParentName="501UKISABackstoriesChildhoodBase">
    <defName>501UKISABackstorySlaveMF</defName>
    <title>Slave</title>
    <titleShort>501UKISA</titleShort>
    <baseDesc>{PAWN_nameDef} was the offspring of parents who were captured by pirates when they first crashlanded on their rimworld. They spent their childhood fighting for survival and fulfilling demands of brutal pirates while slowly but surely planning their escape.</baseDesc>
	<bodyTypeMale>Male</bodyTypeMale>
    <bodyTypeFemale>Female</bodyTypeFemale>
	<maleCommonality>50</maleCommonality>
    <femaleCommonality>50</femaleCommonality>
	<skillGains>
      <Mining>2</Mining>
	  <Construction>1</Construction>
	  <Cooking>1</Cooking>
	  <Plants>1</Plants>
    </skillGains>
</AlienRace.AlienBackstoryDef>

<AlienRace.AlienBackstoryDef ParentName="501UKISABackstoriesChildhoodBase">
    <defName>501UKISABackstoryHumanTouchMF</defName>
    <title>Human Touch</title>
    <titleShort>501UKISA</titleShort>
    <baseDesc>{PAWN_nameDef} was one of the first of the 501UKISA to be born naturally on their rimworld. Their parents were aided by human colonists when they first arrived and {PAWN_nameDef} spent most of {PAWN_possessive} childhood learning their ways.</baseDesc>
	<bodyTypeMale>Male</bodyTypeMale>
    <bodyTypeFemale>Female</bodyTypeFemale>
	<maleCommonality>50</maleCommonality>
    <femaleCommonality>50</femaleCommonality>
	<skillGains>
      <Social>2</Social>
	  <Intellectual>1</Intellectual>
	  <Crafting>1</Crafting>
	  <Artistic>1</Artistic>
    </skillGains>
</AlienRace.AlienBackstoryDef>

<AlienRace.AlienBackstoryDef ParentName="501UKISABackstoriesChildhoodBase">
    <defName>501UKISABackstoryWildbornMF</defName>
    <title>Wildborn</title>
    <titleShort>501UKISA</titleShort>
    <baseDesc>{PAWN_nameDef} was born into a fledling nomadic colony and spent most of their childhood sorrounded by wildlife and learning how to become one with the world.</baseDesc>
	<bodyTypeMale>Male</bodyTypeMale>
    <bodyTypeFemale>Female</bodyTypeFemale>
	<maleCommonality>50</maleCommonality>
    <femaleCommonality>50</femaleCommonality>
	<skillGains>
      <Animals>3</Animals>
	  <Plants>2</Plants>
    </skillGains>
</AlienRace.AlienBackstoryDef>

<AlienRace.AlienBackstoryDef ParentName="501UKISABackstoriesChildhoodBase">
    <defName>501UKISABackstoryStudentMF</defName>
    <title>Curious</title>
    <titleShort>501UKISA</titleShort>
    <baseDesc>{PAWN_nameDef} was born on rimworld. Growing up in a well established colony with strong security and understanding of their new world {PAWN_nameDef} was able to spend most of their time learning from the elders.</baseDesc>
	<bodyTypeMale>Male</bodyTypeMale>
    <bodyTypeFemale>Female</bodyTypeFemale>
	<maleCommonality>50</maleCommonality>
    <femaleCommonality>50</femaleCommonality>
	<skillGains>
      <Intellectual>3</Intellectual>
	  <Medicine>2</Medicine>
    </skillGains>
</AlienRace.AlienBackstoryDef>

<AlienRace.AlienBackstoryDef ParentName="501UKISABackstoriesChildhoodBase">
    <defName>501UKISABackstoryWArtisticornMF</defName>
    <title>War Torn</title>
    <titleShort>501UKISA</titleShort>
    <baseDesc>{PAWN_nameDef} was born during a dark war torn time before their colony was strong enough to suffeciently defeat their enemies.</baseDesc>
	<bodyTypeMale>Male</bodyTypeMale>
    <bodyTypeFemale>Female</bodyTypeFemale>
	<maleCommonality>50</maleCommonality>
    <femaleCommonality>50</femaleCommonality>
	<skillGains>
      <Shooting>3</Shooting>
	  <Melee>1</Melee>
    </skillGains>
</AlienRace.AlienBackstoryDef>

<AlienRace.AlienBackstoryDef ParentName="501UKISABackstoriesChildhoodBase">
    <defName>501UKISABackstoryThrivingColonyMF</defName>
    <title>Thriving Colony</title>
    <titleShort>501UKISA</titleShort>
    <baseDesc>{PAWN_nameDef} was born on rimworld. {PAWN_pronoun} has spent {PAWN_possessive} childhood learning from parents how to build and maintain a thriving colony.</baseDesc>
	<bodyTypeMale>Male</bodyTypeMale>
    <bodyTypeFemale>Female</bodyTypeFemale>
	<maleCommonality>50</maleCommonality>
    <femaleCommonality>50</femaleCommonality>
	<skillGains>
      <Construction>2</Construction>
	  <Crafting>2</Crafting>
	  <Artistic>2</Artistic>
    </skillGains>
</AlienRace.AlienBackstoryDef>
</Defs>