﻿<?xml version="1.0" encoding="utf-8"?>

<Defs> 

<AlienRace.AlienBackstoryDef Abstract="True" Name="502UEEVBackstoriesAdulthoodBase">
	<spawnCategories>
		<li>502_U_Eeveelutions_BackstoriesAdulthood</li>
	</spawnCategories>
	<slot>Adulthood</slot>
</AlienRace.AlienBackstoryDef>

<AlienRace.AlienBackstoryDef ParentName="502UEEVBackstoriesAdulthoodBase">
    <defName>502UEEVBackstoryDomesticScientist</defName>
    <title>Domestic Scientist</title>
    <titleShort>Scientist</titleShort>
    <baseDesc>The owner of {PAWN_nameDef} was a highly educated person. He taught {PAWN_nameDef} various subjects in their spare time.</baseDesc>
	<skillGains>
      <Medicine>3</Medicine>
	  <Intellectual>5</Intellectual>
    </skillGains>
</AlienRace.AlienBackstoryDef>

<AlienRace.AlienBackstoryDef ParentName="502UEEVBackstoriesAdulthoodBase">
    <defName>502UEEVBackstoryDomesticChef</defName>
    <title>Domestic Chef</title>
    <titleShort>Chef</titleShort>
    <baseDesc>{PAWN_nameDef} was a personal chef for {PAWN_possessive} owner's family. {PAWN_pronoun} has mastered art of the cooking and is able to make perfect meals using the simplest ingredients.</baseDesc>
	<skillGains>
      <Cooking>8</Cooking>
    </skillGains>
</AlienRace.AlienBackstoryDef>

<AlienRace.AlienBackstoryDef ParentName="502UEEVBackstoriesAdulthoodBase">
    <defName>502UEEVBackstoryDomesticJade</defName>
    <title>Domestic Jade</title>
    <titleShort>Jade</titleShort>
    <baseDesc>{PAWN_nameDef} was used by {PAWN_possessive} owners mostly for sexual purposes.</baseDesc>
	<maleCommonality>0</maleCommonality>
    <femaleCommonality>100</femaleCommonality>
	<skillGains>
      <Social>3</Social>
	  <Artistic>3</Artistic>
	  <Melee>1</Melee>
    </skillGains>
</AlienRace.AlienBackstoryDef>

<AlienRace.AlienBackstoryDef ParentName="502UEEVBackstoriesAdulthoodBase">
    <defName>502UEEVBackstoryDomesticSinger</defName>
    <title>Domestic Singer</title>
    <titleShort>Singer</titleShort>
    <baseDesc>{PAWN_nameDef} was a personal singer for {PAWN_possessive} owner. Every evening {PAWN_nameDef} pleased {PAWN_possessive} owner with charming songs.</baseDesc>
	<skillGains>
      <Social>3</Social>
	  <Artistic>5</Artistic>
    </skillGains>
</AlienRace.AlienBackstoryDef>

<AlienRace.AlienBackstoryDef ParentName="502UEEVBackstoriesAdulthoodBase">
    <defName>502UEEVBackstoryGlitterworldStar</defName>
    <title>Glitterworld star</title>
    <titleShort>Celebrity</titleShort>
    <baseDesc>{PAWN_nameDef} was a popular celebrity at one of the glitterworlds. {PAWN_pronoun} has often visited various shows, holidays and photosessions.</baseDesc>
	<skillGains>
      <Social>2</Social>
	  <Artistic>10</Artistic>
    </skillGains>
</AlienRace.AlienBackstoryDef>

<AlienRace.AlienBackstoryDef ParentName="502UEEVBackstoriesAdulthoodBase">
    <defName>502UEEVBackstoryGlitterworldScientist</defName>
    <title>Glitterworld Scientist</title>
    <titleShort>Scientist</titleShort>
    <baseDesc>{PAWN_nameDef} became a professional scientist despite {PAWN_possessive} species being servitor. {PAWN_possessive} vast knowledge combined with high intellect allowed {PAWN_objective} to develop almost anything from scratch.</baseDesc>
	<skillGains>
      <Medicine>3</Medicine>
	  <Intellectual>5</Intellectual>
    </skillGains>
</AlienRace.AlienBackstoryDef>

<AlienRace.AlienBackstoryDef ParentName="502UEEVBackstoriesAdulthoodBase">
    <defName>502UEEVBackstoryRebel</defName>
    <title>Rebel</title>
    <titleShort>Rebel</titleShort>
    <baseDesc>{PAWN_nameDef} participated in revolts at a distant industrial world and managed to escape.</baseDesc>
	<skillGains>
      <Melee>5</Melee>
	  <Shooting>5</Shooting>
    </skillGains>
</AlienRace.AlienBackstoryDef>

<AlienRace.AlienBackstoryDef ParentName="502UEEVBackstoriesAdulthoodBase">
    <defName>502UEEVBackstoryGunMerchant</defName>
    <title>Gun merchant</title>
    <titleShort>Merchant</titleShort>
    <baseDesc>{PAWN_nameDef} was a successful gun merchant in the past. {PAWN_pronoun} knows everything about big guns and shooting.</baseDesc>
	<skillGains>
	  <Shooting>7</Shooting>
	  <Crafting>5</Crafting>
	  <Social>3</Social>
    </skillGains>
</AlienRace.AlienBackstoryDef>

<AlienRace.AlienBackstoryDef ParentName="502UEEVBackstoriesAdulthoodBase">
    <defName>502UEEVBackstoryDomesticBartender</defName>
    <title>Domestic Bartender</title>
    <titleShort>Bartender</titleShort>
    <baseDesc>{PAWN_nameDef} was a domestic bartender in past. {PAWN_pronoun} knows a lot about drinks and what to do in cases of poisoning and overdose.</baseDesc>
	<skillGains>
	  <Cooking>5</Cooking>
	  <Medicine>3</Medicine>
	  <Social>3</Social>
    </skillGains>
</AlienRace.AlienBackstoryDef>

<AlienRace.AlienBackstoryDef ParentName="502UEEVBackstoriesAdulthoodBase">
    <defName>502UEEVBackstoryBestFriend</defName>
    <title>Best Friend</title>
    <titleShort>Social</titleShort>
    <baseDesc>{PAWN_nameDef} was the best friend for {PAWN_possessive} owner. {PAWN_pronoun} was the only thing that kept owner happy...</baseDesc>
	<skillGains>
	  <Social>3</Social>
    </skillGains>
</AlienRace.AlienBackstoryDef>

<AlienRace.AlienBackstoryDef ParentName="502UEEVBackstoriesAdulthoodBase">
    <defName>502UEEVBackstoryBookWorm</defName>
    <title>Book Worm</title>
    <titleShort>Smarty</titleShort>
    <baseDesc>{PAWN_nameDef}'s owner had a vast library with all kinds of books and digital archives. {PAWN_pronoun} had visited library and fulfiled {PAWN_possessive} curiosity in secret each night...</baseDesc>
	<skillGains>
	  <Intellectual>5</Intellectual>
	  <Artistic>1</Artistic>
	  <Social>1</Social>
	  <Cooking>1</Cooking>
	  <Crafting>1</Crafting>
	  <Medicine>1</Medicine>
	  <Plants>1</Plants>
	  <Animals>1</Animals>
    </skillGains>
</AlienRace.AlienBackstoryDef>

<AlienRace.AlienBackstoryDef ParentName="502UEEVBackstoriesAdulthoodBase">
    <defName>502UEEVBackstoryDomesticGardener</defName>
    <title>Domestic Gardener</title>
    <titleShort>Gardener</titleShort>
    <baseDesc>{PAWN_nameDef} was a domestic gardener. {PAWN_pronoun} knows a lot about plants and gardering.</baseDesc>
	<skillGains>
	  <Plants>5</Plants>
    </skillGains>
</AlienRace.AlienBackstoryDef>

<AlienRace.AlienBackstoryDef ParentName="502UEEVBackstoriesAdulthoodBase">
    <defName>502UEEVBackstoryRimworlder</defName>
    <title>Rimworlder</title>
    <titleShort>Vulpian</titleShort>
    <baseDesc>{PAWN_nameDef} had spent an entire life on a rimworld. {PAWN_pronoun} learned skills that are necessary for survival in such a harsh place.</baseDesc>
	<skillGains>
	  <Plants>3</Plants>
	  <Medicine>3</Medicine>
	  <Mining>3</Mining>
	  <Construction>3</Construction>
    </skillGains>
</AlienRace.AlienBackstoryDef>

<AlienRace.AlienBackstoryDef ParentName="502UEEVBackstoriesAdulthoodBase">
    <defName>502UEEVBackstoryApathetic</defName>
    <title>Apathetic</title>
    <titleShort>Vulpian</titleShort>
    <baseDesc>{PAWN_nameDef} does not like to talk much. Sometimes {PAWN_pronoun} stays silent for weeks.  Nobody knows why. Honestly, {PAWN_pronoun} prefers to spend free time with animals.</baseDesc>
	<skillGains>
	  <Animals>8</Animals>
    </skillGains>
	<workDisables>
        <li>Social</li>
    </workDisables>
</AlienRace.AlienBackstoryDef>

</Defs>