<?xml version="1.0" encoding="utf-8" ?>

<!-- To prevent goddamn empire from being AnGeRy at poor you for no reason-->
<Patch>
    <Operation Class="PatchOperationFindMod">
        <mods>
            <li>Royalty</li>
        </mods>
        <match Class="PatchOperationAdd">
            <xpath>/Defs/FactionDef[defName = "Empire"]/permanentEnemyToEveryoneExcept</xpath>
            <value>
                <li>PlayerGardevoirTribal</li>
				<li>PlayerGardevoirTribalNoTech</li>
				<li>PlayerGardevoirIndustrial</li>
				<li>PlayerGardevoirIndustrialNoTech</li>
            </value>
        </match>
    </Operation>
</Patch>