﻿<?xml version="1.0" encoding="utf-8" ?>
<Defs>
<FactionDef ParentName="FactionBase" Abstract="True" Name="JolteonFactionBase">
    <settlementTexturePath>World/WorldObjects/JolteonBase</settlementTexturePath>
    <colorSpectrum>
      <li>(0.95,0.64,0.38)</li>
    </colorSpectrum>
  </FactionDef>
  
	<!--TRIBAL FACTION-->
  <FactionDef ParentName="JolteonFactionBase">
    <defName>PlayerJolteonTribal</defName>
    <label>Jolteon Tribe</label>
    <description>Jolteon tribe</description>
    <isPlayer>true</isPlayer>
    <pawnSingular>Jolteon</pawnSingular>
    <pawnsPlural>Jolteon</pawnsPlural>
    <basicMemberKind>JolteonTribalPawn</basicMemberKind>
    <techLevel>Neolithic</techLevel>
    <backstoryFilters>
      <li>
        <categories>
          <li>Tribal</li>
        </categories>
      </li>
    </backstoryFilters>
    <factionIconPath>World/WorldObjects/Jolteon_Faction</factionIconPath>
    <settlementTexturePath>World/WorldObjects/Jolteon_Base</settlementTexturePath>
    <playerInitialSettlementNameMaker>NamerInitialSettlementColony</playerInitialSettlementNameMaker>
    <factionNameMaker>NamerFactionTribal</factionNameMaker>
    <settlementNameMaker>NamerSettlementTribal</settlementNameMaker>
	<allowedCultures>
      <li>Corunan</li>
    </allowedCultures>
    <startingResearchTags>
      <li>TribalStart</li>
    </startingResearchTags>
    <startingTechprintsResearchTags>
      <li>TribalStart</li>
      <li>TribalStartTechprints</li>
    </startingTechprintsResearchTags>
    <apparelStuffFilter>
      <thingDefs>
        <li>DevilstrandCloth</li>
      </thingDefs>
    </apparelStuffFilter>
    <recipePrerequisiteTags>
      <li>Tribal</li>
    </recipePrerequisiteTags>
    </FactionDef>
	
	<!--TRIBAL FACTION (NO TECH AT START)-->
	<FactionDef ParentName="JolteonFactionBase">
    <defName>PlayerJolteonTribalNoTech</defName>
    <label>Jolteon Tribe (No tech)</label>
    <description>Jolteon tribe</description>
    <isPlayer>true</isPlayer>
    <pawnSingular>Jolteon</pawnSingular>
    <pawnsPlural>Jolteon</pawnsPlural>
    <basicMemberKind>JolteonTribalPawn</basicMemberKind>
    <techLevel>Neolithic</techLevel>
    <backstoryFilters>
      <li>
        <categories>
          <li>Tribal</li>
        </categories>
      </li>
    </backstoryFilters>
    <factionIconPath>World/WorldObjects/Jolteon_Faction</factionIconPath>
    <settlementTexturePath>World/WorldObjects/Jolteon_Base</settlementTexturePath>
    <playerInitialSettlementNameMaker>NamerInitialSettlementColony</playerInitialSettlementNameMaker>
    <factionNameMaker>NamerFactionTribal</factionNameMaker>
    <settlementNameMaker>NamerSettlementTribal</settlementNameMaker>
	<allowedCultures>
      <li>Corunan</li>
    </allowedCultures>
    <startingResearchTags>
      <li>TribalStart</li>
    </startingResearchTags>
    <startingTechprintsResearchTags>
      <li>TribalStart</li>
      <li>TribalStartTechprints</li>
    </startingTechprintsResearchTags>
    <apparelStuffFilter>
      <thingDefs>
        <li>DevilstrandCloth</li>
      </thingDefs>
    </apparelStuffFilter>
    <recipePrerequisiteTags>
      <li>Tribal</li>
    </recipePrerequisiteTags>
    </FactionDef>
	
	<!--INDUSTRIAL FACTION-->
	<FactionDef ParentName="JolteonFactionBase">
    <defName>PlayerJolteonIndustrial</defName>
    <label>Jolteon Colony</label>
    <description>Jolteon Colony</description>
    <isPlayer>true</isPlayer>
    <pawnSingular>Jolteon</pawnSingular>
    <pawnsPlural>Jolteon</pawnsPlural>
    <basicMemberKind>JolteonIndustrialPawn</basicMemberKind>
    <techLevel>Industrial</techLevel>
    <backstoryFilters>
      <li>
        <categories>
          <li>Offworld</li>
        </categories>
      </li>
    </backstoryFilters>
    <factionIconPath>World/WorldObjects/Jolteon_Faction</factionIconPath>
    <settlementTexturePath>World/WorldObjects/Jolteon_Base</settlementTexturePath>
    <playerInitialSettlementNameMaker>NamerInitialSettlementColony</playerInitialSettlementNameMaker>
    <factionNameMaker>NamerFactionTribal</factionNameMaker>
    <settlementNameMaker>NamerSettlementTribal</settlementNameMaker>
    <allowedCultures><li>Astropolitan</li></allowedCultures>
    <startingResearchTags>
      <li>ClassicStart</li>
    </startingResearchTags>
    <startingTechprintsResearchTags>
      <li>ClassicStart</li>
      <li>ClassicStartTechprints</li>
    </startingTechprintsResearchTags>
    <apparelStuffFilter>
      <thingDefs>
			<li>Synthread</li>
			<li>Hyperweave</li>
			<li>Plasteel</li>
      </thingDefs>
    </apparelStuffFilter>
    <recipePrerequisiteTags>
      <li>Industrial</li>
    </recipePrerequisiteTags>
    </FactionDef>
	
	<!--INDUSTRIAL FACTION (NO TECH AT START)-->
	<FactionDef ParentName="JolteonFactionBase">
    <defName>PlayerJolteonIndustrialNoTech</defName>
    <label>Jolteon Colony (No tech)</label>
    <description>Jolteon colony</description>
    <isPlayer>true</isPlayer>
    <pawnSingular>Jolteon</pawnSingular>
    <pawnsPlural>Jolteon</pawnsPlural>
    <basicMemberKind>JolteonIndustrialPawn</basicMemberKind>
    <techLevel>Industrial</techLevel>
    <backstoryFilters>
      <li>
        <categories>
          <li>Offworld</li>
        </categories>
      </li>
    </backstoryFilters>
    <factionIconPath>World/WorldObjects/Jolteon_Faction</factionIconPath>
    <settlementTexturePath>World/WorldObjects/Jolteon_Base</settlementTexturePath>
    <playerInitialSettlementNameMaker>NamerInitialSettlementColony</playerInitialSettlementNameMaker>
    <factionNameMaker>NamerFactionOutlander</factionNameMaker>
    <settlementNameMaker>NamerSettlementOutlander</settlementNameMaker>
    <allowedCultures><li>Astropolitan</li></allowedCultures>

    <apparelStuffFilter>
      <thingDefs>
			<li>Synthread</li>
			<li>Hyperweave</li>
			<li>Plasteel</li>				
      </thingDefs>
    </apparelStuffFilter>
    <recipePrerequisiteTags>
      <li>Industrial</li>
    </recipePrerequisiteTags>
    </FactionDef>
</Defs>