<?xml version="1.0" encoding="utf-8" ?>
<!-- These patches adds Gardevoir PawnKinds to all base game encounters, 
	 with 20% of the weighting of the equivalent Human PawnKinds -->

<Patch>
	<!-- Pirates -->
	<!-- Pirate raid 1; 100 commonality, ranged with melee mix-ins -->
	<Operation Class="PatchOperationAdd">
	<xpath>*/FactionDef[defName="Pirate"]/pawnGroupMakers/li[1]/options</xpath>
	<value>
        <Gardevoir_Drifter>2</Gardevoir_Drifter>
		<Gardevoir_Thrasher>0.6</Gardevoir_Thrasher>
        <Gardevoir_Scavenger>2</Gardevoir_Scavenger>
        <Gardevoir_Pirate>2</Gardevoir_Pirate>
        <Gardevoir_Grenadier_EMP>0.1</Gardevoir_Grenadier_EMP>
        <Gardevoir_Grenadier_Destructive>0.4</Gardevoir_Grenadier_Destructive>
        <Gardevoir_Mercenary_Gunner>2</Gardevoir_Mercenary_Gunner>
        <Gardevoir_Mercenary_Heavy>1.2</Gardevoir_Mercenary_Heavy>
        <Gardevoir_Mercenary_Slasher>0.6</Gardevoir_Mercenary_Slasher>
        <Gardevoir_Mercenary_Sniper>1.4</Gardevoir_Mercenary_Sniper>
        <Gardevoir_Mercenary_Elite>2</Gardevoir_Mercenary_Elite>
        <Gardevoir_PirateBoss>1</Gardevoir_PirateBoss>
	</value>
	</Operation>

	<!-- Pirate raid 2; 30 commonality, melee only -->
	<Operation Class="PatchOperationAdd">
	<xpath>*/FactionDef[defName="Pirate"]/pawnGroupMakers/li[2]/options</xpath>
	<value>
        <Gardevoir_Thrasher>2</Gardevoir_Thrasher>
        <Gardevoir_Mercenary_Slasher>2</Gardevoir_Mercenary_Slasher>
        <Gardevoir_PirateBoss>1</Gardevoir_PirateBoss>
	</value>
	</Operation>

	<!-- Pirate raid 3; 20 commonality, ranged only -->
	<Operation Class="PatchOperationAdd">
	<xpath>*/FactionDef[defName="Pirate"]/pawnGroupMakers/li[3]/options</xpath>
	<value>
		<Gardevoir_Scavenger>2.0</Gardevoir_Scavenger>
		<Gardevoir_Pirate>2.0</Gardevoir_Pirate>
		<Gardevoir_Grenadier_EMP>0.05</Gardevoir_Grenadier_EMP>
		<Gardevoir_Grenadier_Smoke>0.05</Gardevoir_Grenadier_Smoke>
		<Gardevoir_Grenadier_Destructive>0.4</Gardevoir_Grenadier_Destructive>
		<Gardevoir_Mercenary_Gunner>2.0</Gardevoir_Mercenary_Gunner>
		<Gardevoir_Mercenary_Heavy>1.2</Gardevoir_Mercenary_Heavy>
		<Gardevoir_Mercenary_Sniper>1.4</Gardevoir_Mercenary_Sniper>
		<Gardevoir_Mercenary_Elite>2.0</Gardevoir_Mercenary_Elite>
		<Gardevoir_PirateBoss>1.0</Gardevoir_PirateBoss>
	</value>
	</Operation>

	<!-- Pirate raid 4; 15 commonality, explosives with ranged mix-ins -->
	<Operation Class="PatchOperationAdd">
	<xpath>*/FactionDef[defName="Pirate"]/pawnGroupMakers/li[4]/options</xpath>
	<value>
        <Gardevoir_Grenadier_EMP>0.2</Gardevoir_Grenadier_EMP>
        <Gardevoir_Grenadier_Destructive>2</Gardevoir_Grenadier_Destructive>
        <Gardevoir_Mercenary_Gunner>0.2</Gardevoir_Mercenary_Gunner>
        <Gardevoir_Mercenary_Heavy>2</Gardevoir_Mercenary_Heavy>
        <Gardevoir_Mercenary_Elite>0.2</Gardevoir_Mercenary_Elite>
        <Gardevoir_PirateBoss>0.2</Gardevoir_PirateBoss>
	</value>
	</Operation>

	<!-- Pirate raid 5; 10 commonality, snipers only -->
	<Operation Class="PatchOperationAdd">
	<xpath>*/FactionDef[defName="Pirate"]/pawnGroupMakers/li[5]/options</xpath>
	<value>
        <Gardevoir_Mercenary_Sniper>2</Gardevoir_Mercenary_Sniper>
	</value>
	</Operation>

	<!-- Pirate raid 6; 2.5 commonality, drifters only -->
	<Operation Class="PatchOperationAdd">
	<xpath>*/FactionDef[defName="Pirate"]/pawnGroupMakers/li[6]/options</xpath>
	<value>
        <Gardevoir_Drifter>2</Gardevoir_Drifter>
	</value>
	</Operation>

	<!-- Pirate Settlement; mainly ranged with melee mix-ins -->
	<Operation Class="PatchOperationAdd">
	<xpath>*/FactionDef[defName="Pirate"]/pawnGroupMakers/li[7]/options</xpath>
	<value>
        <Gardevoir_Thrasher>0.6</Gardevoir_Thrasher>
        <Gardevoir_Pirate>2</Gardevoir_Pirate>
        <Gardevoir_Grenadier_Destructive>0.4</Gardevoir_Grenadier_Destructive>
		<Gardevoir_Mercenary_Slasher>0.6</Gardevoir_Mercenary_Slasher>
		<Gardevoir_Mercenary_Sniper>2</Gardevoir_Mercenary_Sniper>
		<Gardevoir_Mercenary_Gunner>2</Gardevoir_Mercenary_Gunner>
		<Gardevoir_Mercenary_Elite>2</Gardevoir_Mercenary_Elite>
        <Gardevoir_PirateBoss>2</Gardevoir_PirateBoss>
	</value>
	</Operation>
	
	<!-- Outlander -->
	<!-- Outlander Raid; standard mix -->
	<Operation Class="PatchOperationAdd">
	<xpath>*/FactionDef[@Name="OutlanderFactionBase"]/pawnGroupMakers/li[1]/options</xpath>
	<value>
        <Gardevoir_Villager>1</Gardevoir_Villager>
        <Gardevoir_Town_Guard>2</Gardevoir_Town_Guard>
        <Gardevoir_Grenadier_Destructive>0.3</Gardevoir_Grenadier_Destructive>
		<Gardevoir_Mercenary_Slasher>1.4</Gardevoir_Mercenary_Slasher>
		<Gardevoir_Mercenary_Gunner>2</Gardevoir_Mercenary_Gunner>
		<Gardevoir_Mercenary_Elite>2</Gardevoir_Mercenary_Elite>
        <Gardevoir_Town_Councilman>2</Gardevoir_Town_Councilman>
	</value>
	</Operation>
	
	<!-- Outlander Peaceful -->
	<Operation Class="PatchOperationAdd">
	<xpath>*/FactionDef[@Name="OutlanderFactionBase"]/pawnGroupMakers/li[2]/options</xpath>
	<value>
        <Gardevoir_Villager>4</Gardevoir_Villager>
        <Gardevoir_Town_Guard>2</Gardevoir_Town_Guard>
        <Gardevoir_Town_Councilman>2</Gardevoir_Town_Councilman>
	</value>
	</Operation>

	<!-- Outlander Traders -->
	<Operation Class="PatchOperationAdd">
	<xpath>*/FactionDef[@Name="OutlanderFactionBase"]/pawnGroupMakers/li[3]/guards</xpath>
	<value>
        <Gardevoir_Villager>0.6</Gardevoir_Villager>
        <Gardevoir_Town_Guard>2</Gardevoir_Town_Guard>
        <Gardevoir_Grenadier_Destructive>0.3</Gardevoir_Grenadier_Destructive>
        <Gardevoir_Mercenary_Slasher>1.4</Gardevoir_Mercenary_Slasher>
        <Gardevoir_Mercenary_Gunner>2</Gardevoir_Mercenary_Gunner>
		<Gardevoir_Mercenary_Elite>2</Gardevoir_Mercenary_Elite>
	</value>
	</Operation>

	<Operation Class="PatchOperationAdd">
	<xpath>*/FactionDef[@Name="OutlanderFactionBase"]/pawnGroupMakers/li[3]/traders</xpath>
	<value>
        <Gardevoir_Town_Trader>0.2</Gardevoir_Town_Trader>
	</value>
	</Operation>

	<Operation Class="PatchOperationAdd">
	<xpath>*/FactionDef[@Name="OutlanderFactionBase"]/pawnGroupMakers/li[4]/options</xpath>
	<value>
		<Gardevoir_Villager>2</Gardevoir_Villager>
        <Gardevoir_Town_Guard>2</Gardevoir_Town_Guard>
        <Gardevoir_Grenadier_Destructive>0.3</Gardevoir_Grenadier_Destructive>
		<Gardevoir_Mercenary_Slasher>1.4</Gardevoir_Mercenary_Slasher>
        <Gardevoir_Mercenary_Gunner>2</Gardevoir_Mercenary_Gunner>
        <Gardevoir_Mercenary_Elite>2</Gardevoir_Mercenary_Elite>
        <Gardevoir_Town_Councilman>2</Gardevoir_Town_Councilman>
	</value>
	</Operation>

	<!-- Villager -->
	<!-- Villager Raid 1; 100 commonality, ranged with melee mix-ins -->
	<Operation Class="PatchOperationAdd">
	<xpath>*/FactionDef[@Name="TribeBase"]/pawnGroupMakers/li[1]/options</xpath>
	<value>
        <Gardevoir_Tribal_Penitent>1</Gardevoir_Tribal_Penitent>
        <Gardevoir_Tribal_Warrior>1</Gardevoir_Tribal_Warrior>
        <Gardevoir_Tribal_Archer>2</Gardevoir_Tribal_Archer>
        <Gardevoir_Tribal_Hunter>2</Gardevoir_Tribal_Hunter>
        <Gardevoir_Tribal_HeavyArcher>2</Gardevoir_Tribal_HeavyArcher>
        <Gardevoir_Tribal_Berserker>1</Gardevoir_Tribal_Berserker>
        <Gardevoir_Tribal_ChiefRanged>0.6</Gardevoir_Tribal_ChiefRanged>
        <Gardevoir_Tribal_ChiefMelee>0.3</Gardevoir_Tribal_ChiefMelee>
	</value>
	</Operation>

	<!-- Villager Raid 2; 60 commonality, ranged only -->
	<Operation Class="PatchOperationAdd">
	<xpath>*/FactionDef[@Name="TribeBase"]/pawnGroupMakers/li[2]/options</xpath>
	<value>
        <Gardevoir_Tribal_Archer>2</Gardevoir_Tribal_Archer>
        <Gardevoir_Tribal_Hunter>2</Gardevoir_Tribal_Hunter>
        <Gardevoir_Tribal_HeavyArcher>2</Gardevoir_Tribal_HeavyArcher>
        <Gardevoir_Tribal_ChiefRanged>1</Gardevoir_Tribal_ChiefRanged>
	</value>
	</Operation>

	<!-- Villager Raid 3; 60 commonality, melee only -->
	<Operation Class="PatchOperationAdd">
	<xpath>*/FactionDef[@Name="TribeBase"]/pawnGroupMakers/li[3]/options</xpath>
	<value>
        <Gardevoir_Tribal_Penitent>2</Gardevoir_Tribal_Penitent>
        <Gardevoir_Tribal_Warrior>2</Gardevoir_Tribal_Warrior>
        <Gardevoir_Tribal_Berserker>2</Gardevoir_Tribal_Berserker>
        <Gardevoir_Tribal_ChiefMelee>1</Gardevoir_Tribal_ChiefMelee>
	</value>
	</Operation>

	<!-- Villager Peaceful -->
	<Operation Class="PatchOperationAdd">
	<xpath>*/FactionDef[@Name="TribeBase"]/pawnGroupMakers/li[5]/options</xpath>
	<value>
        <Gardevoir_Tribal_Warrior>4</Gardevoir_Tribal_Warrior>
        <Gardevoir_Tribal_Archer>2</Gardevoir_Tribal_Archer>
        <Gardevoir_Tribal_Hunter>2</Gardevoir_Tribal_Hunter>
        <Gardevoir_Tribal_HeavyArcher>2</Gardevoir_Tribal_HeavyArcher>
        <Gardevoir_Tribal_Berserker>1</Gardevoir_Tribal_Berserker>
        <Gardevoir_Tribal_ChiefRanged>0.6</Gardevoir_Tribal_ChiefRanged>
        <Gardevoir_Tribal_ChiefMelee>0.3</Gardevoir_Tribal_ChiefMelee>
	</value>
	</Operation>

	<!-- Villager Traders -->
	<Operation Class="PatchOperationAdd">
	<xpath>*/FactionDef[@Name="TribeBase"]/pawnGroupMakers/li[6]/guards</xpath>
	<value>
        <Gardevoir_Tribal_Warrior>1.4</Gardevoir_Tribal_Warrior>
        <Gardevoir_Tribal_Archer>2</Gardevoir_Tribal_Archer>
        <Gardevoir_Tribal_Hunter>2</Gardevoir_Tribal_Hunter>
        <Gardevoir_Tribal_HeavyArcher>2</Gardevoir_Tribal_HeavyArcher>
        <Gardevoir_Tribal_Berserker>1.4</Gardevoir_Tribal_Berserker>
	</value>
	</Operation>

	<Operation Class="PatchOperationAdd">
	<xpath>*/FactionDef[@Name="TribeBase"]/pawnGroupMakers/li[6]/traders</xpath>
	<value>
        <Gardevoir_Tribal_Trader>0.2</Gardevoir_Tribal_Trader>
	</value>
	</Operation>

	<!-- Settlement -->

	<Operation Class="PatchOperationAdd">
	<xpath>*/FactionDef[@Name="TribeBase"]/pawnGroupMakers/li[7]/options</xpath>
	<value>
          <Gardevoir_Tribal_Warrior>1.4</Gardevoir_Tribal_Warrior>
          <Gardevoir_Tribal_Archer>2</Gardevoir_Tribal_Archer>
          <Gardevoir_Tribal_Hunter>2</Gardevoir_Tribal_Hunter>
          <Gardevoir_Tribal_HeavyArcher>2</Gardevoir_Tribal_HeavyArcher>
          <Gardevoir_Tribal_Berserker>1.4</Gardevoir_Tribal_Berserker>
          <Gardevoir_Tribal_ChiefRanged>2</Gardevoir_Tribal_ChiefRanged>
	</value>
	</Operation>

</Patch>