<?xml version="1.0" encoding="utf-8" ?>
<!-- These patches adds Kisalfar PawnKinds to all base game encounters, 
	 with 20% of the weighting of the equivalent Human PawnKinds -->

<Patch>
<!--■■■■■■■■■■■■■■■■■■■■ Kisalfar ■■■■■■■■■■■■■■■■■■■■-->
	<!-- Pirates -->
	<!-- Pirate raid 1; 100 commonality, ranged with melee mix-ins -->
	<Operation Class="PatchOperationAdd">
	<xpath>*/FactionDef[defName="Pirate"]/pawnGroupMakers/li[1]/options</xpath>
	<value>
        <Kisalfar_Drifter>2</Kisalfar_Drifter>
		<Kisalfar_Thrasher>0.6</Kisalfar_Thrasher>
        <Kisalfar_Scavenger>2</Kisalfar_Scavenger>
        <Kisalfar_Pirate>2</Kisalfar_Pirate>
        <Kisalfar_Grenadier_EMP>0.1</Kisalfar_Grenadier_EMP>
        <Kisalfar_Grenadier_Destructive>0.4</Kisalfar_Grenadier_Destructive>
        <Kisalfar_Mercenary_Gunner>2</Kisalfar_Mercenary_Gunner>
        <Kisalfar_Mercenary_Heavy>1.2</Kisalfar_Mercenary_Heavy>
        <Kisalfar_Mercenary_Slasher>0.6</Kisalfar_Mercenary_Slasher>
        <Kisalfar_Mercenary_Sniper>1.4</Kisalfar_Mercenary_Sniper>
        <Kisalfar_Mercenary_Elite>2</Kisalfar_Mercenary_Elite>
        <Kisalfar_PirateBoss>1</Kisalfar_PirateBoss>
	</value>
	</Operation>

	<!-- Pirate raid 2; 30 commonality, melee only -->
	<Operation Class="PatchOperationAdd">
	<xpath>*/FactionDef[defName="Pirate"]/pawnGroupMakers/li[2]/options</xpath>
	<value>
        <Kisalfar_Thrasher>2</Kisalfar_Thrasher>
        <Kisalfar_Mercenary_Slasher>2</Kisalfar_Mercenary_Slasher>
        <Kisalfar_PirateBoss>1</Kisalfar_PirateBoss>
	</value>
	</Operation>

	<!-- Pirate raid 3; 20 commonality, ranged only -->
	<Operation Class="PatchOperationAdd">
	<xpath>*/FactionDef[defName="Pirate"]/pawnGroupMakers/li[3]/options</xpath>
	<value>
		<Kisalfar_Scavenger>2.0</Kisalfar_Scavenger>
		<Kisalfar_Pirate>2.0</Kisalfar_Pirate>
		<Kisalfar_Grenadier_EMP>0.05</Kisalfar_Grenadier_EMP>
		<Kisalfar_Grenadier_Smoke>0.05</Kisalfar_Grenadier_Smoke>
		<Kisalfar_Grenadier_Destructive>0.4</Kisalfar_Grenadier_Destructive>
		<Kisalfar_Mercenary_Gunner>2.0</Kisalfar_Mercenary_Gunner>
		<Kisalfar_Mercenary_Heavy>1.2</Kisalfar_Mercenary_Heavy>
		<Kisalfar_Mercenary_Sniper>1.4</Kisalfar_Mercenary_Sniper>
		<Kisalfar_Mercenary_Elite>2.0</Kisalfar_Mercenary_Elite>
		<Kisalfar_PirateBoss>1.0</Kisalfar_PirateBoss>
	</value>
	</Operation>

	<!-- Pirate raid 4; 15 commonality, explosives with ranged mix-ins -->
	<Operation Class="PatchOperationAdd">
	<xpath>*/FactionDef[defName="Pirate"]/pawnGroupMakers/li[4]/options</xpath>
	<value>
        <Kisalfar_Grenadier_EMP>0.2</Kisalfar_Grenadier_EMP>
        <Kisalfar_Grenadier_Destructive>2</Kisalfar_Grenadier_Destructive>
        <Kisalfar_Mercenary_Gunner>0.2</Kisalfar_Mercenary_Gunner>
        <Kisalfar_Mercenary_Heavy>2</Kisalfar_Mercenary_Heavy>
        <Kisalfar_Mercenary_Elite>0.2</Kisalfar_Mercenary_Elite>
        <Kisalfar_PirateBoss>0.2</Kisalfar_PirateBoss>
	</value>
	</Operation>

	<!-- Pirate raid 5; 10 commonality, snipers only -->
	<Operation Class="PatchOperationAdd">
	<xpath>*/FactionDef[defName="Pirate"]/pawnGroupMakers/li[5]/options</xpath>
	<value>
        <Kisalfar_Mercenary_Sniper>2</Kisalfar_Mercenary_Sniper>
	</value>
	</Operation>

	<!-- Pirate raid 6; 2.5 commonality, drifters only -->
	<Operation Class="PatchOperationAdd">
	<xpath>*/FactionDef[defName="Pirate"]/pawnGroupMakers/li[6]/options</xpath>
	<value>
        <Kisalfar_Drifter>2</Kisalfar_Drifter>
	</value>
	</Operation>

	<!-- Pirate Settlement; mainly ranged with melee mix-ins -->
	<Operation Class="PatchOperationAdd">
	<xpath>*/FactionDef[defName="Pirate"]/pawnGroupMakers/li[7]/options</xpath>
	<value>
        <Kisalfar_Thrasher>0.6</Kisalfar_Thrasher>
        <Kisalfar_Pirate>2</Kisalfar_Pirate>
        <Kisalfar_Grenadier_Destructive>0.4</Kisalfar_Grenadier_Destructive>
		<Kisalfar_Mercenary_Slasher>0.6</Kisalfar_Mercenary_Slasher>
		<Kisalfar_Mercenary_Sniper>2</Kisalfar_Mercenary_Sniper>
		<Kisalfar_Mercenary_Gunner>2</Kisalfar_Mercenary_Gunner>
		<Kisalfar_Mercenary_Elite>2</Kisalfar_Mercenary_Elite>
        <Kisalfar_PirateBoss>2</Kisalfar_PirateBoss>
	</value>
	</Operation>
	
	<!-- Outlander -->
	<!-- Outlander Raid; standard mix -->
	<Operation Class="PatchOperationAdd">
	<xpath>*/FactionDef[@Name="OutlanderFactionBase"]/pawnGroupMakers/li[1]/options</xpath>
	<value>
        <Kisalfar_Villager>1</Kisalfar_Villager>
        <Kisalfar_Town_Guard>2</Kisalfar_Town_Guard>
        <Kisalfar_Grenadier_Destructive>0.3</Kisalfar_Grenadier_Destructive>
		<Kisalfar_Mercenary_Slasher>1.4</Kisalfar_Mercenary_Slasher>
		<Kisalfar_Mercenary_Gunner>2</Kisalfar_Mercenary_Gunner>
		<Kisalfar_Mercenary_Elite>2</Kisalfar_Mercenary_Elite>
        <Kisalfar_Town_Councilman>2</Kisalfar_Town_Councilman>
	</value>
	</Operation>
	
	<!-- Outlander Peaceful -->
	<Operation Class="PatchOperationAdd">
	<xpath>*/FactionDef[@Name="OutlanderFactionBase"]/pawnGroupMakers/li[2]/options</xpath>
	<value>
        <Kisalfar_Villager>4</Kisalfar_Villager>
        <Kisalfar_Town_Guard>2</Kisalfar_Town_Guard>
        <Kisalfar_Town_Councilman>2</Kisalfar_Town_Councilman>
	</value>
	</Operation>

	<!-- Outlander Traders -->
	<Operation Class="PatchOperationAdd">
	<xpath>*/FactionDef[@Name="OutlanderFactionBase"]/pawnGroupMakers/li[3]/guards</xpath>
	<value>
        <Kisalfar_Villager>0.6</Kisalfar_Villager>
        <Kisalfar_Town_Guard>2</Kisalfar_Town_Guard>
        <Kisalfar_Grenadier_Destructive>0.3</Kisalfar_Grenadier_Destructive>
        <Kisalfar_Mercenary_Slasher>1.4</Kisalfar_Mercenary_Slasher>
        <Kisalfar_Mercenary_Gunner>2</Kisalfar_Mercenary_Gunner>
		<Kisalfar_Mercenary_Elite>2</Kisalfar_Mercenary_Elite>
	</value>
	</Operation>

	<Operation Class="PatchOperationAdd">
	<xpath>*/FactionDef[@Name="OutlanderFactionBase"]/pawnGroupMakers/li[3]/traders</xpath>
	<value>
        <Kisalfar_Town_Trader>0.2</Kisalfar_Town_Trader>
	</value>
	</Operation>

	<Operation Class="PatchOperationAdd">
	<xpath>*/FactionDef[@Name="OutlanderFactionBase"]/pawnGroupMakers/li[4]/options</xpath>
	<value>
		<Kisalfar_Villager>2</Kisalfar_Villager>
        <Kisalfar_Town_Guard>2</Kisalfar_Town_Guard>
        <Kisalfar_Grenadier_Destructive>0.3</Kisalfar_Grenadier_Destructive>
		<Kisalfar_Mercenary_Slasher>1.4</Kisalfar_Mercenary_Slasher>
        <Kisalfar_Mercenary_Gunner>2</Kisalfar_Mercenary_Gunner>
        <Kisalfar_Mercenary_Elite>2</Kisalfar_Mercenary_Elite>
        <Kisalfar_Town_Councilman>2</Kisalfar_Town_Councilman>
	</value>
	</Operation>

	<!-- Villager -->
	<!-- Villager Raid 1; 100 commonality, ranged with melee mix-ins -->
	<Operation Class="PatchOperationAdd">
	<xpath>*/FactionDef[@Name="TribeBase"]/pawnGroupMakers/li[1]/options</xpath>
	<value>
        <Kisalfar_Tribal_Penitent>1</Kisalfar_Tribal_Penitent>
        <Kisalfar_Tribal_Warrior>1</Kisalfar_Tribal_Warrior>
        <Kisalfar_Tribal_Archer>2</Kisalfar_Tribal_Archer>
        <Kisalfar_Tribal_Hunter>2</Kisalfar_Tribal_Hunter>
        <Kisalfar_Tribal_HeavyArcher>2</Kisalfar_Tribal_HeavyArcher>
        <Kisalfar_Tribal_Berserker>1</Kisalfar_Tribal_Berserker>
        <Kisalfar_Tribal_ChiefRanged>0.6</Kisalfar_Tribal_ChiefRanged>
        <Kisalfar_Tribal_ChiefMelee>0.3</Kisalfar_Tribal_ChiefMelee>
	</value>
	</Operation>

	<!-- Villager Raid 2; 60 commonality, ranged only -->
	<Operation Class="PatchOperationAdd">
	<xpath>*/FactionDef[@Name="TribeBase"]/pawnGroupMakers/li[2]/options</xpath>
	<value>
        <Kisalfar_Tribal_Archer>2</Kisalfar_Tribal_Archer>
        <Kisalfar_Tribal_Hunter>2</Kisalfar_Tribal_Hunter>
        <Kisalfar_Tribal_HeavyArcher>2</Kisalfar_Tribal_HeavyArcher>
        <Kisalfar_Tribal_ChiefRanged>1</Kisalfar_Tribal_ChiefRanged>
	</value>
	</Operation>

	<!-- Villager Raid 3; 60 commonality, melee only -->
	<Operation Class="PatchOperationAdd">
	<xpath>*/FactionDef[@Name="TribeBase"]/pawnGroupMakers/li[3]/options</xpath>
	<value>
        <Kisalfar_Tribal_Penitent>2</Kisalfar_Tribal_Penitent>
        <Kisalfar_Tribal_Warrior>2</Kisalfar_Tribal_Warrior>
        <Kisalfar_Tribal_Berserker>2</Kisalfar_Tribal_Berserker>
        <Kisalfar_Tribal_ChiefMelee>1</Kisalfar_Tribal_ChiefMelee>
	</value>
	</Operation>

	<!-- Villager Peaceful -->
	<Operation Class="PatchOperationAdd">
	<xpath>*/FactionDef[@Name="TribeBase"]/pawnGroupMakers/li[5]/options</xpath>
	<value>
        <Kisalfar_Tribal_Warrior>4</Kisalfar_Tribal_Warrior>
        <Kisalfar_Tribal_Archer>2</Kisalfar_Tribal_Archer>
        <Kisalfar_Tribal_Hunter>2</Kisalfar_Tribal_Hunter>
        <Kisalfar_Tribal_HeavyArcher>2</Kisalfar_Tribal_HeavyArcher>
        <Kisalfar_Tribal_Berserker>1</Kisalfar_Tribal_Berserker>
        <Kisalfar_Tribal_ChiefRanged>0.6</Kisalfar_Tribal_ChiefRanged>
        <Kisalfar_Tribal_ChiefMelee>0.3</Kisalfar_Tribal_ChiefMelee>
	</value>
	</Operation>

	<!-- Villager Traders -->
	<Operation Class="PatchOperationAdd">
	<xpath>*/FactionDef[@Name="TribeBase"]/pawnGroupMakers/li[6]/guards</xpath>
	<value>
        <Kisalfar_Tribal_Warrior>1.4</Kisalfar_Tribal_Warrior>
        <Kisalfar_Tribal_Archer>2</Kisalfar_Tribal_Archer>
        <Kisalfar_Tribal_Hunter>2</Kisalfar_Tribal_Hunter>
        <Kisalfar_Tribal_HeavyArcher>2</Kisalfar_Tribal_HeavyArcher>
        <Kisalfar_Tribal_Berserker>1.4</Kisalfar_Tribal_Berserker>
	</value>
	</Operation>

	<Operation Class="PatchOperationAdd">
	<xpath>*/FactionDef[@Name="TribeBase"]/pawnGroupMakers/li[6]/traders</xpath>
	<value>
        <Kisalfar_Tribal_Trader>0.2</Kisalfar_Tribal_Trader>
	</value>
	</Operation>

	<!-- Settlement -->

	<Operation Class="PatchOperationAdd">
	<xpath>*/FactionDef[@Name="TribeBase"]/pawnGroupMakers/li[7]/options</xpath>
	<value>
          <Kisalfar_Tribal_Warrior>1.4</Kisalfar_Tribal_Warrior>
          <Kisalfar_Tribal_Archer>2</Kisalfar_Tribal_Archer>
          <Kisalfar_Tribal_Hunter>2</Kisalfar_Tribal_Hunter>
          <Kisalfar_Tribal_HeavyArcher>2</Kisalfar_Tribal_HeavyArcher>
          <Kisalfar_Tribal_Berserker>1.4</Kisalfar_Tribal_Berserker>
          <Kisalfar_Tribal_ChiefRanged>2</Kisalfar_Tribal_ChiefRanged>
	</value>
	</Operation>

<!--■■■■■■■■■■■■■■■■■■■■ Fressalfar ■■■■■■■■■■■■■■■■■■■■-->

	<Operation Class="PatchOperationAdd">
	<xpath>*/FactionDef[defName="Pirate"]/pawnGroupMakers/li[1]/options</xpath>
	<value>
        <Fressalfar_Drifter>2</Fressalfar_Drifter>
		<Fressalfar_Thrasher>0.6</Fressalfar_Thrasher>
        <Fressalfar_Scavenger>2</Fressalfar_Scavenger>
        <Fressalfar_Pirate>2</Fressalfar_Pirate>
        <Fressalfar_Grenadier_EMP>0.1</Fressalfar_Grenadier_EMP>
        <Fressalfar_Grenadier_Destructive>0.4</Fressalfar_Grenadier_Destructive>
        <Fressalfar_Mercenary_Gunner>2</Fressalfar_Mercenary_Gunner>
        <Fressalfar_Mercenary_Heavy>1.2</Fressalfar_Mercenary_Heavy>
        <Fressalfar_Mercenary_Slasher>0.6</Fressalfar_Mercenary_Slasher>
        <Fressalfar_Mercenary_Sniper>1.4</Fressalfar_Mercenary_Sniper>
        <Fressalfar_Mercenary_Elite>2</Fressalfar_Mercenary_Elite>
        <Fressalfar_PirateBoss>1</Fressalfar_PirateBoss>
	</value>
	</Operation>

	<!-- Pirate raid 2; 30 commonality, melee only -->
	<Operation Class="PatchOperationAdd">
	<xpath>*/FactionDef[defName="Pirate"]/pawnGroupMakers/li[2]/options</xpath>
	<value>
        <Fressalfar_Thrasher>2</Fressalfar_Thrasher>
        <Fressalfar_Mercenary_Slasher>2</Fressalfar_Mercenary_Slasher>
        <Fressalfar_PirateBoss>1</Fressalfar_PirateBoss>
	</value>
	</Operation>

	<!-- Pirate raid 3; 20 commonality, ranged only -->
	<Operation Class="PatchOperationAdd">
	<xpath>*/FactionDef[defName="Pirate"]/pawnGroupMakers/li[3]/options</xpath>
	<value>
		<Fressalfar_Scavenger>2.0</Fressalfar_Scavenger>
		<Fressalfar_Pirate>2.0</Fressalfar_Pirate>
		<Fressalfar_Grenadier_EMP>0.05</Fressalfar_Grenadier_EMP>
		<Fressalfar_Grenadier_Smoke>0.05</Fressalfar_Grenadier_Smoke>
		<Fressalfar_Grenadier_Destructive>0.4</Fressalfar_Grenadier_Destructive>
		<Fressalfar_Mercenary_Gunner>2.0</Fressalfar_Mercenary_Gunner>
		<Fressalfar_Mercenary_Heavy>1.2</Fressalfar_Mercenary_Heavy>
		<Fressalfar_Mercenary_Sniper>1.4</Fressalfar_Mercenary_Sniper>
		<Fressalfar_Mercenary_Elite>2.0</Fressalfar_Mercenary_Elite>
		<Fressalfar_PirateBoss>1.0</Fressalfar_PirateBoss>
	</value>
	</Operation>

	<!-- Pirate raid 4; 15 commonality, explosives with ranged mix-ins -->
	<Operation Class="PatchOperationAdd">
	<xpath>*/FactionDef[defName="Pirate"]/pawnGroupMakers/li[4]/options</xpath>
	<value>
        <Fressalfar_Grenadier_EMP>0.2</Fressalfar_Grenadier_EMP>
        <Fressalfar_Grenadier_Destructive>2</Fressalfar_Grenadier_Destructive>
        <Fressalfar_Mercenary_Gunner>0.2</Fressalfar_Mercenary_Gunner>
        <Fressalfar_Mercenary_Heavy>2</Fressalfar_Mercenary_Heavy>
        <Fressalfar_Mercenary_Elite>0.2</Fressalfar_Mercenary_Elite>
        <Fressalfar_PirateBoss>0.2</Fressalfar_PirateBoss>
	</value>
	</Operation>

	<!-- Pirate raid 5; 10 commonality, snipers only -->
	<Operation Class="PatchOperationAdd">
	<xpath>*/FactionDef[defName="Pirate"]/pawnGroupMakers/li[5]/options</xpath>
	<value>
        <Fressalfar_Mercenary_Sniper>2</Fressalfar_Mercenary_Sniper>
	</value>
	</Operation>

	<!-- Pirate raid 6; 2.5 commonality, drifters only -->
	<Operation Class="PatchOperationAdd">
	<xpath>*/FactionDef[defName="Pirate"]/pawnGroupMakers/li[6]/options</xpath>
	<value>
        <Fressalfar_Drifter>2</Fressalfar_Drifter>
	</value>
	</Operation>

	<!-- Pirate Settlement; mainly ranged with melee mix-ins -->
	<Operation Class="PatchOperationAdd">
	<xpath>*/FactionDef[defName="Pirate"]/pawnGroupMakers/li[7]/options</xpath>
	<value>
        <Fressalfar_Thrasher>0.6</Fressalfar_Thrasher>
        <Fressalfar_Pirate>2</Fressalfar_Pirate>
        <Fressalfar_Grenadier_Destructive>0.4</Fressalfar_Grenadier_Destructive>
		<Fressalfar_Mercenary_Slasher>0.6</Fressalfar_Mercenary_Slasher>
		<Fressalfar_Mercenary_Sniper>2</Fressalfar_Mercenary_Sniper>
		<Fressalfar_Mercenary_Gunner>2</Fressalfar_Mercenary_Gunner>
		<Fressalfar_Mercenary_Elite>2</Fressalfar_Mercenary_Elite>
        <Fressalfar_PirateBoss>2</Fressalfar_PirateBoss>
	</value>
	</Operation>
	
	<!-- Outlander -->
	<!-- Outlander Raid; standard mix -->
	<Operation Class="PatchOperationAdd">
	<xpath>*/FactionDef[@Name="OutlanderFactionBase"]/pawnGroupMakers/li[1]/options</xpath>
	<value>
        <Fressalfar_Villager>1</Fressalfar_Villager>
        <Fressalfar_Town_Guard>2</Fressalfar_Town_Guard>
        <Fressalfar_Grenadier_Destructive>0.3</Fressalfar_Grenadier_Destructive>
		<Fressalfar_Mercenary_Slasher>1.4</Fressalfar_Mercenary_Slasher>
		<Fressalfar_Mercenary_Gunner>2</Fressalfar_Mercenary_Gunner>
		<Fressalfar_Mercenary_Elite>2</Fressalfar_Mercenary_Elite>
        <Fressalfar_Town_Councilman>2</Fressalfar_Town_Councilman>
	</value>
	</Operation>
	
	<!-- Outlander Peaceful -->
	<Operation Class="PatchOperationAdd">
	<xpath>*/FactionDef[@Name="OutlanderFactionBase"]/pawnGroupMakers/li[2]/options</xpath>
	<value>
        <Fressalfar_Villager>4</Fressalfar_Villager>
        <Fressalfar_Town_Guard>2</Fressalfar_Town_Guard>
        <Fressalfar_Town_Councilman>2</Fressalfar_Town_Councilman>
	</value>
	</Operation>

	<!-- Outlander Traders -->
	<Operation Class="PatchOperationAdd">
	<xpath>*/FactionDef[@Name="OutlanderFactionBase"]/pawnGroupMakers/li[3]/guards</xpath>
	<value>
        <Fressalfar_Villager>0.6</Fressalfar_Villager>
        <Fressalfar_Town_Guard>2</Fressalfar_Town_Guard>
        <Fressalfar_Grenadier_Destructive>0.3</Fressalfar_Grenadier_Destructive>
        <Fressalfar_Mercenary_Slasher>1.4</Fressalfar_Mercenary_Slasher>
        <Fressalfar_Mercenary_Gunner>2</Fressalfar_Mercenary_Gunner>
		<Fressalfar_Mercenary_Elite>2</Fressalfar_Mercenary_Elite>
	</value>
	</Operation>

	<Operation Class="PatchOperationAdd">
	<xpath>*/FactionDef[@Name="OutlanderFactionBase"]/pawnGroupMakers/li[3]/traders</xpath>
	<value>
        <Fressalfar_Town_Trader>0.2</Fressalfar_Town_Trader>
	</value>
	</Operation>

	<Operation Class="PatchOperationAdd">
	<xpath>*/FactionDef[@Name="OutlanderFactionBase"]/pawnGroupMakers/li[4]/options</xpath>
	<value>
		<Fressalfar_Villager>2</Fressalfar_Villager>
        <Fressalfar_Town_Guard>2</Fressalfar_Town_Guard>
        <Fressalfar_Grenadier_Destructive>0.3</Fressalfar_Grenadier_Destructive>
		<Fressalfar_Mercenary_Slasher>1.4</Fressalfar_Mercenary_Slasher>
        <Fressalfar_Mercenary_Gunner>2</Fressalfar_Mercenary_Gunner>
        <Fressalfar_Mercenary_Elite>2</Fressalfar_Mercenary_Elite>
        <Fressalfar_Town_Councilman>2</Fressalfar_Town_Councilman>
	</value>
	</Operation>

	<!-- Villager -->
	<!-- Villager Raid 1; 100 commonality, ranged with melee mix-ins -->
	<Operation Class="PatchOperationAdd">
	<xpath>*/FactionDef[@Name="TribeBase"]/pawnGroupMakers/li[1]/options</xpath>
	<value>
        <Fressalfar_Tribal_Penitent>1</Fressalfar_Tribal_Penitent>
        <Fressalfar_Tribal_Warrior>1</Fressalfar_Tribal_Warrior>
        <Fressalfar_Tribal_Archer>2</Fressalfar_Tribal_Archer>
        <Fressalfar_Tribal_Hunter>2</Fressalfar_Tribal_Hunter>
        <Fressalfar_Tribal_HeavyArcher>2</Fressalfar_Tribal_HeavyArcher>
        <Fressalfar_Tribal_Berserker>1</Fressalfar_Tribal_Berserker>
        <Fressalfar_Tribal_ChiefRanged>0.6</Fressalfar_Tribal_ChiefRanged>
        <Fressalfar_Tribal_ChiefMelee>0.3</Fressalfar_Tribal_ChiefMelee>
	</value>
	</Operation>

	<!-- Villager Raid 2; 60 commonality, ranged only -->
	<Operation Class="PatchOperationAdd">
	<xpath>*/FactionDef[@Name="TribeBase"]/pawnGroupMakers/li[2]/options</xpath>
	<value>
        <Fressalfar_Tribal_Archer>2</Fressalfar_Tribal_Archer>
        <Fressalfar_Tribal_Hunter>2</Fressalfar_Tribal_Hunter>
        <Fressalfar_Tribal_HeavyArcher>2</Fressalfar_Tribal_HeavyArcher>
        <Fressalfar_Tribal_ChiefRanged>1</Fressalfar_Tribal_ChiefRanged>
	</value>
	</Operation>

	<!-- Villager Raid 3; 60 commonality, melee only -->
	<Operation Class="PatchOperationAdd">
	<xpath>*/FactionDef[@Name="TribeBase"]/pawnGroupMakers/li[3]/options</xpath>
	<value>
        <Fressalfar_Tribal_Penitent>2</Fressalfar_Tribal_Penitent>
        <Fressalfar_Tribal_Warrior>2</Fressalfar_Tribal_Warrior>
        <Fressalfar_Tribal_Berserker>2</Fressalfar_Tribal_Berserker>
        <Fressalfar_Tribal_ChiefMelee>1</Fressalfar_Tribal_ChiefMelee>
	</value>
	</Operation>

	<!-- Villager Peaceful -->
	<Operation Class="PatchOperationAdd">
	<xpath>*/FactionDef[@Name="TribeBase"]/pawnGroupMakers/li[5]/options</xpath>
	<value>
        <Fressalfar_Tribal_Warrior>4</Fressalfar_Tribal_Warrior>
        <Fressalfar_Tribal_Archer>2</Fressalfar_Tribal_Archer>
        <Fressalfar_Tribal_Hunter>2</Fressalfar_Tribal_Hunter>
        <Fressalfar_Tribal_HeavyArcher>2</Fressalfar_Tribal_HeavyArcher>
        <Fressalfar_Tribal_Berserker>1</Fressalfar_Tribal_Berserker>
        <Fressalfar_Tribal_ChiefRanged>0.6</Fressalfar_Tribal_ChiefRanged>
        <Fressalfar_Tribal_ChiefMelee>0.3</Fressalfar_Tribal_ChiefMelee>
	</value>
	</Operation>

	<!-- Villager Traders -->
	<Operation Class="PatchOperationAdd">
	<xpath>*/FactionDef[@Name="TribeBase"]/pawnGroupMakers/li[6]/guards</xpath>
	<value>
        <Fressalfar_Tribal_Warrior>1.4</Fressalfar_Tribal_Warrior>
        <Fressalfar_Tribal_Archer>2</Fressalfar_Tribal_Archer>
        <Fressalfar_Tribal_Hunter>2</Fressalfar_Tribal_Hunter>
        <Fressalfar_Tribal_HeavyArcher>2</Fressalfar_Tribal_HeavyArcher>
        <Fressalfar_Tribal_Berserker>1.4</Fressalfar_Tribal_Berserker>
	</value>
	</Operation>

	<Operation Class="PatchOperationAdd">
	<xpath>*/FactionDef[@Name="TribeBase"]/pawnGroupMakers/li[6]/traders</xpath>
	<value>
        <Fressalfar_Tribal_Trader>0.2</Fressalfar_Tribal_Trader>
	</value>
	</Operation>

	<!-- Settlement -->

	<Operation Class="PatchOperationAdd">
	<xpath>*/FactionDef[@Name="TribeBase"]/pawnGroupMakers/li[7]/options</xpath>
	<value>
          <Fressalfar_Tribal_Warrior>1.4</Fressalfar_Tribal_Warrior>
          <Fressalfar_Tribal_Archer>2</Fressalfar_Tribal_Archer>
          <Fressalfar_Tribal_Hunter>2</Fressalfar_Tribal_Hunter>
          <Fressalfar_Tribal_HeavyArcher>2</Fressalfar_Tribal_HeavyArcher>
          <Fressalfar_Tribal_Berserker>1.4</Fressalfar_Tribal_Berserker>
          <Fressalfar_Tribal_ChiefRanged>2</Fressalfar_Tribal_ChiefRanged>
	</value>
	</Operation>
	
</Patch>