﻿<?xml version="1.0" encoding="utf-8" ?>
<Defs>

 <!-- PawnKinds for Player Colonies and Tribes -->

<PawnKindDef Abstract="True" Name="LeoPlayerBase">
	<race>YanzihkoLeo</race>
	<backstoryFiltersOverride>
        <li>
            <categories>
                <li>000_G_GenIndustries_BackstoriesChildhood</li>
				<li>000_G_GenIndustries_BackstoriesAdulthood</li>
            </categories>
        </li>
    </backstoryFiltersOverride>
    <combatPower>30</combatPower>
    <isFighter>false</isFighter>
    <apparelIgnoreSeasons>true</apparelIgnoreSeasons>
    <forceNormalGearQuality>true</forceNormalGearQuality>
	<xenotypeSet>
      <xenotypeChances>
        <YZRCM_LeoXenotype MayRequire="Ludeon.RimWorld.Biotech">1</YZRCM_LeoXenotype>
      </xenotypeChances>
    </xenotypeSet>
</PawnKindDef>

  <!-- Space Refugee for refugee events -->

  <PawnKindDef>
	<race>YanzihkoLeo</race>
	<backstoryFiltersOverride>
        <li>
            <categories>
                <li>000_G_GenIndustries_BackstoriesChildhood</li>
				<li>000_G_GenIndustries_BackstoriesAdulthood</li>
            </categories>
        </li>
    </backstoryFiltersOverride>
    <combatPower>30</combatPower>
    <defName>LeoSpaceRefugee</defName>
    <label>Leo space refugee</label>
    <backstoryCryptosleepCommonality>1</backstoryCryptosleepCommonality>
    <forceNormalGearQuality>true</forceNormalGearQuality>
    <isFighter>false</isFighter>
    <chemicalAddictionChance>0.08</chemicalAddictionChance>
    <gearHealthRange>
      <min>0.4</min>
      <max>1.4</max>
    </gearHealthRange>
    <apparelMoney>
      <min>0</min>
      <max>1000</max>
    </apparelMoney>
    <apparelTags>
      <li>IndustrialBasic</li>
    </apparelTags>
    <apparelIgnoreSeasons>true</apparelIgnoreSeasons>
    <apparelAllowHeadgearChance>0</apparelAllowHeadgearChance>
    <techHediffsMoney>
      <min>50</min>
      <max>800</max>
    </techHediffsMoney>
    <techHediffsTags>
      <li>Poor</li>
      <li>Simple</li>
    </techHediffsTags>
    <techHediffsChance>0.08</techHediffsChance>
    <initialWillRange>0~1</initialWillRange>
    <initialResistanceRange>2~5</initialResistanceRange>
	<xenotypeSet>
      <xenotypeChances>
        <YZRCM_LeoXenotype MayRequire="Ludeon.RimWorld.Biotech">1</YZRCM_LeoXenotype>
      </xenotypeChances>
    </xenotypeSet>	  
  </PawnKindDef>

<!-- Slave -->

  <PawnKindDef>
    <defName>LeoSlave</defName>
    <label>Leo slave</label>
    <combatPower>30</combatPower>
    <race>YanzihkoLeo</race>
	<backstoryFiltersOverride>
        <li>
            <categories>
                <li>000_G_GenIndustries_BackstoriesChildhood</li>
				<li>000_G_GenIndustries_BackstoriesAdulthood</li>
            </categories>
        </li>
    </backstoryFiltersOverride>
    <defaultFactionType>OutlanderCivil</defaultFactionType>
    <itemQuality>Poor</itemQuality>
    <backstoryCryptosleepCommonality>0.10</backstoryCryptosleepCommonality>
    <isFighter>false</isFighter>
    <chemicalAddictionChance>0.05</chemicalAddictionChance>
    <gearHealthRange>
      <min>0.2</min>
      <max>0.8</max>
    </gearHealthRange>
    <apparelTags>
      <li>IndustrialBasic</li>
    </apparelTags>
    <apparelMoney>
      <min>0</min>
      <max>350</max>
    </apparelMoney>
    <apparelAllowHeadgearChance>0</apparelAllowHeadgearChance>
    <techHediffsChance>0.03</techHediffsChance>
    <techHediffsMoney>
      <min>50</min>
      <max>800</max>
    </techHediffsMoney>
    <techHediffsTags>
      <li>Poor</li>
    </techHediffsTags>
    <apparelIgnoreSeasons>true</apparelIgnoreSeasons>
    <invNutrition>1</invNutrition>
    <invFoodDef>Pemmican</invFoodDef>
    <initialWillRange>0~1</initialWillRange>
    <initialResistanceRange>2~5</initialResistanceRange>
	<xenotypeSet>
      <xenotypeChances>
        <YZRCM_LeoXenotype MayRequire="Ludeon.RimWorld.Biotech">1</YZRCM_LeoXenotype>
      </xenotypeChances>
    </xenotypeSet>		  
  </PawnKindDef>

<!-- Colonist -->

<PawnKindDef ParentName="LeoPlayerBase">
    <defName>LeoColonist</defName>
    <label>Leo</label>
    <defaultFactionType>PlayerColony</defaultFactionType>
    <chemicalAddictionChance>0.06</chemicalAddictionChance>
    <apparelTags>
      <li>IndustrialBasic</li>
    </apparelTags>
    <apparelAllowHeadgearChance>0</apparelAllowHeadgearChance>
    <apparelMoney>
      <min>350</min>
      <max>600</max>
    </apparelMoney>
    <backstoryCryptosleepCommonality>1</backstoryCryptosleepCommonality>
    <techHediffsChance>0.03</techHediffsChance>
    <techHediffsMoney>
      <min>50</min>
      <max>800</max>
    </techHediffsMoney>
    <techHediffsTags>
      <li>Poor</li>
      <li>Simple</li>
    </techHediffsTags>
    <initialWillRange>0~1</initialWillRange>
    <initialResistanceRange>2~5</initialResistanceRange>
</PawnKindDef>

  <PawnKindDef ParentName="LeoPlayerBase">
    <defName>LeoTribesperson</defName>
    <label>Leo</label>
    <defaultFactionType>PlayerTribe</defaultFactionType>
    <chemicalAddictionChance>0.05</chemicalAddictionChance>
    <apparelTags>
      <li>Neolithic</li>
    </apparelTags>
    <apparelMoney>
      <min>200</min>
      <max>200</max>
    </apparelMoney>
    <backstoryCryptosleepCommonality>0</backstoryCryptosleepCommonality>
    <techHediffsMoney>
      <min>50</min>
      <max>50</max>
    </techHediffsMoney>
    <techHediffsTags>
      <li>Poor</li>
    </techHediffsTags>
    <techHediffsChance>0.02</techHediffsChance>
    <initialWillRange>0~1</initialWillRange>
    <initialResistanceRange>2~5</initialResistanceRange>
  </PawnKindDef>


<!-- PawnKinds for NPC Raiders, Visitors, and Settlements 
	 These are, for the most part, directly copied from the base game -->

<!-- Mercenaries -->
  <PawnKindDef Name="LeoMercenaryBase" Abstract="True">
    <race>YanzihkoLeo</race>
    <defaultFactionType>Pirate</defaultFactionType>
    <backstoryFiltersOverride>
        <li>
            <categories>
                <li>000_G_GenIndustries_BackstoriesChildhood</li>
				<li>000_G_GenIndustries_BackstoriesAdulthood</li>
            </categories>
        </li>
    </backstoryFiltersOverride>
    <chemicalAddictionChance>0.1</chemicalAddictionChance>
    <invNutrition>2.55</invNutrition>
    <itemQuality>Normal</itemQuality>
    <backstoryCryptosleepCommonality>0.08</backstoryCryptosleepCommonality>
    <maxGenerationAge>65</maxGenerationAge>
    <combatEnhancingDrugsChance>0.15</combatEnhancingDrugsChance>
    <combatEnhancingDrugsCount>
      <min>0</min>
      <max>2</max>
    </combatEnhancingDrugsCount>
	<xenotypeSet>
      <xenotypeChances>
        <YZRCM_LeoXenotype MayRequire="Ludeon.RimWorld.Biotech">1</YZRCM_LeoXenotype>
      </xenotypeChances>
    </xenotypeSet>		  
  </PawnKindDef>

  <PawnKindDef ParentName="LeoMercenaryBase" Name="LeoMercenaryMidTierBase" Abstract="True">
    <techHediffsChance>0.15</techHediffsChance>
    <techHediffsMoney>
      <min>700</min>
      <max>1200</max>
    </techHediffsMoney>
    <techHediffsTags>
      <li>Simple</li>
      <li>Advanced</li>
    </techHediffsTags>
  </PawnKindDef>

<!-- Low Tier -->

  <PawnKindDef Abstract="True" Name="LeoGrenadierBase" ParentName="LeoMercenaryBase">
		<race>YanzihkoLeo</race>
		<backstoryFiltersOverride>
        <li>
            <categories>
                <li>000_G_GenIndustries_BackstoriesChildhood</li>
				<li>000_G_GenIndustries_BackstoriesAdulthood</li>
            </categories>
        </li>
    </backstoryFiltersOverride>
		<combatPower>65</combatPower>
		<gearHealthRange>
			<min>0.7</min>
			<max>2.3</max>
		</gearHealthRange>
		<apparelTags>
			<li>IndustrialBasic</li>
      <li>IndustrialAdvanced</li>
      <li>IndustrialMilitaryBasic</li>
			<li>BeltDefensePop</li>
		</apparelTags>
		<apparelMoney>
			<min>400</min>
			<max>700</max>
		</apparelMoney>
		<apparelAllowHeadgearChance>0.5</apparelAllowHeadgearChance>
		<weaponMoney>
			<min>500</min>
			<max>500</max>
		</weaponMoney>
    <techHediffsChance>0.05</techHediffsChance>
    <techHediffsMoney>
			<min>500</min>
			<max>500</max>
		</techHediffsMoney>
		<techHediffsTags>
			<li>Poor</li>
      <li>Simple</li>
    </techHediffsTags>
		<inventoryOptions>
			<skipChance>0.9</skipChance>
			<subOptionsChooseOne>
				<li>
					<thingDef>Silver</thingDef>
					<countRange>
						<min>50</min>
						<max>200</max>
					</countRange>
				</li>
				<li>
					<thingDef>MedicineIndustrial</thingDef>
					<countRange>
						<min>1</min>
						<max>1</max>
					</countRange>
				</li>
			</subOptionsChooseOne>
		</inventoryOptions>
	<xenotypeSet>
      <xenotypeChances>
        <YZRCM_LeoXenotype MayRequire="Ludeon.RimWorld.Biotech">1</YZRCM_LeoXenotype>
      </xenotypeChances>
    </xenotypeSet>		  
	</PawnKindDef>

	<PawnKindDef ParentName="LeoGrenadierBase">
		<defName>Leo_Grenadier_Destructive</defName>
		<label>Leo grenadier</label>
    <canBeSapper>true</canBeSapper>
		<weaponTags>
			<li>GrenadeDestructive</li>
		</weaponTags>
    <initialWillRange>0~1</initialWillRange>
    <initialResistanceRange>2~5</initialResistanceRange>
	</PawnKindDef>

	<PawnKindDef ParentName="LeoGrenadierBase">
		<defName>Leo_Grenadier_EMP</defName>
		<label>Leo EMP grenadier</label>
		<weaponTags>
			<li>GrenadeEMP</li>
		</weaponTags>
    <initialWillRange>0~1</initialWillRange>
    <initialResistanceRange>2~5</initialResistanceRange>
	</PawnKindDef>
	
	<!-- New Smoke Grenadier -->
	<PawnKindDef ParentName="LeoGrenadierBase">
		<defName>Leo_Grenadier_Smoke</defName>
		<label>Leo smoke grenadier</label>
		<weaponTags>
		  <li>GrenadeSmoke</li>
		</weaponTags>
		<weaponMoney>400~400</weaponMoney>
    <initialWillRange>0~1</initialWillRange>
    <initialResistanceRange>2~5</initialResistanceRange>
	</PawnKindDef>

<!-- Mid Tier -->

<PawnKindDef ParentName="LeoMercenaryMidTierBase">
    <defName>Leo_Mercenary_Gunner</defName>
    <label>Leo mercenary gunner</label>
    <combatPower>90</combatPower>
    <gearHealthRange>
      <min>0.7</min>
      <max>3.2</max>
    </gearHealthRange>
    <apparelTags>
      <li>IndustrialBasic</li>
      <li>IndustrialAdvanced</li>
      <li>IndustrialMilitaryBasic</li>
      <li>IndustrialMilitaryAdvanced</li>
      <li>BeltDefensePop</li>
    </apparelTags>
    <apparelMoney>
      <min>1000</min>
      <max>1500</max>
    </apparelMoney>
    <apparelAllowHeadgearChance>0.5</apparelAllowHeadgearChance>
    <weaponMoney>
      <min>330</min>
      <max>650</max>
    </weaponMoney>
    <weaponTags>
      <li>Gun</li>
    </weaponTags>
    <combatEnhancingDrugsChance>0.05</combatEnhancingDrugsChance>
    <combatEnhancingDrugsCount>
      <min>0</min>
      <max>2</max>
    </combatEnhancingDrugsCount>
    <inventoryOptions>
      <skipChance>0.8</skipChance>
      <subOptionsChooseOne>
        <li>
          <thingDef>Silver</thingDef>
          <countRange>
            <min>50</min>
            <max>200</max>
          </countRange>
        </li>
        <li>
          <thingDef>MedicineIndustrial</thingDef>
          <countRange>
            <min>1</min>
            <max>1</max>
          </countRange>
        </li>
      </subOptionsChooseOne>
    </inventoryOptions>
    <techHediffsChance>0.15</techHediffsChance>
    <techHediffsMoney>
      <min>700</min>
      <max>1200</max>
    </techHediffsMoney>
    <techHediffsTags>
      <li>Simple</li>
      <li>Advanced</li>
    </techHediffsTags>
    <initialWillRange>0~1</initialWillRange>
    <initialResistanceRange>2~5</initialResistanceRange>
  </PawnKindDef>

  <PawnKindDef ParentName="LeoMercenaryMidTierBase">
    <defName>Leo_Mercenary_Sniper</defName>
    <label>Leo mercenary sniper</label>
    <combatPower>110</combatPower>
    <gearHealthRange>
      <min>0.7</min>
      <max>3.2</max>
    </gearHealthRange>
    <apparelTags>
      <li>IndustrialBasic</li>
      <li>IndustrialAdvanced</li>
      <li>IndustrialMilitaryBasic</li>
      <li>IndustrialMilitaryAdvanced</li>
    </apparelTags>
    <apparelMoney>
      <min>1000</min>
      <max>1500</max>
    </apparelMoney>
    <apparelAllowHeadgearChance>0.5</apparelAllowHeadgearChance>
    <weaponMoney>
      <min>600</min>
      <max>600</max>
    </weaponMoney>
    <weaponTags>
      <li>SniperRifle</li>
    </weaponTags>
    <inventoryOptions>
      <skipChance>0.8</skipChance>
      <subOptionsChooseOne>
        <li>
          <thingDef>Silver</thingDef>
          <countRange>
            <min>50</min>
            <max>200</max>
          </countRange>
        </li>
        <li>
          <thingDef>MedicineIndustrial</thingDef>
          <countRange>
            <min>1</min>
            <max>1</max>
          </countRange>
        </li>
      </subOptionsChooseOne>
    </inventoryOptions>
    <initialWillRange>0~1</initialWillRange>
    <initialResistanceRange>2~5</initialResistanceRange>
  </PawnKindDef>

  <PawnKindDef ParentName="LeoMercenaryMidTierBase">
    <defName>Leo_Mercenary_Slasher</defName>
    <label>Leo mercenary slasher</label>
    <combatPower>150</combatPower>
    <canBeSapper>true</canBeSapper>
    <gearHealthRange>
      <min>0.7</min>
      <max>3.2</max>
    </gearHealthRange>
    <apparelTags>
      <li>IndustrialBasic</li>
      <li>IndustrialAdvanced</li>
      <li>IndustrialMilitaryBasic</li>
      <li>IndustrialMilitaryAdvanced</li>
    </apparelTags>
    <apparelRequired>
      <li>Apparel_ShieldBelt</li>
    </apparelRequired>
    <apparelMoney>
      <min>300</min>
      <max>1400</max>
    </apparelMoney>
    <apparelAllowHeadgearChance>0</apparelAllowHeadgearChance>
    <weaponMoney>
      <min>200</min>
      <max>500</max>
    </weaponMoney>
    <weaponTags>
      <li>MedievalMeleeDecent</li>
      <li>MedievalMeleeAdvanced</li>
    </weaponTags>
    <inventoryOptions>
      <skipChance>0.8</skipChance>
      <subOptionsChooseOne>
        <li>
          <thingDef>Silver</thingDef>
          <countRange>
            <min>180</min>
            <max>400</max>
          </countRange>
        </li>
        <li>
          <thingDef>MedicineIndustrial</thingDef>
          <countRange>
            <min>1</min>
            <max>2</max>
          </countRange>
        </li>
      </subOptionsChooseOne>
    </inventoryOptions>
    <initialWillRange>0~1</initialWillRange>
    <initialResistanceRange>2~5</initialResistanceRange>
  </PawnKindDef>

  <PawnKindDef ParentName="LeoMercenaryMidTierBase">
    <defName>Leo_Mercenary_Heavy</defName>
    <label>Leo heavy mercenary</label>
    <labelPlural>heavy mercenaries</labelPlural>
    <combatPower>150</combatPower>
    <gearHealthRange>
      <min>0.7</min>
      <max>3.2</max>
    </gearHealthRange>
    <apparelTags>
      <li>IndustrialBasic</li>
      <li>IndustrialAdvanced</li>
      <li>IndustrialMilitaryBasic</li>
      <li>IndustrialMilitaryAdvanced</li>
      <li>BeltDefensePop</li>
    </apparelTags>
    <apparelMoney>
      <min>200</min>
      <max>350</max>
    </apparelMoney>
    <apparelAllowHeadgearChance>0.5</apparelAllowHeadgearChance>
    <weaponMoney>
      <min>1200</min>
      <max>1200</max>
    </weaponMoney>
    <weaponTags>
      <li>GunHeavy</li>
    </weaponTags>
    <initialWillRange>0~1</initialWillRange>
    <initialResistanceRange>2~5</initialResistanceRange>
  </PawnKindDef>

  <!-- Elite tier -->
  
  <PawnKindDef Abstract="True" Name="LeoMercenaryEliteTierBase" ParentName="LeoMercenaryBase">
    <combatPower>150</combatPower>
    <maxGenerationAge>45</maxGenerationAge>
    <backstoryCryptosleepCommonality>0.25</backstoryCryptosleepCommonality>
    <gearHealthRange>
      <min>1</min>
      <max>1</max>
    </gearHealthRange>
    <apparelTags>
      <li>IndustrialBasic</li>
      <li>IndustrialAdvanced</li>
      <li>IndustrialMilitaryBasic</li>
      <li>IndustrialMilitaryAdvanced</li>
      <li>SpacerMilitary</li>
      <li>BeltDefensePop</li>
    </apparelTags>
    <apparelMoney>
      <min>2500</min>
      <max>3500</max>
    </apparelMoney>
    <apparelAllowHeadgearChance>0.9</apparelAllowHeadgearChance>
    <weaponMoney>
      <min>500</min>
      <max>1400</max>
    </weaponMoney>
    <weaponTags>
			<li>IndustrialGunAdvanced</li>
    </weaponTags>
    <techHediffsMoney>
      <min>1000</min>
      <max>1200</max>
    </techHediffsMoney>
    <techHediffsTags>
      <li>Advanced</li>
    </techHediffsTags>
    <techHediffsChance>0.35</techHediffsChance>
    <combatEnhancingDrugsChance>0.80</combatEnhancingDrugsChance>
    <combatEnhancingDrugsCount>
      <min>1</min>
      <max>2</max>
    </combatEnhancingDrugsCount>
  </PawnKindDef>

  <PawnKindDef ParentName="LeoMercenaryEliteTierBase">
    <defName>Leo_PirateBoss</defName>
    <label>Leo boss</label>
    <labelPlural>bosses</labelPlural>
    <factionLeader>true</factionLeader>
    <canBeSapper>true</canBeSapper>
    <inventoryOptions>
      <skipChance>0.8</skipChance>
      <subOptionsChooseOne>
        <li>
          <thingDef>Silver</thingDef>
          <countRange>
            <min>50</min>
            <max>200</max>
          </countRange>
        </li>
      </subOptionsChooseOne>
    </inventoryOptions>
    <initialWillRange>0~1</initialWillRange>
    <initialResistanceRange>2~5</initialResistanceRange>
  </PawnKindDef>

  <PawnKindDef ParentName="LeoMercenaryEliteTierBase">
    <defName>Leo_Mercenary_Elite</defName>
    <label>Leo elite mercenary</label>
    <labelPlural>elite mercenaries</labelPlural>
    <inventoryOptions>
      <skipChance>0.8</skipChance>
      <subOptionsChooseOne>
        <li>
          <thingDef>MedicineIndustrial</thingDef>
          <countRange>
            <min>1</min>
            <max>2</max>
          </countRange>
        </li>
      </subOptionsChooseOne>
    </inventoryOptions>
    <initialWillRange>0~1</initialWillRange>
    <initialResistanceRange>2~5</initialResistanceRange>
  </PawnKindDef>

<!-- Pirates -->

  <PawnKindDef Name="LeoPirateBase" Abstract="True">
    <race>YanzihkoLeo</race>
	<backstoryFiltersOverride>
        <li>
            <categories>
                <li>000_G_GenIndustries_BackstoriesChildhood</li>
				<li>000_G_GenIndustries_BackstoriesAdulthood</li>
            </categories>
        </li>
    </backstoryFiltersOverride>
    <defaultFactionType>Pirate</defaultFactionType>
    <chemicalAddictionChance>0.12</chemicalAddictionChance>
    <backstoryCryptosleepCommonality>0.05</backstoryCryptosleepCommonality>
    <invNutrition>2.55</invNutrition>
	<xenotypeSet>
      <xenotypeChances>
        <YZRCM_LeoXenotype MayRequire="Ludeon.RimWorld.Biotech">1</YZRCM_LeoXenotype>
      </xenotypeChances>
    </xenotypeSet>		  
  </PawnKindDef>

<!-- Poverty Tier -->

  <PawnKindDef ParentName="LeoPirateBase">
    <defName>Leo_Drifter</defName>
    <label>Leo drifter</label>
    <combatPower>35</combatPower>
    <invNutrition>0</invNutrition>
    <gearHealthRange>
      <min>0.2</min>
      <max>0.6</max>
    </gearHealthRange>
    <itemQuality>Poor</itemQuality>
    <apparelMoney>
      <min>90</min>
      <max>280</max>
    </apparelMoney>
    <apparelAllowHeadgearChance>0.2</apparelAllowHeadgearChance>
    <apparelTags>
      <li>IndustrialBasic</li>
    </apparelTags>
    <weaponMoney>
      <min>60</min>
      <max>200</max>
    </weaponMoney>
    <weaponTags>
      <li>MedievalMeleeBasic</li>
      <li>NeolithicMeleeBasic</li>
    </weaponTags>
    <techHediffsMoney>
      <min>50</min>
      <max>50</max>
    </techHediffsMoney>
    <techHediffsTags>
      <li>Poor</li>
    </techHediffsTags>
    <techHediffsChance>0.15</techHediffsChance>
    <inventoryOptions>
      <skipChance>0.9</skipChance>
      <subOptionsChooseOne>
        <li>
          <thingDef>Silver</thingDef>
          <countRange>
            <min>30</min>
            <max>70</max>
          </countRange>
        </li>
        <li>
          <thingDef>MedicineIndustrial</thingDef>
          <countRange>
            <min>1</min>
            <max>1</max>
          </countRange>
        </li>
      </subOptionsChooseOne>
    </inventoryOptions>
    <initialWillRange>0~1</initialWillRange>
    <initialResistanceRange>2~5</initialResistanceRange>
  </PawnKindDef>

  <!-- Low tier -->

  <PawnKindDef ParentName="LeoPirateBase" Name="LeoPirateScavTierBase" Abstract="True">
    <combatPower>45</combatPower>
    <backstoryCryptosleepCommonality>0.05</backstoryCryptosleepCommonality>
    <itemQuality>Poor</itemQuality>
    <apparelTags>
      <li>IndustrialBasic</li>
      <li>IndustrialAdvanced</li>
    </apparelTags>
    <gearHealthRange>
      <min>0.4</min>
      <max>1.1</max>
    </gearHealthRange>
    <apparelAllowHeadgearChance>0.4</apparelAllowHeadgearChance>
    <techHediffsMoney>
      <min>50</min>
      <max>50</max>
    </techHediffsMoney>
    <techHediffsTags>
      <li>Poor</li>
    </techHediffsTags>
    <techHediffsChance>0.04</techHediffsChance>
    <inventoryOptions>
      <skipChance>0.9</skipChance>
      <subOptionsChooseOne>
        <li>
          <thingDef>Silver</thingDef>
          <countRange>
            <min>25</min>
            <max>50</max>
          </countRange>
        </li>
        <li>
          <thingDef>MedicineIndustrial</thingDef>
          <countRange>
            <min>1</min>
            <max>1</max>
          </countRange>
        </li>
      </subOptionsChooseOne>
    </inventoryOptions>
  </PawnKindDef>
  
  <PawnKindDef ParentName="LeoPirateScavTierBase">
    <defName>Leo_Scavenger</defName>
    <label>Leo scavenger gunner</label>
    <apparelMoney>
      <min>300</min>
      <max>500</max>
    </apparelMoney>
    <weaponMoney>
      <min>200</min>
      <max>300</max>
    </weaponMoney>
    <weaponTags>
      <li>Gun</li>
    </weaponTags>
    <initialWillRange>0~1</initialWillRange>
    <initialResistanceRange>2~5</initialResistanceRange>
  </PawnKindDef>

  <PawnKindDef ParentName="LeoPirateScavTierBase">
    <defName>Leo_Thrasher</defName>
    <label>Leo scavenger thrasher</label>
    <canBeSapper>true</canBeSapper>
    <apparelMoney>
      <min>300</min>
      <max>800</max>
    </apparelMoney>
    <apparelTags>
      <li>Outlander</li>
		</apparelTags>
    <weaponMoney>
      <min>100</min>
      <max>160</max>
    </weaponMoney>
    <weaponTags>
      <li>NeolithicMeleeBasic</li>
      <li>MedievalMeleeBasic</li>
      <li>MedievalMeleeDecent</li>
    </weaponTags>
    <initialWillRange>0~1</initialWillRange>
    <initialResistanceRange>2~5</initialResistanceRange>
  </PawnKindDef>

  <!-- Mid tier -->

  <PawnKindDef ParentName="LeoPirateBase">
    <defName>Leo_Pirate</defName>
    <label>Leo pirate gunner</label>
    <combatPower>65</combatPower>
    <maxGenerationAge>65</maxGenerationAge>
    <gearHealthRange>
      <min>0.7</min>
      <max>2.3</max>
    </gearHealthRange>
    <apparelMoney>
      <min>400</min>
      <max>1000</max>
    </apparelMoney>
    <apparelTags>
      <li>IndustrialBasic</li>
      <li>IndustrialAdvanced</li>
      <li>IndustrialMilitaryBasic</li>
      <li>IndustrialMilitaryAdvanced</li>
    </apparelTags>
    <apparelAllowHeadgearChance>0.7</apparelAllowHeadgearChance>
    <weaponMoney>
      <min>250</min>
      <max>345</max>
    </weaponMoney>
    <weaponTags>
      <li>Gun</li>
    </weaponTags>
    <techHediffsChance>0.04</techHediffsChance>
    <techHediffsMoney>
      <min>50</min>
      <max>800</max>
    </techHediffsMoney>
    <techHediffsTags>
      <li>Poor</li>
      <li>Simple</li>
    </techHediffsTags>
    <inventoryOptions>
      <skipChance>0.8</skipChance>
      <subOptionsChooseOne>
        <li>
          <thingDef>Silver</thingDef>
          <countRange>
            <min>40</min>
            <max>80</max>
          </countRange>
        </li>
        <li>
          <thingDef>MedicineIndustrial</thingDef>
          <countRange>
            <min>1</min>
            <max>1</max>
          </countRange>
        </li>
      </subOptionsChooseOne>
    </inventoryOptions>
    <initialWillRange>0~1</initialWillRange>
    <initialResistanceRange>2~5</initialResistanceRange>
  </PawnKindDef>

<!-- Outlanders -->

  <PawnKindDef Name="LeoOutlanderBase" Abstract="True">
    <race>YanzihkoLeo</race>
	<backstoryFiltersOverride>
        <li>
            <categories>
                <li>000_G_GenIndustries_BackstoriesChildhood</li>
				<li>000_G_GenIndustries_BackstoriesAdulthood</li>
            </categories>
        </li>
    </backstoryFiltersOverride>
    <defaultFactionType>OutlanderCivil</defaultFactionType>
    <chemicalAddictionChance>0.05</chemicalAddictionChance>
    <backstoryCryptosleepCommonality>0.05</backstoryCryptosleepCommonality>
    <invNutrition>2.55</invNutrition>
    <apparelTags>
      <li>IndustrialBasic</li>
      <li>IndustrialAdvanced</li>
    </apparelTags>
    <inventoryOptions>
      <skipChance>0.70</skipChance>
      <subOptionsChooseOne>
        <li>
          <choiceChance>90</choiceChance>
          <thingDef>Silver</thingDef>
          <countRange>
            <min>30</min>
            <max>100</max>
          </countRange>
        </li>
      </subOptionsChooseOne>
    </inventoryOptions>
	<xenotypeSet>
      <xenotypeChances>
        <YZRCM_LeoXenotype MayRequire="Ludeon.RimWorld.Biotech">1</YZRCM_LeoXenotype>
      </xenotypeChances>
    </xenotypeSet>		  
  </PawnKindDef>

  <PawnKindDef ParentName="LeoOutlanderBase">
    <defName>Leo_Villager</defName>
    <label>Leo villager</label>
    <combatPower>35</combatPower>
    <itemQuality>Poor</itemQuality>
    <isFighter>false</isFighter>
    <gearHealthRange>
      <min>0.2</min>
      <max>2.0</max>
    </gearHealthRange>
    <weaponTags>
      <li>Gun</li>
      <li>MedievalMeleeBasic</li>
    </weaponTags>
    <weaponMoney>
      <min>65</min>
      <max>250</max>
    </weaponMoney>
    <apparelMoney>
      <min>200</min>
      <max>400</max>
    </apparelMoney>
    <apparelAllowHeadgearChance>0.4</apparelAllowHeadgearChance>
    <techHediffsChance>0.06</techHediffsChance>
    <techHediffsMoney>
      <min>50</min>
      <max>600</max>
    </techHediffsMoney>
    <techHediffsTags>
      <li>Poor</li>
      <li>Simple</li>
    </techHediffsTags>
    <initialWillRange>0~1</initialWillRange>
    <initialResistanceRange>2~5</initialResistanceRange>
  </PawnKindDef>

  <PawnKindDef ParentName="LeoOutlanderBase">
    <defName>Leo_Town_Guard</defName>
    <label>Leo town guard</label>
    <combatPower>55</combatPower>
    <isFighter>true</isFighter>
    <gearHealthRange>
      <min>0.6</min>
      <max>2</max>
    </gearHealthRange>
    <apparelTags>
      <li>IndustrialMilitaryBasic</li>
      <li>BeltDefensePop</li>
    </apparelTags>
    <apparelMoney>
      <min>400</min>
      <max>600</max>
    </apparelMoney>
    <apparelAllowHeadgearChance>0.4</apparelAllowHeadgearChance>
    <weaponTags>
      <li>Gun</li>
    </weaponTags>
    <weaponMoney>
      <min>250</min>
      <max>400</max>
    </weaponMoney>
    <techHediffsChance>0.04</techHediffsChance>
    <techHediffsMoney>
      <min>200</min>
      <max>700</max>
    </techHediffsMoney>
    <techHediffsTags>
      <li>Poor</li>
      <li>Simple</li>
    </techHediffsTags>
    <initialWillRange>0~1</initialWillRange>
    <initialResistanceRange>2~5</initialResistanceRange>
  </PawnKindDef>

  <PawnKindDef ParentName="LeoOutlanderBase">
    <defName>Leo_Town_Trader</defName>
    <label>Leo town trader</label>
    <trader>true</trader>
    <combatPower>40</combatPower>
    <isFighter>false</isFighter>
    <gearHealthRange>
      <min>1</min>
      <max>1</max>
    </gearHealthRange>
    <itemQuality>Normal</itemQuality>
    <weaponTags>
      <li>Gun</li>
    </weaponTags>
    <weaponMoney>
      <min>200</min>
      <max>200</max>
    </weaponMoney>
    <apparelMoney>
      <min>400</min>
      <max>600</max>
    </apparelMoney>
    <apparelTags>
      <li>IndustrialMilitaryBasic</li>
      <li>IndustrialMilitaryAdvanced</li>
      <li>BeltDefensePop</li>
    </apparelTags>
    <apparelRequired>
      <li>Apparel_BowlerHat</li>
    </apparelRequired>
    <techHediffsChance>0.15</techHediffsChance>
    <techHediffsMoney>
      <min>600</min>
      <max>1500</max>
    </techHediffsMoney>
    <techHediffsTags>
      <li>Poor</li>
      <li>Simple</li>
      <li>Advanced</li>
    </techHediffsTags>
    <initialWillRange>0~1</initialWillRange>
    <initialResistanceRange>2~5</initialResistanceRange>
  </PawnKindDef>

  <PawnKindDef ParentName="LeoOutlanderBase">
    <defName>Leo_Town_Councilman</defName>
    <label>Leo town councilman</label>
    <labelPlural>town councilmen</labelPlural>
    <combatPower>40</combatPower>
    <factionLeader>true</factionLeader>
    <minGenerationAge>30</minGenerationAge>
    <isFighter>false</isFighter>
    <gearHealthRange>
      <min>1</min>
      <max>1</max>
    </gearHealthRange>
    <itemQuality>Good</itemQuality>
    <weaponMoney>
      <min>200</min>
      <max>200</max>
    </weaponMoney>
    <weaponTags>
      <li>Gun</li>
    </weaponTags>
    <apparelMoney>
      <min>700</min>
      <max>1200</max>
    </apparelMoney>
    <apparelTags>
      <li>IndustrialMilitaryBasic</li>
      <li>BeltDefensePop</li>
    </apparelTags>
    <apparelRequired>
      <li>Apparel_BowlerHat</li>
    </apparelRequired>
    <techHediffsChance>0.15</techHediffsChance>
    <techHediffsMoney>
      <min>600</min>
      <max>1500</max>
    </techHediffsMoney>
    <techHediffsTags>
      <li>Simple</li>
      <li>Advanced</li>
    </techHediffsTags>
    <initialWillRange>0~1</initialWillRange>
    <initialResistanceRange>2~5</initialResistanceRange>
  </PawnKindDef>

<!-- Tribal -->

  <PawnKindDef Name="LeoTribalBase" Abstract="True">
    <race>YanzihkoLeo</race>
	<backstoryFiltersOverride>
        <li>
            <categories>
                <li>000_G_GenIndustries_BackstoriesChildhood</li>
				<li>000_G_GenIndustries_BackstoriesAdulthood</li>
            </categories>
        </li>
    </backstoryFiltersOverride>
    <defaultFactionType>TribeCivil</defaultFactionType>
    <maxGenerationAge>60</maxGenerationAge>
    <chemicalAddictionChance>0.05</chemicalAddictionChance>
    <invNutrition>2.55</invNutrition>
    <invFoodDef>Pemmican</invFoodDef>
    <apparelTags>
      <li>Neolithic</li>
    </apparelTags>
	<xenotypeSet>
      <xenotypeChances>
        <YZRCM_LeoXenotype MayRequire="Ludeon.RimWorld.Biotech">1</YZRCM_LeoXenotype>
      </xenotypeChances>
    </xenotypeSet>		  
  </PawnKindDef>

<!-- Poverty Tier -->

  <PawnKindDef ParentName="LeoTribalBase">
    <defName>Leo_Tribal_Penitent</defName>
    <label>Leo penitent</label>
    <combatPower>35</combatPower>
    <chemicalAddictionChance>0.10</chemicalAddictionChance>
    <invNutrition>0</invNutrition>
    <itemQuality>Poor</itemQuality>
    <gearHealthRange>
      <min>0.2</min>
      <max>1.1</max>
    </gearHealthRange>
    <apparelMoney>
      <min>50</min>
      <max>100</max>
    </apparelMoney>
    <weaponMoney>
      <min>90</min>
      <max>150</max>
    </weaponMoney>
    <weaponTags>
      <li>NeolithicMeleeBasic</li>
    </weaponTags>
    <techHediffsMoney>
      <min>50</min>
      <max>50</max>
    </techHediffsMoney>
    <techHediffsTags>
      <li>Poor</li>
    </techHediffsTags>
    <techHediffsChance>0.15</techHediffsChance>
    <initialWillRange>0~1</initialWillRange>
    <initialResistanceRange>2~5</initialResistanceRange>
  </PawnKindDef>

<!-- Low Tier -->

  <PawnKindDef ParentName="LeoTribalBase">
		<defName>Leo_Tribal_Archer</defName>
		<label>Leo archer</label>
    <combatPower>48</combatPower>
    <itemQuality>Poor</itemQuality>
    <gearHealthRange>
      <min>0.5</min>
      <max>1.8</max>
    </gearHealthRange>
    <apparelMoney>
      <min>180</min>
      <max>350</max>
    </apparelMoney>
    <weaponMoney>
			<min>80</min>
			<max>80</max>
		</weaponMoney>
		<weaponTags>
			<li>NeolithicRangedBasic</li>
		</weaponTags>
    <techHediffsMoney>
      <min>50</min>
      <max>50</max>
    </techHediffsMoney>
    <techHediffsTags>
      <li>Poor</li>
    </techHediffsTags>
    <techHediffsChance>0.03</techHediffsChance>
    <initialWillRange>0~1</initialWillRange>
    <initialResistanceRange>2~5</initialResistanceRange>
	</PawnKindDef>

<!-- Mid tier -->

  <PawnKindDef ParentName="LeoTribalBase">
    <defName>Leo_Tribal_Warrior</defName>
    <label>Leo warrior</label>
    <combatPower>60</combatPower>
    <itemQuality>Poor</itemQuality>
    <canBeSapper>true</canBeSapper>
    <gearHealthRange>
      <min>0.5</min>
      <max>1.8</max>
    </gearHealthRange>
    <apparelMoney>
      <min>200</min>
      <max>300</max>
    </apparelMoney>
    <apparelRequired>
      <li>Apparel_WarVeil</li>
    </apparelRequired>
    <weaponMoney>
      <min>150</min>
      <max>150</max>
    </weaponMoney>
    <weaponTags>
      <li>NeolithicMeleeDecent</li>
    </weaponTags>
    <initialWillRange>0~1</initialWillRange>
    <initialResistanceRange>2~5</initialResistanceRange>
  </PawnKindDef>

  <PawnKindDef ParentName="LeoTribalBase" Name="LeoTribal_Hunter">
    <defName>Leo_Tribal_Hunter</defName>
    <label>Leo hunter</label>
    <combatPower>65</combatPower>
    <gearHealthRange>
      <min>0.5</min>
      <max>1.8</max>
    </gearHealthRange>
    <apparelMoney>
      <min>200</min>
      <max>300</max>
    </apparelMoney>
    <apparelRequired>
      <li>Apparel_WarVeil</li>
    </apparelRequired>
    <weaponMoney>
      <min>100</min>
      <max>100</max>
    </weaponMoney>
    <weaponTags>
      <li>NeolithicRangedDecent</li>
    </weaponTags>
    <initialWillRange>0~1</initialWillRange>
    <initialResistanceRange>2~5</initialResistanceRange>
  </PawnKindDef>

  <PawnKindDef ParentName="LeoTribal_Hunter">
    <defName>Leo_Tribal_Trader</defName>
    <label>Leo trader</label>
    <trader>true</trader>
    <apparelRequired Inherit="False">
      <li>Apparel_TribalHeaddress</li>
    </apparelRequired>
    <initialWillRange>0~1</initialWillRange>
    <initialResistanceRange>2~5</initialResistanceRange>
  </PawnKindDef>

<!-- High Tier -->

  <PawnKindDef ParentName="LeoTribalBase">
    <defName>Leo_Tribal_Berserker</defName>
    <label>Leo berserker</label>
    <combatPower>90</combatPower>
    <canBeSapper>true</canBeSapper>
    <apparelMoney>
      <min>200</min>
      <max>550</max>
    </apparelMoney>
    <apparelRequired>
      <li>Apparel_WarMask</li>
    </apparelRequired>
    <weaponMoney>
      <min>300</min>
      <max>300</max>
    </weaponMoney>
    <weaponTags>
      <li>NeolithicMeleeAdvanced</li>
    </weaponTags>
    <initialWillRange>0~1</initialWillRange>
    <initialResistanceRange>2~5</initialResistanceRange>
  </PawnKindDef>

  <PawnKindDef ParentName="LeoTribalBase">
    <defName>Leo_Tribal_HeavyArcher</defName>
    <label>Leo heavy archer</label>
    <combatPower>90</combatPower>
    <apparelMoney>
      <min>200</min>
      <max>550</max>
    </apparelMoney>
    <apparelRequired>
      <li>Apparel_WarMask</li>
    </apparelRequired>
    <weaponMoney>
      <min>250</min>
      <max>250</max>
    </weaponMoney>
    <weaponTags>
      <li>NeolithicRangedHeavy</li>
    </weaponTags>
    <initialWillRange>0~1</initialWillRange>
    <initialResistanceRange>2~5</initialResistanceRange>
  </PawnKindDef>

  <PawnKindDef ParentName="LeoTribalBase" Name="LeoTribalChiefBase" Abstract="True">
    <defName>Leo_Tribal_ChiefMelee</defName>
    <combatPower>130</combatPower>
    <minGenerationAge>30</minGenerationAge>
    <maxGenerationAge>999</maxGenerationAge>
    <itemQuality>Normal</itemQuality>
    <factionLeader>true</factionLeader>
    <canBeSapper>true</canBeSapper>
    <apparelMoney>
      <min>450</min>
      <max>750</max>
    </apparelMoney>
    <apparelRequired>
      <li>Apparel_TribalHeaddress</li>
      <li>Apparel_PlateArmor</li>
    </apparelRequired>
    <weaponMoney>
      <min>500</min>
      <max>1000</max>
    </weaponMoney>
  </PawnKindDef>

  <PawnKindDef ParentName="LeoTribalChiefBase">
    <defName>Leo_Tribal_ChiefMelee</defName>
    <label>Leo berserker chief</label>
    <weaponTags>
      <li>NeolithicMeleeAdvanced</li>
      <li>MedievalMeleeAdvanced</li>
    </weaponTags>
    <initialWillRange>0~1</initialWillRange>
    <initialResistanceRange>2~5</initialResistanceRange>
  </PawnKindDef>

	<PawnKindDef ParentName="LeoTribalChiefBase">
		<defName>Leo_Tribal_ChiefRanged</defName>
		<label>Leo archer chief</label>
		<weaponTags>
			<li>NeolithicRangedChief</li>
		</weaponTags>
    <initialWillRange>0~1</initialWillRange>
    <initialResistanceRange>2~5</initialResistanceRange>
	</PawnKindDef>

</Defs>