﻿<?xml version="1.0" encoding="utf-8" ?>
<Defs>
<RulePackDef>
        <defName>SylveonNameM</defName>
        <rulePack>
            <rulesStrings>
                <li>name->[FirstM] '[SecondM]' [Ident]</li>
            </rulesStrings>
            <rulesRaw>
                <li Class="Rule_File">
                    <keyword>FirstM</keyword>
                    <path>SylveonNames/SylveonMaleFirstName</path>
                </li>
                <li Class="Rule_File">
                    <keyword>SecondM</keyword>
                    <path>SylveonNames/SylveonMaleMidName</path>
                </li>
                <li Class="Rule_File">
                    <keyword>Ident</keyword>
                    <path>SylveonNames/SylveonSurName</path>
                </li>
            </rulesRaw>
        </rulePack>
    </RulePackDef>
    
        <RulePackDef>
        <defName>SylveonNameF</defName>
        <rulePack>
            <rulesStrings>
                <li>name->[FirstF] '[SecondF]' [Ident]</li>
            </rulesStrings>
            <rulesRaw>
                <li Class="Rule_File">
                    <keyword>FirstF</keyword>
                    <path>SylveonNames/SylveonFemaleFirstName</path>
                </li>
                <li Class="Rule_File">
                    <keyword>SecondF</keyword>
                    <path>SylveonNames/SylveonFemaleMidName</path>
                </li>
                <li Class="Rule_File">
                    <keyword>Ident</keyword>
                    <path>SylveonNames/SylveonSurName</path>
                </li>
            </rulesRaw>
        </rulePack>
    </RulePackDef>
</Defs>