﻿<?xml version="1.0" encoding="utf-8"?>
<ModMetaData>
<name>Eeveelutions - Sylveon Module [1.5]</name>
<author>Yanzihko</author>
<packageId>yanzihko.ESYLVM</packageId>
<supportedVersions>
		<li>1.5</li>
</supportedVersions>
<modIconPath IgnoreIfNoMatchingField="True">UI/Minimodsylv</modIconPath>
<description>
	
Sylveon is a vulpine and lupine hybrid species engineered by maniacal owner of an industrial company in a now ravaged glitterworld to be a cheap working force at all kinds of company's facilities. Sylveon's adorable appearence has no practical purpose and was a purely aesthetic choice. All sylveons sport a telltale ribbonlike appendage set connected to their heads near a bowlike organ allowing them to move their ribbons with extreme precision and preform menial tasks easily while using their hands for specific and higher skill actions. Sylveons also boast a high intellectual ability yet have much weaker physical strength due to it being useless in high tech facilities and conditions of glitterworld. Sylveons are incredible crafters and even good researchers. But their bodies are incredibly weak and any injury of the bows dramatically reduces their productivity.

Support me at Boosty: https://boosty.to/yanzihko
</description>
	<modDependencies>
		<li>
			<packageId>erdelf.HumanoidAlienRaces</packageId>
			<displayName>Humanoid Alien Races 2.0</displayName>
			<steamWorkshopUrl>steam://url/CommunityFilePage/839005762</steamWorkshopUrl>
		</li>
		<li>
			<packageId>yanzihko.YZRCM</packageId>
			<displayName>Yanzihko's Races - Core Module [YZRCM][1.5]</displayName>
			<steamWorkshopUrl>steam://url/CommunityFilePage/3005787388</steamWorkshopUrl>
		</li>
	</modDependencies>
</ModMetaData>