<?xml version="1.0" encoding="utf-8" ?>
<Defs>
<TerrainDef Name="Archofloor_base" ParentName="FloorBase" Abstract = "True">
    <defName>ArchoFloor</defName>
    <label>archofloor</label>
    <renderPrecedence>242</renderPrecedence>
    <description>Artificial floor made with usage of archotech blocks. This floor is sterile and extremely beauteful with its wondreous slowly changing patterns.</description>
    <texturePath>Terrain/Surfaces/archofloor</texturePath>
    <statBases>
      <Beauty>10</Beauty>
      <WorkToBuild>800</WorkToBuild>
      <Cleanliness>5</Cleanliness>
    </statBases>
    <costList>
      <BlockArchotech>1</BlockArchotech>
    </costList>
	<designatorDropdown>Floor_Archo</designatorDropdown>
    <constructEffect>ConstructMetal</constructEffect>
    <constructionSkillPrerequisite>5</constructionSkillPrerequisite>
	<researchPrerequisites>
      <li>ArchoFurniture</li>
    </researchPrerequisites>
  </TerrainDef>
  
  <TerrainDef ParentName= "Archofloor_base">
	<defName>ArchoFloorGreen</defName>
	<label>green archofloor</label>
	<renderPrecedence>200</renderPrecedence>
    <description>Artificial floor made with usage of archotech blocks. This floor is sterile and extremely beauteful with its wondreous slowly changing patterns.</description>
    <color>(60,179,113)</color>
  </TerrainDef>
  
  <TerrainDef ParentName= "Archofloor_base">
	<defName>ArchoFloorBlue</defName>
	<label>blue archofloor</label>
	<renderPrecedence>200</renderPrecedence>
    <description>Artificial floor made with usage of archotech blocks. This floor is sterile and extremely beauteful with its wondreous slowly changing patterns.</description>
    <color>(100,149,237)</color>
  </TerrainDef>
  
  <TerrainDef ParentName= "Archofloor_base">
	<defName>ArchoFloorRed</defName>
	<label>red archofloor</label>
	<renderPrecedence>200</renderPrecedence>
    <description>Artificial floor made with usage of archotech blocks. This floor is sterile and extremely beauteful with its wondreous slowly changing patterns.</description>
    <color>(139,0,0)</color>
  </TerrainDef>
  
  <TerrainDef ParentName= "Archofloor_base">
	<defName>ArchoFloorYellow</defName>
	<label>yellow archofloor</label>
	<renderPrecedence>200</renderPrecedence>
    <description>Artificial floor made with usage of archotech blocks. This floor is sterile and extremely beauteful with its wondreous slowly changing patterns.</description>
    <color>(255,255,102)</color>
  </TerrainDef>
  
  <TerrainDef ParentName= "Archofloor_base">
	<defName>ArchoFloorPurple</defName>
	<label>purple archofloor</label>
	<renderPrecedence>200</renderPrecedence>
    <description>Artificial floor made with usage of archotech blocks. This floor is sterile and extremely beauteful with its wondreous slowly changing patterns.</description>
    <color>(218,112,214)</color>
  </TerrainDef>
  
  <TerrainDef ParentName= "Archofloor_base">
	<defName>ArchoFloorPink</defName>
	<label>salmon archofloor</label>
	<renderPrecedence>200</renderPrecedence>
    <description>Artificial floor made with usage of archotech blocks. This floor is sterile and extremely beauteful with its wondreous slowly changing patterns.</description>
    <color>(255,128,114)</color>
  </TerrainDef>
  
  <TerrainDef ParentName= "Archofloor_base">
	<defName>ArchoFloorCyan</defName>
	<label>cyan archofloor</label>
	<renderPrecedence>200</renderPrecedence>
    <description>Artificial floor made with usage of archotech blocks. This floor is sterile and extremely beauteful with its wondreous slowly changing patterns.</description>
    <color>(0,255,255)</color>
  </TerrainDef>
  
  <TerrainDef ParentName= "Archofloor_base">
	<defName>ArchoFloorWhite</defName>
	<label>white archofloor</label>
	<renderPrecedence>200</renderPrecedence>
    <description>Artificial floor made with usage of archotech blocks. This floor is sterile and extremely beauteful with its wondreous slowly changing patterns.</description>
    <color>(255,255,255)</color>
  </TerrainDef>
  
  <TerrainDef ParentName= "Archofloor_base">
	<defName>ArchoFloorBlack</defName>
	<label>black archofloor</label>
	<renderPrecedence>200</renderPrecedence>
    <description>Artificial floor made with usage of archotech blocks. This floor is sterile and extremely beauteful with its wondreous slowly changing patterns.</description>
    <color>(50,50,50)</color>
  </TerrainDef>
  
  <TerrainDef Name="Archosoil_base" ParentName="FloorBase" Abstract = "True">
    <defName>ArchoSoilBase</defName>
    <label>archosoil</label>
    <renderPrecedence>242</renderPrecedence>
    <description>Artificial soil made with usage of archotech blocks and archomachinery. Archomachinery carefully takes care of plants and provides them with everything necessary.</description>
    <texturePath>Terrain/Surfaces/archosoil</texturePath>
    <statBases>
      <Beauty>10</Beauty>
      <WorkToBuild>800</WorkToBuild>
      <Cleanliness>5</Cleanliness>
    </statBases>
    <costList>
      <BlockArchotech>1</BlockArchotech>
	  <Picomachinery>5</Picomachinery>
	  <Femtomachinery>5</Femtomachinery>
    </costList>
	<designatorDropdown>Floor_ArchoSoil</designatorDropdown>
    <constructEffect>ConstructMetal</constructEffect>
    <constructionSkillPrerequisite>5</constructionSkillPrerequisite>
	<researchPrerequisites>
      <li>ArchoIndustrySol</li>
    </researchPrerequisites>
  </TerrainDef>
  
  <TerrainDef ParentName= "Archosoil_base">
	<defName>Archosoil</defName>
	<label>archosoil</label>
	<renderPrecedence>200</renderPrecedence>
    <description>Artificial soil made with usage of archotech blocks and archomachinery. Archomachinery carefully takes care of plants and provides them with everything necessary</description>
    <color>(155,118,83)</color>
	<affordances>
      <li>GrowSoil</li>
    </affordances>
	<fertility>5</fertility>
	<researchPrerequisites>
      <li>ArchoIndustrySol</li>
    </researchPrerequisites>
  </TerrainDef>
  
 </Defs>