﻿<?xml version="1.0" encoding="utf-8" ?>
<Defs>

  <ThingDef ParentName="SculptureBase">
    <defName>SculptureZoidsFuryLeft</defName>
    <label>Zoid Fury Sculpture (LEFT)</label>
    <description>A sculpture of Zoid Fury</description>
    <castEdgeShadows>true</castEdgeShadows>
    <graphicData>
	  <graphicClass>Graphic_Single</graphicClass>
      <texPath>Things/Building/Art/ZoidsFuryLeft</texPath>
      <drawSize>(4,4)</drawSize>
    </graphicData>
    <fillPercent>0.5</fillPercent>
    <rotatable>false</rotatable>
    <size>(2,2)</size>
    <canOverlapZones>false</canOverlapZones>
    <statBases>
      <MaxHitPoints>300</MaxHitPoints>
      <Beauty>400</Beauty>
      <Mass>28</Mass>
      <WorkToMake>105000</WorkToMake>
      <StyleDominance MayRequire="Ludeon.RimWorld.Ideology">40</StyleDominance>
    </statBases>
    <stuffCategories>
      <li>Metallic</li>
      <li>Woody</li>
      <li>Stony</li>
    </stuffCategories>
    <costStuffCount>400</costStuffCount>
  </ThingDef>
  
  <ThingDef ParentName="SculptureBase">
    <defName>SculptureZoidsFuryRight</defName>
    <label>Zoid Fury Sculpture (RIGHT)</label>
    <description>A sculpture of Zoid Fury</description>
    <castEdgeShadows>true</castEdgeShadows>
    <graphicData>
	  <graphicClass>Graphic_Single</graphicClass>
      <texPath>Things/Building/Art/ZoidsFuryRight</texPath>
      <drawSize>(4,4)</drawSize>
    </graphicData>
    <fillPercent>0.5</fillPercent>
    <rotatable>false</rotatable>
    <size>(2,2)</size>
    <canOverlapZones>false</canOverlapZones>
    <statBases>
      <MaxHitPoints>300</MaxHitPoints>
      <Beauty>400</Beauty>
      <Mass>28</Mass>
      <WorkToMake>105000</WorkToMake>
      <StyleDominance MayRequire="Ludeon.RimWorld.Ideology">40</StyleDominance>
    </statBases>
    <stuffCategories>
      <li>Metallic</li>
      <li>Woody</li>
      <li>Stony</li>
    </stuffCategories>
    <costStuffCount>400</costStuffCount>
  </ThingDef>
  
  <ThingDef ParentName="SculptureBase">
    <defName>SculptureZoidsLigerLeft</defName>
    <label>Zoid Liger Sculpture (LEFT)</label>
    <description>A sculpture of Zoid Liger</description>
    <castEdgeShadows>true</castEdgeShadows>
    <graphicData>
	  <graphicClass>Graphic_Single</graphicClass>
      <texPath>Things/Building/Art/ZoidsLigerLeft</texPath>
      <drawSize>(4,4)</drawSize>
    </graphicData>
    <fillPercent>0.5</fillPercent>
    <rotatable>false</rotatable>
    <size>(2,2)</size>
    <canOverlapZones>false</canOverlapZones>
    <statBases>
      <MaxHitPoints>300</MaxHitPoints>
      <Beauty>400</Beauty>
      <Mass>28</Mass>
      <WorkToMake>105000</WorkToMake>
      <StyleDominance MayRequire="Ludeon.RimWorld.Ideology">40</StyleDominance>
    </statBases>
    <stuffCategories>
      <li>Metallic</li>
      <li>Woody</li>
      <li>Stony</li>
    </stuffCategories>
    <costStuffCount>400</costStuffCount>
  </ThingDef>
  
  <ThingDef ParentName="SculptureBase">
    <defName>SculptureZoidsLigerRight</defName>
    <label>Zoid Liger Sculpture (RIGHT)</label>
    <description>A sculpture of Zoid Liger</description>
    <castEdgeShadows>true</castEdgeShadows>
    <graphicData>
	  <graphicClass>Graphic_Single</graphicClass>
      <texPath>Things/Building/Art/ZoidsLigerRight</texPath>
      <drawSize>(4,4)</drawSize>
    </graphicData>
    <fillPercent>0.5</fillPercent>
    <rotatable>false</rotatable>
    <size>(2,2)</size>
    <canOverlapZones>false</canOverlapZones>
    <statBases>
      <MaxHitPoints>300</MaxHitPoints>
      <Beauty>400</Beauty>
      <Mass>28</Mass>
      <WorkToMake>105000</WorkToMake>
      <StyleDominance MayRequire="Ludeon.RimWorld.Ideology">40</StyleDominance>
    </statBases>
    <stuffCategories>
      <li>Metallic</li>
      <li>Woody</li>
      <li>Stony</li>
    </stuffCategories>
    <costStuffCount>400</costStuffCount>
  </ThingDef>
  
  <ThingDef ParentName="SculptureBase">
    <defName>SculptureZoidsWolfLeft</defName>
    <label>Zoid Wolf Sculpture (LEFT)</label>
    <description>A sculpture of Zoid Wolf</description>
    <castEdgeShadows>true</castEdgeShadows>
    <graphicData>
	  <graphicClass>Graphic_Single</graphicClass>
      <texPath>Things/Building/Art/ZoidsWolfLeft</texPath>
      <drawSize>(4,4)</drawSize>
    </graphicData>
    <fillPercent>0.5</fillPercent>
    <rotatable>false</rotatable>
    <size>(2,2)</size>
    <canOverlapZones>false</canOverlapZones>
    <statBases>
      <MaxHitPoints>300</MaxHitPoints>
      <Beauty>400</Beauty>
      <Mass>28</Mass>
      <WorkToMake>105000</WorkToMake>
      <StyleDominance MayRequire="Ludeon.RimWorld.Ideology">40</StyleDominance>
    </statBases>
    <stuffCategories>
      <li>Metallic</li>
      <li>Woody</li>
      <li>Stony</li>
    </stuffCategories>
    <costStuffCount>400</costStuffCount>
  </ThingDef>
  
  <ThingDef ParentName="SculptureBase">
    <defName>SculptureZoidsWolfRigh</defName>
    <label>Zoid Wolf Sculpture (RIGHT)</label>
    <description>A sculpture of Zoid Wolf</description>
    <castEdgeShadows>true</castEdgeShadows>
    <graphicData>
	  <graphicClass>Graphic_Single</graphicClass>
      <texPath>Things/Building/Art/ZoidsWolfRight</texPath>
      <drawSize>(4,4)</drawSize>
    </graphicData>
    <fillPercent>0.5</fillPercent>
    <rotatable>false</rotatable>
    <size>(2,2)</size>
    <canOverlapZones>false</canOverlapZones>
    <statBases>
      <MaxHitPoints>300</MaxHitPoints>
      <Beauty>400</Beauty>
      <Mass>28</Mass>
      <WorkToMake>105000</WorkToMake>
      <StyleDominance MayRequire="Ludeon.RimWorld.Ideology">40</StyleDominance>
    </statBases>
    <stuffCategories>
      <li>Metallic</li>
      <li>Woody</li>
      <li>Stony</li>
    </stuffCategories>
    <costStuffCount>400</costStuffCount>
  </ThingDef>

</Defs>
