﻿<?xml version="1.0" encoding="utf-8" ?>
<Defs>
<RulePackDef>
        <defName>KisalfarNameM</defName>
        <rulePack>
            <rulesStrings>
                <li>name->[FirstM] '[SecondM]' [Ident]</li>
            </rulesStrings>
            <rulesRaw>
                <li Class="Rule_File">
                    <keyword>FirstM</keyword>
                    <path>KisalfarNames/KisalfarMaleFirstName</path>
                </li>
                <li Class="Rule_File">
                    <keyword>SecondM</keyword>
                    <path>KisalfarNames/KisalfarMaleMidName</path>
                </li>
                <li Class="Rule_File">
                    <keyword>Ident</keyword>
                    <path>KisalfarNames/KisalfarSurName</path>
                </li>
            </rulesRaw>
        </rulePack>
    </RulePackDef>
    
        <RulePackDef>
        <defName>KisalfarNameF</defName>
        <rulePack>
            <rulesStrings>
                <li>name->[FirstF] '[SecondF]' [Ident]</li>
            </rulesStrings>
            <rulesRaw>
                <li Class="Rule_File">
                    <keyword>FirstF</keyword>
                    <path>KisalfarNames/KisalfarFemaleFirstName</path>
                </li>
                <li Class="Rule_File">
                    <keyword>SecondF</keyword>
                    <path>KisalfarNames/KisalfarFemaleMidName</path>
                </li>
                <li Class="Rule_File">
                    <keyword>Ident</keyword>
                    <path>KisalfarNames/KisalfarSurName</path>
                </li>
            </rulesRaw>
        </rulePack>
    </RulePackDef>
</Defs>