﻿<?xml version="1.0" encoding="utf-8" ?>
<Defs>

<ScenarioDef>
	<defName>BZoroarkScenario1</defName>
	<label>Stranded Ship</label>
	<description>You've been in a state of cryptosleep for years, lost in rim sectors of known space at glitterworld cargo ship with mere percents of fuel remaining. Nearest star has captured your vessel into its gravitational field and thanks to pure luck, you've stumbled upon habitable rimworld. Ship AI emerged all life forms from cryptosleep, including you and 2 other persons in neighbouring pods. You took everything you could and rushed to the escape pod...</description>
	<scenario>
		<summary>Three Zoroark colonists with a small stash of advanced resources. Zoroark are very similiar to Human pawns and do not have major differences. Medium Difficulty.</summary>
		<playerFaction>
			<def>PlayerFaction</def>
			<factionDef>PlayerZoroarkIndustrial</factionDef>
		</playerFaction>
		<parts>
			<li Class="ScenPart_ConfigPage_ConfigureStartingPawns">
				<def>ConfigPage_ConfigureStartingPawns</def>
				<pawnCount>3</pawnCount>
			</li>
			<li Class="ScenPart_PlayerPawnsArriveMethod">
				<def>PlayerPawnsArriveMethod</def>
				<method>DropPods</method>
			</li>
			<li Class="ScenPart_StartingThing_Defined">
				<def>StartingThing_Defined</def>
				<thingDef>MealSurvivalPack</thingDef>
				<count>30</count>
			</li>
			<li Class="ScenPart_StartingThing_Defined">
				<def>StartingThing_Defined</def>
				<thingDef>MedicineUltratech</thingDef>
				<count>10</count>
			</li>
			<li Class="ScenPart_StartingThing_Defined">
				<def>StartingThing_Defined</def>
				<thingDef>ComponentIndustrial</thingDef>
				<count>10</count>
			</li>
			<li Class="ScenPart_StartingThing_Defined">
				<def>StartingThing_Defined</def>
				<thingDef>ComponentSpacer</thingDef>
				<count>5</count>
			</li>
			<li Class="ScenPart_StartingThing_Defined">
				<def>StartingThing_Defined</def>
				<thingDef>Gun_AssaultRifle</thingDef>
				<count>3</count>
			</li>
			<li Class="ScenPart_ScatterThingsNearPlayerStart">
				<def>ScatterThingsNearPlayerStart</def>
				<thingDef>Plasteel</thingDef>
				<count>100</count>
			</li>
			<li Class="ScenPart_ScatterThingsNearPlayerStart">
				<def>ScatterThingsNearPlayerStart</def>
				<thingDef>Steel</thingDef>
				<count>200</count>
			</li>
			<li Class="ScenPart_ScatterThingsNearPlayerStart">
				<def>ScatterThingsNearPlayerStart</def>
				<thingDef>WoodLog</thingDef>
				<count>100</count>
			</li>
			<li Class="ScenPart_ScatterThingsAnywhere">
				<def>ScatterThingsAnywhere</def>
				<thingDef>ShipChunk</thingDef>
				<count>6</count>
			</li>
			<li Class="ScenPart_ScatterThingsAnywhere">
				<def>ScatterThingsAnywhere</def>
				<thingDef>Steel</thingDef>
				<count>200</count>
			</li>
			<li Class="ScenPart_GameStartDialog">
          <def>GameStartDialog</def>
          <text>It's a miracle that you've stumbled upon this rimworld. You rush into the escape pod and carefully undock. Computer in the pod shows analysis of the world below you. Breathable atmosphere, presence of life, and habitable environments. Not very promising, it's typical parameters for most rimworlds, but do you really have to ask for more in situaton like this? Initiating atmosphere entry in 3... 2... 1...</text>
          <closeSound>GameStartSting</closeSound>
        </li>
		</parts>
	</scenario>
</ScenarioDef>

</Defs>