﻿<?xml version="1.0" encoding="utf-8" ?>
<Defs>
<FactionDef ParentName="FactionBase" Abstract="True" Name="GardevoirFactionBase">
    <settlementTexturePath>World/WorldObjects/GardevoirBase</settlementTexturePath>
    <colorSpectrum>
      <li>(0.95,0.64,0.38)</li>
    </colorSpectrum>
  </FactionDef>
  
	<!--TRIBAL FACTION-->
  <FactionDef ParentName="GardevoirFactionBase">
    <defName>PlayerGardevoirTribal</defName>
    <label>Gardevoir Tribe</label>
    <description>Gardevoir tribe</description>
    <isPlayer>true</isPlayer>
    <pawnSingular>Gardevoir</pawnSingular>
    <pawnsPlural>Gardevoir</pawnsPlural>
    <basicMemberKind>GardevoirTribalPawn</basicMemberKind>
    <techLevel>Neolithic</techLevel>
    <backstoryFilters>
      <li>
        <categories>
          <li>Tribal</li>
        </categories>
      </li>
    </backstoryFilters>
    <factionIconPath>World/WorldObjects/Gardevoir_Faction</factionIconPath>
    <settlementTexturePath>World/WorldObjects/Gardevoir_Base</settlementTexturePath>
    <playerInitialSettlementNameMaker>NamerInitialSettlementColony</playerInitialSettlementNameMaker>
    <factionNameMaker>NamerFactionTribal</factionNameMaker>
    <settlementNameMaker>NamerSettlementTribal</settlementNameMaker>
	<allowedCultures>
      <li>Corunan</li>
    </allowedCultures>
    <startingResearchTags>
      <li>TribalStart</li>
    </startingResearchTags>
    <startingTechprintsResearchTags>
      <li>TribalStart</li>
      <li>TribalStartTechprints</li>
    </startingTechprintsResearchTags>
    <apparelStuffFilter>
      <thingDefs>
        <li>DevilstrandCloth</li>
      </thingDefs>
    </apparelStuffFilter>
    <recipePrerequisiteTags>
      <li>Tribal</li>
    </recipePrerequisiteTags>
    </FactionDef>
	
	<!--TRIBAL FACTION (NO TECH AT START)-->
	<FactionDef ParentName="GardevoirFactionBase">
    <defName>PlayerGardevoirTribalNoTech</defName>
    <label>Gardevoir Tribe (No tech)</label>
    <description>Gardevoir tribe</description>
    <isPlayer>true</isPlayer>
    <pawnSingular>Gardevoir</pawnSingular>
    <pawnsPlural>Gardevoir</pawnsPlural>
    <basicMemberKind>GardevoirTribalPawn</basicMemberKind>
    <techLevel>Neolithic</techLevel>
    <backstoryFilters>
      <li>
        <categories>
          <li>Tribal</li>
        </categories>
      </li>
    </backstoryFilters>
    <factionIconPath>World/WorldObjects/Gardevoir_Faction</factionIconPath>
    <settlementTexturePath>World/WorldObjects/Gardevoir_Base</settlementTexturePath>
    <playerInitialSettlementNameMaker>NamerInitialSettlementColony</playerInitialSettlementNameMaker>
    <factionNameMaker>NamerFactionTribal</factionNameMaker>
    <settlementNameMaker>NamerSettlementTribal</settlementNameMaker>
	<allowedCultures>
      <li>Corunan</li>
    </allowedCultures>
    <startingResearchTags>
      <li>TribalStart</li>
    </startingResearchTags>
    <startingTechprintsResearchTags>
      <li>TribalStart</li>
      <li>TribalStartTechprints</li>
    </startingTechprintsResearchTags>
    <apparelStuffFilter>
      <thingDefs>
        <li>DevilstrandCloth</li>
      </thingDefs>
    </apparelStuffFilter>
    <recipePrerequisiteTags>
      <li>Tribal</li>
    </recipePrerequisiteTags>
    </FactionDef>
	
	<!--INDUSTRIAL FACTION-->
	<FactionDef ParentName="GardevoirFactionBase">
    <defName>PlayerGardevoirIndustrial</defName>
    <label>Gardevoir Colony</label>
    <description>Gardevoir Colony</description>
    <isPlayer>true</isPlayer>
    <pawnSingular>Gardevoir</pawnSingular>
    <pawnsPlural>Gardevoir</pawnsPlural>
    <basicMemberKind>GardevoirIndustrialPawn</basicMemberKind>
    <techLevel>Industrial</techLevel>
    <backstoryFilters>
      <li>
        <categories>
          <li>Offworld</li>
        </categories>
      </li>
    </backstoryFilters>
    <factionIconPath>World/WorldObjects/Gardevoir_Faction</factionIconPath>
    <settlementTexturePath>World/WorldObjects/Gardevoir_Base</settlementTexturePath>
    <playerInitialSettlementNameMaker>NamerInitialSettlementColony</playerInitialSettlementNameMaker>
    <factionNameMaker>NamerFactionTribal</factionNameMaker>
    <settlementNameMaker>NamerSettlementTribal</settlementNameMaker>
	<allowedCultures><li>Astropolitan</li></allowedCultures>
    <startingResearchTags>
      <li>ClassicStart</li>
    </startingResearchTags>
    <startingTechprintsResearchTags>
      <li>ClassicStart</li>
      <li>ClassicStartTechprints</li>
    </startingTechprintsResearchTags>
    <apparelStuffFilter>
      <thingDefs>
			<li>Synthread</li>
			<li>Hyperweave</li>
			<li>Plasteel</li>
      </thingDefs>
    </apparelStuffFilter>
    <recipePrerequisiteTags>
      <li>Industrial</li>
    </recipePrerequisiteTags>
    </FactionDef>
	
	<!--INDUSTRIAL FACTION (NO TECH AT START)-->
	<FactionDef ParentName="GardevoirFactionBase">
    <defName>PlayerGardevoirIndustrialNoTech</defName>
    <label>Gardevoir Colony (No tech)</label>
    <description>Gardevoir colony</description>
    <isPlayer>true</isPlayer>
    <pawnSingular>Gardevoir</pawnSingular>
    <pawnsPlural>Gardevoir</pawnsPlural>
    <basicMemberKind>GardevoirIndustrialPawn</basicMemberKind>
    <techLevel>Industrial</techLevel>
    <backstoryFilters>
      <li>
        <categories>
          <li>Offworld</li>
        </categories>
      </li>
    </backstoryFilters>
    <factionIconPath>World/WorldObjects/Gardevoir_Faction</factionIconPath>
    <settlementTexturePath>World/WorldObjects/Gardevoir_Base</settlementTexturePath>
    <playerInitialSettlementNameMaker>NamerInitialSettlementColony</playerInitialSettlementNameMaker>
    <factionNameMaker>NamerFactionOutlander</factionNameMaker>
    <settlementNameMaker>NamerSettlementOutlander</settlementNameMaker>
	<allowedCultures><li>Astropolitan</li></allowedCultures>
    <apparelStuffFilter>
      <thingDefs>
			<li>Synthread</li>
			<li>Hyperweave</li>
			<li>Plasteel</li>				
      </thingDefs>
    </apparelStuffFilter>
    <recipePrerequisiteTags>
      <li>Industrial</li>
    </recipePrerequisiteTags>
    </FactionDef>
</Defs>