﻿<?xml version="1.0" encoding="utf-8" ?>
<Defs>
  
  <!--<ThoughtDef>
    <defName>YZRCM_PUES</defName>
    <showBubble>true</showBubble>
    <durationDays>10</durationDays>
    <stackLimit>1</stackLimit>
    <stackedEffectMultiplier>1</stackedEffectMultiplier>
    <developmentalStageFilter>Baby, Child, Adult</developmentalStageFilter>
    <stages>
      <li>
        <label>Post Usage Euphoric Syndrome</label>
        <description>I still cannot believe i've done this! I felt myself like a god for a brief second! I've always knew there's something wild inside me.</description>
        <baseMoodEffect>40</baseMoodEffect>
      </li>
    </stages>
  </ThoughtDef>-->
  
   <!-- <ThoughtDef>
    <defName>YZRCM_PUES</defName>
	<showBubble>true</showBubble>
    <workerClass>ThoughtWorker_Hediff</workerClass>
    <hediff>YZRCM_Cellural_ExhaustionMajor</hediff>
    <validWhileDespawned>true</validWhileDespawned>
	<stackLimit>1</stackLimit>
    <developmentalStageFilter>Baby, Child, Adult</developmentalStageFilter>
    <stages>
      <li>
        <label>Post Usage Euphoric Syndrome</label>
        <description>I am completely exhausted. Can't even move my fingers! But it felt absolutely fantastic to unleash such power. I felt myself like a god for a brief second!</description>
        <baseMoodEffect>20</baseMoodEffect>
      </li>
    </stages>
  </ThoughtDef>
  
   <ThoughtDef>
    <defName>YZRCM_Incense</defName>
	<showBubble>true</showBubble>
    <workerClass>ThoughtWorker_Hediff</workerClass>
    <hediff>YZRCM_Incense</hediff>
    <validWhileDespawned>true</validWhileDespawned>
	<stackLimit>1</stackLimit>
    <developmentalStageFilter>Baby, Child, Adult</developmentalStageFilter>
    <stages>
      <li>
        <label>Incense smell</label>
        <description>I feel like i can see and even taste fruits in front of my eyes. This smell is fantastic.</description>
        <baseMoodEffect>10</baseMoodEffect>
      </li>
    </stages>
  </ThoughtDef>
  
   <ThoughtDef>
    <defName>YZRCM_Euphoria</defName>
	<showBubble>true</showBubble>
    <workerClass>ThoughtWorker_Hediff</workerClass>
    <hediff>YZRCM_Euphoria</hediff>
    <validWhileDespawned>true</validWhileDespawned>
	<stackLimit>1</stackLimit>
    <developmentalStageFilter>Baby, Child, Adult</developmentalStageFilter>
    <stages>
      <li>
        <label>Euphoria</label>
        <description>I don't even know what is happening with me. But i feel how warm my heart is and how complete i am.</description>
        <baseMoodEffect>50</baseMoodEffect>
      </li>
    </stages>
  </ThoughtDef>-->
  
</Defs>
