﻿<?xml version="1.0" encoding="utf-8" ?>
<Defs>
   	<!--■■■■■■■■■■■■■■■■■■■■ BASIC TAIL USED BY MOST RACES ■■■■■■■■■■■■■■■■■■■■-->
<HediffDef ParentName="AddedBodyPartBase">
    <defName>SynthTail</defName>
    <label>synthread tail</label>
    <labelNoun>a synthread tail</labelNoun>
    <description>An installed synthread tail. Identical to the original in terms of looks.</description>
    <descriptionHyperlinks><ThingDef>SynthTail</ThingDef></descriptionHyperlinks>
    <spawnThingOnRemoved>SynthTail</spawnThingOnRemoved>
    <addedPartProps>
      <solid>true</solid>
      <partEfficiency>1</partEfficiency>
      <betterThanNatural>true</betterThanNatural>
    </addedPartProps>
  </HediffDef>

  <ThingDef ParentName="BodyPartBionicBase">
    <defName>SynthTail</defName>
    <label>synthread tail</label>
    <description>Artificial tail made from high quality bioplasteel components and synthread. Indistinguishable from a real tail.</description>
    <descriptionHyperlinks><RecipeDef>InstallSynthTail</RecipeDef></descriptionHyperlinks>
    <costList>
      <Plasteel>10</Plasteel>
      <ComponentSpacer>1</ComponentSpacer>
	  <Synthread>25</Synthread>
    </costList>
    <thingSetMakerTags><li>RewardStandardMidFreq</li></thingSetMakerTags>
    <statBases>
      <Mass>0.3</Mass>
    </statBases>
  </ThingDef>

  <RecipeDef ParentName="SurgeryInstallBodyPartArtificialBase">
    <defName>InstallSynthTail</defName>
    <label>install synthread tail</label>
    <description>Install synthread tail.</description>
    <descriptionHyperlinks>
      <ThingDef>SynthTail</ThingDef>
      <HediffDef>SynthTail</HediffDef>
    </descriptionHyperlinks>
    <jobString>Installing synthread tail.</jobString>
    <ingredients>
      <li>
        <filter>
          <thingDefs>
            <li>SynthTail</li>
          </thingDefs>
        </filter>
        <count>1</count>
      </li>
    </ingredients>
    <fixedIngredientFilter>
      <thingDefs>
        <li>SynthTail</li>
      </thingDefs>
    </fixedIngredientFilter>
    <appliedOnFixedBodyParts>
      <li>Yanz_Base_Tail</li>
    </appliedOnFixedBodyParts>
    <addsHediff>SynthTail</addsHediff>
  </RecipeDef>
  
  	<!--■■■■■■■■■■■■■■■■■■■■ Leaftail ■■■■■■■■■■■■■■■■■■■■-->
	<HediffDef ParentName="AddedBodyPartBase" MayRequire="yanzihko.ELEAFM">
    <defName>SynthLeaftail</defName>
    <label>synthread leaftail</label>
    <labelNoun>a synthread Leaftail</labelNoun>
    <description>An installed synthread Leaftail. Very beautiful.</description>
    <descriptionHyperlinks><ThingDef>SynthLeaftail</ThingDef></descriptionHyperlinks>
    <spawnThingOnRemoved>SynthLeaftail</spawnThingOnRemoved>
    <addedPartProps>
      <solid>true</solid>
      <partEfficiency>1</partEfficiency>
      <betterThanNatural>true</betterThanNatural>
    </addedPartProps>
	</HediffDef>

  <ThingDef ParentName="BodyPartBionicBase" MayRequire="yanzihko.ELEAFM">
    <defName>SynthLeaftail</defName>
    <label>synthread leaftail</label>
    <description>Artificial Leaftail that replicates photosynthesis properties of the original. Very expensive in terms of materials. Indistinguishable from a real Leaftail.</description>
    <descriptionHyperlinks><RecipeDef>InstallSynthLeaftail</RecipeDef></descriptionHyperlinks>
    <costList>
      <Plasteel>20</Plasteel>
      <ComponentSpacer>3</ComponentSpacer>
	  <Synthread>50</Synthread>
    </costList>
    <thingSetMakerTags><li>RewardStandardMidFreq</li></thingSetMakerTags>
    <statBases>
      <Mass>0.3</Mass>
    </statBases>
  </ThingDef>

  <RecipeDef ParentName="SurgeryInstallBodyPartArtificialBase" MayRequire="yanzihko.ELEAFM">
    <defName>InstallSynthLeaftail</defName>
    <label>install synthread Leaftail</label>
    <description>Install synthread Leaftail.</description>
    <descriptionHyperlinks>
      <ThingDef>SynthLeaftail</ThingDef>
      <HediffDef>SynthLeaftail</HediffDef>
    </descriptionHyperlinks>
    <jobString>Installing synthread Leaftail.</jobString>
    <ingredients>
      <li>
        <filter>
          <thingDefs>
            <li>SynthLeaftail</li>
          </thingDefs>
        </filter>
        <count>1</count>
      </li>
    </ingredients>
    <fixedIngredientFilter>
      <thingDefs>
        <li>SynthLeaftail</li>
      </thingDefs>
    </fixedIngredientFilter>
    <appliedOnFixedBodyParts>
      <li>Leaftail</li>
    </appliedOnFixedBodyParts>
    <addsHediff>SynthLeaftail</addsHediff>
  </RecipeDef>
  
  	<!--■■■■■■■■■■■■■■■■■■■■ Leafeon Leaves ■■■■■■■■■■■■■■■■■■■■-->
	<HediffDef ParentName="AddedBodyPartBase" MayRequire="yanzihko.ELEAFM">
    <defName>SynthLeafeonleaves</defName>
    <label>synthread leafeon leaves</label>
    <labelNoun>a synthread Leafeonleaves</labelNoun>
    <description>Installed synthread Leafeon leaves. They do look beautiful.</description>
    <descriptionHyperlinks><ThingDef>SynthLeafeonleaves</ThingDef></descriptionHyperlinks>
    <spawnThingOnRemoved>SynthLeafeonleaves</spawnThingOnRemoved>
    <addedPartProps>
      <solid>true</solid>
      <partEfficiency>1</partEfficiency>
      <betterThanNatural>true</betterThanNatural>
    </addedPartProps>
	</HediffDef>

  <ThingDef ParentName="BodyPartBionicBase" MayRequire="yanzihko.ELEAFM">
    <defName>SynthLeafeonleaves</defName>
    <label>synthread leafeon leaves</label>
    <description>Artificial Leafeon leaves that replicate photosynthesis properties of the original. Very expensive in terms of materials. Indistinguishable from real Leafeon leaves.</description>
    <descriptionHyperlinks><RecipeDef>InstallSynthLeafeonleaves</RecipeDef></descriptionHyperlinks>
    <costList>
      <Plasteel>20</Plasteel>
      <ComponentSpacer>5</ComponentSpacer>
	  <Synthread>100</Synthread>
    </costList>
    <thingSetMakerTags><li>RewardStandardMidFreq</li></thingSetMakerTags>
    <statBases>
      <Mass>0.3</Mass>
    </statBases>
  </ThingDef>

  <RecipeDef ParentName="SurgeryInstallBodyPartArtificialBase" MayRequire="yanzihko.ELEAFM">
    <defName>InstallSynthLeafeonleaves</defName>
    <label>install synthread Leafeon leaves</label>
    <description>Install synthread Leafeon leaves.</description>
    <descriptionHyperlinks>
      <ThingDef>SynthLeafeonleaves</ThingDef>
      <HediffDef>SynthLeafeonleaves</HediffDef>
    </descriptionHyperlinks>
    <jobString>Installing synthread Leafeon leaves.</jobString>
    <ingredients>
      <li>
        <filter>
          <thingDefs>
            <li>SynthLeafeonleaves</li>
          </thingDefs>
        </filter>
        <count>1</count>
      </li>
    </ingredients>
    <fixedIngredientFilter>
      <thingDefs>
        <li>SynthLeafeonleaves</li>
      </thingDefs>
    </fixedIngredientFilter>
    <appliedOnFixedBodyParts>
      <li>Leafeon_Leaves</li>
    </appliedOnFixedBodyParts>
    <addsHediff>SynthLeafeonleaves</addsHediff>
  </RecipeDef>
  
   <!--■■■■■■■■■■■■■■■■■■■■ SYLVEON BOWS ■■■■■■■■■■■■■■■■■■■■-->
  
  <HediffDef ParentName="AddedBodyPartBase" MayRequire="yanzihko.ESYLVM">
    <defName>BionicSylveonBow</defName>
    <label>bionic bow</label>
    <labelNoun>a bionic bow</labelNoun>
    <description>An installed bionic bow. Slightly more effective and flexible than original organic part.</description>
    <descriptionHyperlinks><ThingDef>BionicSylveonBow</ThingDef></descriptionHyperlinks>
    <spawnThingOnRemoved>BionicSylveonBow</spawnThingOnRemoved>
    <addedPartProps>
      <solid>true</solid>
      <partEfficiency>1.5</partEfficiency>
      <betterThanNatural>true</betterThanNatural>
    </addedPartProps>
  </HediffDef>

  <ThingDef ParentName="BodyPartBionicBase" MayRequire="yanzihko.ESYLVM">
    <defName>BionicSylveonBow</defName>
    <label>bionic bow</label>
    <description>Bionic Sylveon bow that is more effective and flexible than original organic part.</description>
    <descriptionHyperlinks><RecipeDef>InstallBionicSylveonBow</RecipeDef></descriptionHyperlinks>
    <costList>
      <Plasteel>10</Plasteel>
      <ComponentSpacer>2</ComponentSpacer>
	  <Gold>10</Gold>
    </costList>
    <thingSetMakerTags><li>RewardStandardMidFreq</li></thingSetMakerTags>
    <statBases>
      <Mass>0.1</Mass>
    </statBases>
  </ThingDef>

  <RecipeDef ParentName="SurgeryInstallBodyPartArtificialBase" MayRequire="yanzihko.ESYLVM">
    <defName>InstallBionicSylveonBow</defName>
    <label>install bionic bow</label>
    <description>Install bionic bow.</description>
    <descriptionHyperlinks>
      <ThingDef>BionicSylveonBow</ThingDef>
      <HediffDef>BionicSylveonBow</HediffDef>
    </descriptionHyperlinks>
    <jobString>Installing bionic bow.</jobString>
    <ingredients>
      <li>
        <filter>
          <thingDefs>
            <li>BionicSylveonBow</li>
          </thingDefs>
        </filter>
        <count>1</count>
      </li>
    </ingredients>
    <fixedIngredientFilter>
      <thingDefs>
        <li>BionicSylveonBow</li>
      </thingDefs>
    </fixedIngredientFilter>
    <appliedOnFixedBodyParts>
      <li>SylveonBow</li>
    </appliedOnFixedBodyParts>
    <addsHediff>BionicSylveonBow</addsHediff>
  </RecipeDef>
  
  <!--■■■■■■■■■■■■■■■■■■■■  VAPOREON TAIL ■■■■■■■■■■■■■■■■■■■■-->
  <HediffDef ParentName="AddedBodyPartBase" MayRequire="yanzihko.EVAPM">
    <defName>CyberVapTail</defName>
    <label>cybernetic vaporeon tail</label>
    <labelNoun>a cybernetic vaporeon tail</labelNoun>
    <description>An installed cybernetic tail. Extremely efficient.</description>
    <descriptionHyperlinks><ThingDef>CyberVapTail</ThingDef></descriptionHyperlinks>
	<comps>
      <li Class="HediffCompProperties_VerbGiver">
        <tools>
          <li>
            <label>tail</label>
            <capacities>
              <li>Blunt</li>
            </capacities>
            <power>30</power>
            <cooldownTime>2</cooldownTime>
            <soundMeleeHit>MeleeHit_BionicPunch</soundMeleeHit>
            <soundMeleeMiss>MeleeMiss_BionicPunch</soundMeleeMiss>
          </li>
        </tools>
      </li>
    </comps>
	<stages>
		<li>
		<capMods>
		<li>
			<capacity>Manipulation</capacity>
			<offset>0.25</offset>
		</li>
		</capMods> 
		<statOffsets>
			<MiningSpeed>0.25</MiningSpeed>
			<GeneralLaborSpeed>0.1</GeneralLaborSpeed>
		</statOffsets>
	</li>
	</stages>
    <spawnThingOnRemoved>CyberVapTail</spawnThingOnRemoved>
    <addedPartProps>
      <solid>true</solid>
      <partEfficiency>1</partEfficiency>
      <betterThanNatural>true</betterThanNatural>
    </addedPartProps>
  </HediffDef>

  <ThingDef ParentName="BodyPartBionicBase" MayRequire="yanzihko.EVAPM">
    <defName>CyberVapTail</defName>
    <label>cybernetic vaporeon tail</label>
    <description>Artificial cybernetic tail with bioplasteel frame, advanced motors and shiny surface from synthetic materials. Handy in all kinds of tasks that require physical strength and is proved to deal devastating blunt damage with enough momentum.</description>
    <descriptionHyperlinks><RecipeDef>InstallCyberVapTail</RecipeDef></descriptionHyperlinks>
    <costList>
      <Plasteel>30</Plasteel>
      <ComponentSpacer>3</ComponentSpacer>
	  <Synthread>50</Synthread>
    </costList>
    <thingSetMakerTags><li>RewardStandardMidFreq</li></thingSetMakerTags>
    <statBases>
      <Mass>0.3</Mass>
    </statBases>
  </ThingDef>

  <RecipeDef ParentName="SurgeryInstallBodyPartArtificialBase" MayRequire="yanzihko.EVAPM">
    <defName>InstallCyberVapTail</defName>
    <label>install cybernetic vaporeon tail</label>
    <description>Install cybernetic vaporeon tail.</description>
    <descriptionHyperlinks>
      <ThingDef>CyberVapTail</ThingDef>
      <HediffDef>CyberVapTail</HediffDef>
    </descriptionHyperlinks>
    <jobString>Installing cybernetic vaporeon tail tail.</jobString>
    <ingredients>
      <li>
        <filter>
          <thingDefs>
            <li>CyberVapTail</li>
          </thingDefs>
        </filter>
        <count>1</count>
      </li>
    </ingredients>
    <fixedIngredientFilter>
      <thingDefs>
        <li>CyberVapTail</li>
      </thingDefs>
    </fixedIngredientFilter>
    <appliedOnFixedBodyParts>
      <li>VaporeonTail</li>
    </appliedOnFixedBodyParts>
    <addsHediff>CyberVapTail</addsHediff>
  </RecipeDef>
  <!--■■■■■■■■■■■■■■■■■■■■ VAPOREON FIN ■■■■■■■■■■■■■■■■■■■■-->
  
  <HediffDef ParentName="AddedBodyPartBase" MayRequire="yanzihko.EVAPM">
    <defName>BionicVaporeonFin</defName>
    <label>bionic fin</label>
    <labelNoun>a bionic fin</labelNoun>
    <description>An installed bionic fin. Completely identical to original organic part.</description>
    <descriptionHyperlinks><ThingDef>BionicVaporeonFin</ThingDef></descriptionHyperlinks>
    <spawnThingOnRemoved>BionicVaporeonFin</spawnThingOnRemoved>
    <addedPartProps>
      <solid>true</solid>
      <partEfficiency>1.5</partEfficiency>
      <betterThanNatural>true</betterThanNatural>
    </addedPartProps>
  </HediffDef>

  <ThingDef ParentName="BodyPartBionicBase" MayRequire="yanzihko.EVAPM">
    <defName>BionicVaporeonFin</defName>
    <label>bionic fin</label>
    <description>Bionic Vaporeon fin completely identical to original organic part.</description>
    <descriptionHyperlinks><RecipeDef>InstallBionicVaporeonFin</RecipeDef></descriptionHyperlinks>
    <costList>
      <Plasteel>10</Plasteel>
      <ComponentSpacer>2</ComponentSpacer>
    </costList>
    <thingSetMakerTags><li>RewardStandardMidFreq</li></thingSetMakerTags>
    <statBases>
      <Mass>0.1</Mass>
    </statBases>
  </ThingDef>

  <RecipeDef ParentName="SurgeryInstallBodyPartArtificialBase" MayRequire="yanzihko.EVAPM">
    <defName>InstallBionicVaporeonFin</defName>
    <label>install bionic fin</label>
    <description>Install bionic fin.</description>
    <descriptionHyperlinks>
      <ThingDef>BionicVaporeonFin</ThingDef>
      <HediffDef>BionicVaporeonFin</HediffDef>
    </descriptionHyperlinks>
    <jobString>Installing bionic fin.</jobString>
    <ingredients>
      <li>
        <filter>
          <thingDefs>
            <li>BionicVaporeonFin</li>
          </thingDefs>
        </filter>
        <count>1</count>
      </li>
    </ingredients>
    <fixedIngredientFilter>
      <thingDefs>
        <li>BionicVaporeonFin</li>
      </thingDefs>
    </fixedIngredientFilter>
    <appliedOnFixedBodyParts>
      <li>VaporeonFin</li>
    </appliedOnFixedBodyParts>
    <addsHediff>BionicVaporeonFin</addsHediff>
  </RecipeDef>

</Defs>