<?xml version="1.0" encoding="utf-8" ?>
<Defs>

<ThingDef ParentName="ResourceBase">
    <defName>Archolibrary</defName>
    <label>archolibrary</label>
    <description>Archotech portable super computer with vast archotech knowledge stored within it. It looks like a half-transparent cube with vibrating gradient surface. Completely useless by itself, but it's possible to utilise it's power with right spacer tools and knowledge. The only question is how to do this...</description>
    <graphicData>
      <texPath>Things/Item/Special/Archolibrary</texPath>
      <graphicClass>Graphic_Single</graphicClass>
    </graphicData>
    <resourceReadoutPriority>Middle</resourceReadoutPriority>
    <soundInteract>Metal_Drop</soundInteract>
    <soundDrop>Metal_Drop</soundDrop>
    <stackLimit>1</stackLimit>
    <useHitPoints>true</useHitPoints>
    <statBases>
      <MarketValue>10000</MarketValue>
      <MaxHitPoints>100</MaxHitPoints>
      <Mass>10</Mass>
      <Flammability>0.2</Flammability>
    </statBases>
    <thingCategories>
      <li>ArchotechRE</li>
    </thingCategories>
    <drawGUIOverlay>false</drawGUIOverlay>
    <techLevel>Archotech</techLevel>
    <tradeTags>
      <li>ExoticMisc</li>
    </tradeTags>
	<thingSetMakerTags>
      <li>RewardStandardHighFreq</li>
    </thingSetMakerTags>
  </ThingDef>
  
  </Defs>