<?xml version="1.0" encoding="utf-8" ?>
<!-- These patches adds Jolteon PawnKinds to all base game encounters, 
	 with 20% of the weighting of the equivalent Human PawnKinds -->

<Patch>
	<!-- Pirates -->
	<!-- Pirate raid 1; 100 commonality, ranged with melee mix-ins -->
	<Operation Class="PatchOperationAdd">
	<xpath>*/FactionDef[defName="Pirate"]/pawnGroupMakers/li[1]/options</xpath>
	<value>
        <Jolteon_Drifter>2</Jolteon_Drifter>
		<Jolteon_Thrasher>0.6</Jolteon_Thrasher>
        <Jolteon_Scavenger>2</Jolteon_Scavenger>
        <Jolteon_Pirate>2</Jolteon_Pirate>
        <Jolteon_Grenadier_EMP>0.1</Jolteon_Grenadier_EMP>
        <Jolteon_Grenadier_Destructive>0.4</Jolteon_Grenadier_Destructive>
        <Jolteon_Mercenary_Gunner>2</Jolteon_Mercenary_Gunner>
        <Jolteon_Mercenary_Heavy>1.2</Jolteon_Mercenary_Heavy>
        <Jolteon_Mercenary_Slasher>0.6</Jolteon_Mercenary_Slasher>
        <Jolteon_Mercenary_Sniper>1.4</Jolteon_Mercenary_Sniper>
        <Jolteon_Mercenary_Elite>2</Jolteon_Mercenary_Elite>
        <Jolteon_PirateBoss>1</Jolteon_PirateBoss>
	</value>
	</Operation>

	<!-- Pirate raid 2; 30 commonality, melee only -->
	<Operation Class="PatchOperationAdd">
	<xpath>*/FactionDef[defName="Pirate"]/pawnGroupMakers/li[2]/options</xpath>
	<value>
        <Jolteon_Thrasher>2</Jolteon_Thrasher>
        <Jolteon_Mercenary_Slasher>2</Jolteon_Mercenary_Slasher>
        <Jolteon_PirateBoss>1</Jolteon_PirateBoss>
	</value>
	</Operation>

	<!-- Pirate raid 3; 20 commonality, ranged only -->
	<Operation Class="PatchOperationAdd">
	<xpath>*/FactionDef[defName="Pirate"]/pawnGroupMakers/li[3]/options</xpath>
	<value>
		<Jolteon_Scavenger>2.0</Jolteon_Scavenger>
		<Jolteon_Pirate>2.0</Jolteon_Pirate>
		<Jolteon_Grenadier_EMP>0.05</Jolteon_Grenadier_EMP>
		<Jolteon_Grenadier_Smoke>0.05</Jolteon_Grenadier_Smoke>
		<Jolteon_Grenadier_Destructive>0.4</Jolteon_Grenadier_Destructive>
		<Jolteon_Mercenary_Gunner>2.0</Jolteon_Mercenary_Gunner>
		<Jolteon_Mercenary_Heavy>1.2</Jolteon_Mercenary_Heavy>
		<Jolteon_Mercenary_Sniper>1.4</Jolteon_Mercenary_Sniper>
		<Jolteon_Mercenary_Elite>2.0</Jolteon_Mercenary_Elite>
		<Jolteon_PirateBoss>1.0</Jolteon_PirateBoss>
	</value>
	</Operation>

	<!-- Pirate raid 4; 15 commonality, explosives with ranged mix-ins -->
	<Operation Class="PatchOperationAdd">
	<xpath>*/FactionDef[defName="Pirate"]/pawnGroupMakers/li[4]/options</xpath>
	<value>
        <Jolteon_Grenadier_EMP>0.2</Jolteon_Grenadier_EMP>
        <Jolteon_Grenadier_Destructive>2</Jolteon_Grenadier_Destructive>
        <Jolteon_Mercenary_Gunner>0.2</Jolteon_Mercenary_Gunner>
        <Jolteon_Mercenary_Heavy>2</Jolteon_Mercenary_Heavy>
        <Jolteon_Mercenary_Elite>0.2</Jolteon_Mercenary_Elite>
        <Jolteon_PirateBoss>0.2</Jolteon_PirateBoss>
	</value>
	</Operation>

	<!-- Pirate raid 5; 10 commonality, snipers only -->
	<Operation Class="PatchOperationAdd">
	<xpath>*/FactionDef[defName="Pirate"]/pawnGroupMakers/li[5]/options</xpath>
	<value>
        <Jolteon_Mercenary_Sniper>2</Jolteon_Mercenary_Sniper>
	</value>
	</Operation>

	<!-- Pirate raid 6; 2.5 commonality, drifters only -->
	<Operation Class="PatchOperationAdd">
	<xpath>*/FactionDef[defName="Pirate"]/pawnGroupMakers/li[6]/options</xpath>
	<value>
        <Jolteon_Drifter>2</Jolteon_Drifter>
	</value>
	</Operation>

	<!-- Pirate Settlement; mainly ranged with melee mix-ins -->
	<Operation Class="PatchOperationAdd">
	<xpath>*/FactionDef[defName="Pirate"]/pawnGroupMakers/li[7]/options</xpath>
	<value>
        <Jolteon_Thrasher>0.6</Jolteon_Thrasher>
        <Jolteon_Pirate>2</Jolteon_Pirate>
        <Jolteon_Grenadier_Destructive>0.4</Jolteon_Grenadier_Destructive>
		<Jolteon_Mercenary_Slasher>0.6</Jolteon_Mercenary_Slasher>
		<Jolteon_Mercenary_Sniper>2</Jolteon_Mercenary_Sniper>
		<Jolteon_Mercenary_Gunner>2</Jolteon_Mercenary_Gunner>
		<Jolteon_Mercenary_Elite>2</Jolteon_Mercenary_Elite>
        <Jolteon_PirateBoss>2</Jolteon_PirateBoss>
	</value>
	</Operation>
	
	<!-- Outlander -->
	<!-- Outlander Raid; standard mix -->
	<Operation Class="PatchOperationAdd">
	<xpath>*/FactionDef[@Name="OutlanderFactionBase"]/pawnGroupMakers/li[1]/options</xpath>
	<value>
        <Jolteon_Villager>1</Jolteon_Villager>
        <Jolteon_Town_Guard>2</Jolteon_Town_Guard>
        <Jolteon_Grenadier_Destructive>0.3</Jolteon_Grenadier_Destructive>
		<Jolteon_Mercenary_Slasher>1.4</Jolteon_Mercenary_Slasher>
		<Jolteon_Mercenary_Gunner>2</Jolteon_Mercenary_Gunner>
		<Jolteon_Mercenary_Elite>2</Jolteon_Mercenary_Elite>
        <Jolteon_Town_Councilman>2</Jolteon_Town_Councilman>
	</value>
	</Operation>
	
	<!-- Outlander Peaceful -->
	<Operation Class="PatchOperationAdd">
	<xpath>*/FactionDef[@Name="OutlanderFactionBase"]/pawnGroupMakers/li[2]/options</xpath>
	<value>
        <Jolteon_Villager>4</Jolteon_Villager>
        <Jolteon_Town_Guard>2</Jolteon_Town_Guard>
        <Jolteon_Town_Councilman>2</Jolteon_Town_Councilman>
	</value>
	</Operation>

	<!-- Outlander Traders -->
	<Operation Class="PatchOperationAdd">
	<xpath>*/FactionDef[@Name="OutlanderFactionBase"]/pawnGroupMakers/li[3]/guards</xpath>
	<value>
        <Jolteon_Villager>0.6</Jolteon_Villager>
        <Jolteon_Town_Guard>2</Jolteon_Town_Guard>
        <Jolteon_Grenadier_Destructive>0.3</Jolteon_Grenadier_Destructive>
        <Jolteon_Mercenary_Slasher>1.4</Jolteon_Mercenary_Slasher>
        <Jolteon_Mercenary_Gunner>2</Jolteon_Mercenary_Gunner>
		<Jolteon_Mercenary_Elite>2</Jolteon_Mercenary_Elite>
	</value>
	</Operation>

	<Operation Class="PatchOperationAdd">
	<xpath>*/FactionDef[@Name="OutlanderFactionBase"]/pawnGroupMakers/li[3]/traders</xpath>
	<value>
        <Jolteon_Town_Trader>0.2</Jolteon_Town_Trader>
	</value>
	</Operation>

	<Operation Class="PatchOperationAdd">
	<xpath>*/FactionDef[@Name="OutlanderFactionBase"]/pawnGroupMakers/li[4]/options</xpath>
	<value>
		<Jolteon_Villager>2</Jolteon_Villager>
        <Jolteon_Town_Guard>2</Jolteon_Town_Guard>
        <Jolteon_Grenadier_Destructive>0.3</Jolteon_Grenadier_Destructive>
		<Jolteon_Mercenary_Slasher>1.4</Jolteon_Mercenary_Slasher>
        <Jolteon_Mercenary_Gunner>2</Jolteon_Mercenary_Gunner>
        <Jolteon_Mercenary_Elite>2</Jolteon_Mercenary_Elite>
        <Jolteon_Town_Councilman>2</Jolteon_Town_Councilman>
	</value>
	</Operation>

	<!-- Villager -->
	<!-- Villager Raid 1; 100 commonality, ranged with melee mix-ins -->
	<Operation Class="PatchOperationAdd">
	<xpath>*/FactionDef[@Name="TribeBase"]/pawnGroupMakers/li[1]/options</xpath>
	<value>
        <Jolteon_Tribal_Penitent>1</Jolteon_Tribal_Penitent>
        <Jolteon_Tribal_Warrior>1</Jolteon_Tribal_Warrior>
        <Jolteon_Tribal_Archer>2</Jolteon_Tribal_Archer>
        <Jolteon_Tribal_Hunter>2</Jolteon_Tribal_Hunter>
        <Jolteon_Tribal_HeavyArcher>2</Jolteon_Tribal_HeavyArcher>
        <Jolteon_Tribal_Berserker>1</Jolteon_Tribal_Berserker>
        <Jolteon_Tribal_ChiefRanged>0.6</Jolteon_Tribal_ChiefRanged>
        <Jolteon_Tribal_ChiefMelee>0.3</Jolteon_Tribal_ChiefMelee>
	</value>
	</Operation>

	<!-- Villager Raid 2; 60 commonality, ranged only -->
	<Operation Class="PatchOperationAdd">
	<xpath>*/FactionDef[@Name="TribeBase"]/pawnGroupMakers/li[2]/options</xpath>
	<value>
        <Jolteon_Tribal_Archer>2</Jolteon_Tribal_Archer>
        <Jolteon_Tribal_Hunter>2</Jolteon_Tribal_Hunter>
        <Jolteon_Tribal_HeavyArcher>2</Jolteon_Tribal_HeavyArcher>
        <Jolteon_Tribal_ChiefRanged>1</Jolteon_Tribal_ChiefRanged>
	</value>
	</Operation>

	<!-- Villager Raid 3; 60 commonality, melee only -->
	<Operation Class="PatchOperationAdd">
	<xpath>*/FactionDef[@Name="TribeBase"]/pawnGroupMakers/li[3]/options</xpath>
	<value>
        <Jolteon_Tribal_Penitent>2</Jolteon_Tribal_Penitent>
        <Jolteon_Tribal_Warrior>2</Jolteon_Tribal_Warrior>
        <Jolteon_Tribal_Berserker>2</Jolteon_Tribal_Berserker>
        <Jolteon_Tribal_ChiefMelee>1</Jolteon_Tribal_ChiefMelee>
	</value>
	</Operation>

	<!-- Villager Peaceful -->
	<Operation Class="PatchOperationAdd">
	<xpath>*/FactionDef[@Name="TribeBase"]/pawnGroupMakers/li[5]/options</xpath>
	<value>
        <Jolteon_Tribal_Warrior>4</Jolteon_Tribal_Warrior>
        <Jolteon_Tribal_Archer>2</Jolteon_Tribal_Archer>
        <Jolteon_Tribal_Hunter>2</Jolteon_Tribal_Hunter>
        <Jolteon_Tribal_HeavyArcher>2</Jolteon_Tribal_HeavyArcher>
        <Jolteon_Tribal_Berserker>1</Jolteon_Tribal_Berserker>
        <Jolteon_Tribal_ChiefRanged>0.6</Jolteon_Tribal_ChiefRanged>
        <Jolteon_Tribal_ChiefMelee>0.3</Jolteon_Tribal_ChiefMelee>
	</value>
	</Operation>

	<!-- Villager Traders -->
	<Operation Class="PatchOperationAdd">
	<xpath>*/FactionDef[@Name="TribeBase"]/pawnGroupMakers/li[6]/guards</xpath>
	<value>
        <Jolteon_Tribal_Warrior>1.4</Jolteon_Tribal_Warrior>
        <Jolteon_Tribal_Archer>2</Jolteon_Tribal_Archer>
        <Jolteon_Tribal_Hunter>2</Jolteon_Tribal_Hunter>
        <Jolteon_Tribal_HeavyArcher>2</Jolteon_Tribal_HeavyArcher>
        <Jolteon_Tribal_Berserker>1.4</Jolteon_Tribal_Berserker>
	</value>
	</Operation>

	<Operation Class="PatchOperationAdd">
	<xpath>*/FactionDef[@Name="TribeBase"]/pawnGroupMakers/li[6]/traders</xpath>
	<value>
        <Jolteon_Tribal_Trader>0.2</Jolteon_Tribal_Trader>
	</value>
	</Operation>

	<!-- Settlement -->

	<Operation Class="PatchOperationAdd">
	<xpath>*/FactionDef[@Name="TribeBase"]/pawnGroupMakers/li[7]/options</xpath>
	<value>
          <Jolteon_Tribal_Warrior>1.4</Jolteon_Tribal_Warrior>
          <Jolteon_Tribal_Archer>2</Jolteon_Tribal_Archer>
          <Jolteon_Tribal_Hunter>2</Jolteon_Tribal_Hunter>
          <Jolteon_Tribal_HeavyArcher>2</Jolteon_Tribal_HeavyArcher>
          <Jolteon_Tribal_Berserker>1.4</Jolteon_Tribal_Berserker>
          <Jolteon_Tribal_ChiefRanged>2</Jolteon_Tribal_ChiefRanged>
	</value>
	</Operation>

</Patch>