<?xml version="1.0" encoding="utf-8" ?>
<!-- These patches adds BZoroark PawnKinds to all base game encounters, 
	 with 20% of the weighting of the equivalent Human PawnKinds -->

<Patch>
	<!-- Pirates -->
	<!-- Pirate raid 1; 100 commonality, ranged with melee mix-ins -->
	<Operation Class="PatchOperationAdd">
	<xpath>*/FactionDef[defName="Pirate"]/pawnGroupMakers/li[1]/options</xpath>
	<value>
        <BZoroark_Drifter>2</BZoroark_Drifter>
		<BZoroark_Thrasher>0.6</BZoroark_Thrasher>
        <BZoroark_Scavenger>2</BZoroark_Scavenger>
        <BZoroark_Pirate>2</BZoroark_Pirate>
        <BZoroark_Grenadier_EMP>0.1</BZoroark_Grenadier_EMP>
        <BZoroark_Grenadier_Destructive>0.4</BZoroark_Grenadier_Destructive>
        <BZoroark_Mercenary_Gunner>2</BZoroark_Mercenary_Gunner>
        <BZoroark_Mercenary_Heavy>1.2</BZoroark_Mercenary_Heavy>
        <BZoroark_Mercenary_Slasher>0.6</BZoroark_Mercenary_Slasher>
        <BZoroark_Mercenary_Sniper>1.4</BZoroark_Mercenary_Sniper>
        <BZoroark_Mercenary_Elite>2</BZoroark_Mercenary_Elite>
        <BZoroark_PirateBoss>1</BZoroark_PirateBoss>
	</value>
	</Operation>

	<!-- Pirate raid 2; 30 commonality, melee only -->
	<Operation Class="PatchOperationAdd">
	<xpath>*/FactionDef[defName="Pirate"]/pawnGroupMakers/li[2]/options</xpath>
	<value>
        <BZoroark_Thrasher>2</BZoroark_Thrasher>
        <BZoroark_Mercenary_Slasher>2</BZoroark_Mercenary_Slasher>
        <BZoroark_PirateBoss>1</BZoroark_PirateBoss>
	</value>
	</Operation>

	<!-- Pirate raid 3; 20 commonality, ranged only -->
	<Operation Class="PatchOperationAdd">
	<xpath>*/FactionDef[defName="Pirate"]/pawnGroupMakers/li[3]/options</xpath>
	<value>
		<BZoroark_Scavenger>2.0</BZoroark_Scavenger>
		<BZoroark_Pirate>2.0</BZoroark_Pirate>
		<BZoroark_Grenadier_EMP>0.05</BZoroark_Grenadier_EMP>
		<BZoroark_Grenadier_Smoke>0.05</BZoroark_Grenadier_Smoke>
		<BZoroark_Grenadier_Destructive>0.4</BZoroark_Grenadier_Destructive>
		<BZoroark_Mercenary_Gunner>2.0</BZoroark_Mercenary_Gunner>
		<BZoroark_Mercenary_Heavy>1.2</BZoroark_Mercenary_Heavy>
		<BZoroark_Mercenary_Sniper>1.4</BZoroark_Mercenary_Sniper>
		<BZoroark_Mercenary_Elite>2.0</BZoroark_Mercenary_Elite>
		<BZoroark_PirateBoss>1.0</BZoroark_PirateBoss>
	</value>
	</Operation>

	<!-- Pirate raid 4; 15 commonality, explosives with ranged mix-ins -->
	<Operation Class="PatchOperationAdd">
	<xpath>*/FactionDef[defName="Pirate"]/pawnGroupMakers/li[4]/options</xpath>
	<value>
        <BZoroark_Grenadier_EMP>0.2</BZoroark_Grenadier_EMP>
        <BZoroark_Grenadier_Destructive>2</BZoroark_Grenadier_Destructive>
        <BZoroark_Mercenary_Gunner>0.2</BZoroark_Mercenary_Gunner>
        <BZoroark_Mercenary_Heavy>2</BZoroark_Mercenary_Heavy>
        <BZoroark_Mercenary_Elite>0.2</BZoroark_Mercenary_Elite>
        <BZoroark_PirateBoss>0.2</BZoroark_PirateBoss>
	</value>
	</Operation>

	<!-- Pirate raid 5; 10 commonality, snipers only -->
	<Operation Class="PatchOperationAdd">
	<xpath>*/FactionDef[defName="Pirate"]/pawnGroupMakers/li[5]/options</xpath>
	<value>
        <BZoroark_Mercenary_Sniper>2</BZoroark_Mercenary_Sniper>
	</value>
	</Operation>

	<!-- Pirate raid 6; 2.5 commonality, drifters only -->
	<Operation Class="PatchOperationAdd">
	<xpath>*/FactionDef[defName="Pirate"]/pawnGroupMakers/li[6]/options</xpath>
	<value>
        <BZoroark_Drifter>2</BZoroark_Drifter>
	</value>
	</Operation>

	<!-- Pirate Settlement; mainly ranged with melee mix-ins -->
	<Operation Class="PatchOperationAdd">
	<xpath>*/FactionDef[defName="Pirate"]/pawnGroupMakers/li[7]/options</xpath>
	<value>
        <BZoroark_Thrasher>0.6</BZoroark_Thrasher>
        <BZoroark_Pirate>2</BZoroark_Pirate>
        <BZoroark_Grenadier_Destructive>0.4</BZoroark_Grenadier_Destructive>
		<BZoroark_Mercenary_Slasher>0.6</BZoroark_Mercenary_Slasher>
		<BZoroark_Mercenary_Sniper>2</BZoroark_Mercenary_Sniper>
		<BZoroark_Mercenary_Gunner>2</BZoroark_Mercenary_Gunner>
		<BZoroark_Mercenary_Elite>2</BZoroark_Mercenary_Elite>
        <BZoroark_PirateBoss>2</BZoroark_PirateBoss>
	</value>
	</Operation>
	
	<!-- Outlander -->
	<!-- Outlander Raid; standard mix -->
	<Operation Class="PatchOperationAdd">
	<xpath>*/FactionDef[@Name="OutlanderFactionBase"]/pawnGroupMakers/li[1]/options</xpath>
	<value>
        <BZoroark_Villager>1</BZoroark_Villager>
        <BZoroark_Town_Guard>2</BZoroark_Town_Guard>
        <BZoroark_Grenadier_Destructive>0.3</BZoroark_Grenadier_Destructive>
		<BZoroark_Mercenary_Slasher>1.4</BZoroark_Mercenary_Slasher>
		<BZoroark_Mercenary_Gunner>2</BZoroark_Mercenary_Gunner>
		<BZoroark_Mercenary_Elite>2</BZoroark_Mercenary_Elite>
        <BZoroark_Town_Councilman>2</BZoroark_Town_Councilman>
	</value>
	</Operation>
	
	<!-- Outlander Peaceful -->
	<Operation Class="PatchOperationAdd">
	<xpath>*/FactionDef[@Name="OutlanderFactionBase"]/pawnGroupMakers/li[2]/options</xpath>
	<value>
        <BZoroark_Villager>4</BZoroark_Villager>
        <BZoroark_Town_Guard>2</BZoroark_Town_Guard>
        <BZoroark_Town_Councilman>2</BZoroark_Town_Councilman>
	</value>
	</Operation>

	<!-- Outlander Traders -->
	<Operation Class="PatchOperationAdd">
	<xpath>*/FactionDef[@Name="OutlanderFactionBase"]/pawnGroupMakers/li[3]/guards</xpath>
	<value>
        <BZoroark_Villager>0.6</BZoroark_Villager>
        <BZoroark_Town_Guard>2</BZoroark_Town_Guard>
        <BZoroark_Grenadier_Destructive>0.3</BZoroark_Grenadier_Destructive>
        <BZoroark_Mercenary_Slasher>1.4</BZoroark_Mercenary_Slasher>
        <BZoroark_Mercenary_Gunner>2</BZoroark_Mercenary_Gunner>
		<BZoroark_Mercenary_Elite>2</BZoroark_Mercenary_Elite>
	</value>
	</Operation>

	<Operation Class="PatchOperationAdd">
	<xpath>*/FactionDef[@Name="OutlanderFactionBase"]/pawnGroupMakers/li[3]/traders</xpath>
	<value>
        <BZoroark_Town_Trader>0.2</BZoroark_Town_Trader>
	</value>
	</Operation>

	<Operation Class="PatchOperationAdd">
	<xpath>*/FactionDef[@Name="OutlanderFactionBase"]/pawnGroupMakers/li[4]/options</xpath>
	<value>
		<BZoroark_Villager>2</BZoroark_Villager>
        <BZoroark_Town_Guard>2</BZoroark_Town_Guard>
        <BZoroark_Grenadier_Destructive>0.3</BZoroark_Grenadier_Destructive>
		<BZoroark_Mercenary_Slasher>1.4</BZoroark_Mercenary_Slasher>
        <BZoroark_Mercenary_Gunner>2</BZoroark_Mercenary_Gunner>
        <BZoroark_Mercenary_Elite>2</BZoroark_Mercenary_Elite>
        <BZoroark_Town_Councilman>2</BZoroark_Town_Councilman>
	</value>
	</Operation>

	<!-- Villager -->
	<!-- Villager Raid 1; 100 commonality, ranged with melee mix-ins -->
	<Operation Class="PatchOperationAdd">
	<xpath>*/FactionDef[@Name="TribeBase"]/pawnGroupMakers/li[1]/options</xpath>
	<value>
        <BZoroark_Tribal_Penitent>1</BZoroark_Tribal_Penitent>
        <BZoroark_Tribal_Warrior>1</BZoroark_Tribal_Warrior>
        <BZoroark_Tribal_Archer>2</BZoroark_Tribal_Archer>
        <BZoroark_Tribal_Hunter>2</BZoroark_Tribal_Hunter>
        <BZoroark_Tribal_HeavyArcher>2</BZoroark_Tribal_HeavyArcher>
        <BZoroark_Tribal_Berserker>1</BZoroark_Tribal_Berserker>
        <BZoroark_Tribal_ChiefRanged>0.6</BZoroark_Tribal_ChiefRanged>
        <BZoroark_Tribal_ChiefMelee>0.3</BZoroark_Tribal_ChiefMelee>
	</value>
	</Operation>

	<!-- Villager Raid 2; 60 commonality, ranged only -->
	<Operation Class="PatchOperationAdd">
	<xpath>*/FactionDef[@Name="TribeBase"]/pawnGroupMakers/li[2]/options</xpath>
	<value>
        <BZoroark_Tribal_Archer>2</BZoroark_Tribal_Archer>
        <BZoroark_Tribal_Hunter>2</BZoroark_Tribal_Hunter>
        <BZoroark_Tribal_HeavyArcher>2</BZoroark_Tribal_HeavyArcher>
        <BZoroark_Tribal_ChiefRanged>1</BZoroark_Tribal_ChiefRanged>
	</value>
	</Operation>

	<!-- Villager Raid 3; 60 commonality, melee only -->
	<Operation Class="PatchOperationAdd">
	<xpath>*/FactionDef[@Name="TribeBase"]/pawnGroupMakers/li[3]/options</xpath>
	<value>
        <BZoroark_Tribal_Penitent>2</BZoroark_Tribal_Penitent>
        <BZoroark_Tribal_Warrior>2</BZoroark_Tribal_Warrior>
        <BZoroark_Tribal_Berserker>2</BZoroark_Tribal_Berserker>
        <BZoroark_Tribal_ChiefMelee>1</BZoroark_Tribal_ChiefMelee>
	</value>
	</Operation>

	<!-- Villager Peaceful -->
	<Operation Class="PatchOperationAdd">
	<xpath>*/FactionDef[@Name="TribeBase"]/pawnGroupMakers/li[5]/options</xpath>
	<value>
        <BZoroark_Tribal_Warrior>4</BZoroark_Tribal_Warrior>
        <BZoroark_Tribal_Archer>2</BZoroark_Tribal_Archer>
        <BZoroark_Tribal_Hunter>2</BZoroark_Tribal_Hunter>
        <BZoroark_Tribal_HeavyArcher>2</BZoroark_Tribal_HeavyArcher>
        <BZoroark_Tribal_Berserker>1</BZoroark_Tribal_Berserker>
        <BZoroark_Tribal_ChiefRanged>0.6</BZoroark_Tribal_ChiefRanged>
        <BZoroark_Tribal_ChiefMelee>0.3</BZoroark_Tribal_ChiefMelee>
	</value>
	</Operation>

	<!-- Villager Traders -->
	<Operation Class="PatchOperationAdd">
	<xpath>*/FactionDef[@Name="TribeBase"]/pawnGroupMakers/li[6]/guards</xpath>
	<value>
        <BZoroark_Tribal_Warrior>1.4</BZoroark_Tribal_Warrior>
        <BZoroark_Tribal_Archer>2</BZoroark_Tribal_Archer>
        <BZoroark_Tribal_Hunter>2</BZoroark_Tribal_Hunter>
        <BZoroark_Tribal_HeavyArcher>2</BZoroark_Tribal_HeavyArcher>
        <BZoroark_Tribal_Berserker>1.4</BZoroark_Tribal_Berserker>
	</value>
	</Operation>

	<Operation Class="PatchOperationAdd">
	<xpath>*/FactionDef[@Name="TribeBase"]/pawnGroupMakers/li[6]/traders</xpath>
	<value>
        <BZoroark_Tribal_Trader>0.2</BZoroark_Tribal_Trader>
	</value>
	</Operation>

	<!-- Settlement -->

	<Operation Class="PatchOperationAdd">
	<xpath>*/FactionDef[@Name="TribeBase"]/pawnGroupMakers/li[7]/options</xpath>
	<value>
          <BZoroark_Tribal_Warrior>1.4</BZoroark_Tribal_Warrior>
          <BZoroark_Tribal_Archer>2</BZoroark_Tribal_Archer>
          <BZoroark_Tribal_Hunter>2</BZoroark_Tribal_Hunter>
          <BZoroark_Tribal_HeavyArcher>2</BZoroark_Tribal_HeavyArcher>
          <BZoroark_Tribal_Berserker>1.4</BZoroark_Tribal_Berserker>
          <BZoroark_Tribal_ChiefRanged>2</BZoroark_Tribal_ChiefRanged>
	</value>
	</Operation>
	
<!--WHITE ZOROARK-->
	<!-- Pirates -->
	<!-- Pirate raid 1; 100 commonality, ranged with melee mix-ins -->
	<Operation Class="PatchOperationAdd">
	<xpath>*/FactionDef[defName="Pirate"]/pawnGroupMakers/li[1]/options</xpath>
	<value>
        <WZoroark_Drifter>2</WZoroark_Drifter>
		<WZoroark_Thrasher>0.6</WZoroark_Thrasher>
        <WZoroark_Scavenger>2</WZoroark_Scavenger>
        <WZoroark_Pirate>2</WZoroark_Pirate>
        <WZoroark_Grenadier_EMP>0.1</WZoroark_Grenadier_EMP>
        <WZoroark_Grenadier_Destructive>0.4</WZoroark_Grenadier_Destructive>
        <WZoroark_Mercenary_Gunner>2</WZoroark_Mercenary_Gunner>
        <WZoroark_Mercenary_Heavy>1.2</WZoroark_Mercenary_Heavy>
        <WZoroark_Mercenary_Slasher>0.6</WZoroark_Mercenary_Slasher>
        <WZoroark_Mercenary_Sniper>1.4</WZoroark_Mercenary_Sniper>
        <WZoroark_Mercenary_Elite>2</WZoroark_Mercenary_Elite>
        <WZoroark_PirateBoss>1</WZoroark_PirateBoss>
	</value>
	</Operation>

	<!-- Pirate raid 2; 30 commonality, melee only -->
	<Operation Class="PatchOperationAdd">
	<xpath>*/FactionDef[defName="Pirate"]/pawnGroupMakers/li[2]/options</xpath>
	<value>
        <WZoroark_Thrasher>2</WZoroark_Thrasher>
        <WZoroark_Mercenary_Slasher>2</WZoroark_Mercenary_Slasher>
        <WZoroark_PirateBoss>1</WZoroark_PirateBoss>
	</value>
	</Operation>

	<!-- Pirate raid 3; 20 commonality, ranged only -->
	<Operation Class="PatchOperationAdd">
	<xpath>*/FactionDef[defName="Pirate"]/pawnGroupMakers/li[3]/options</xpath>
	<value>
		<WZoroark_Scavenger>2.0</WZoroark_Scavenger>
		<WZoroark_Pirate>2.0</WZoroark_Pirate>
		<WZoroark_Grenadier_EMP>0.05</WZoroark_Grenadier_EMP>
		<WZoroark_Grenadier_Smoke>0.05</WZoroark_Grenadier_Smoke>
		<WZoroark_Grenadier_Destructive>0.4</WZoroark_Grenadier_Destructive>
		<WZoroark_Mercenary_Gunner>2.0</WZoroark_Mercenary_Gunner>
		<WZoroark_Mercenary_Heavy>1.2</WZoroark_Mercenary_Heavy>
		<WZoroark_Mercenary_Sniper>1.4</WZoroark_Mercenary_Sniper>
		<WZoroark_Mercenary_Elite>2.0</WZoroark_Mercenary_Elite>
		<WZoroark_PirateBoss>1.0</WZoroark_PirateBoss>
	</value>
	</Operation>

	<!-- Pirate raid 4; 15 commonality, explosives with ranged mix-ins -->
	<Operation Class="PatchOperationAdd">
	<xpath>*/FactionDef[defName="Pirate"]/pawnGroupMakers/li[4]/options</xpath>
	<value>
        <WZoroark_Grenadier_EMP>0.2</WZoroark_Grenadier_EMP>
        <WZoroark_Grenadier_Destructive>2</WZoroark_Grenadier_Destructive>
        <WZoroark_Mercenary_Gunner>0.2</WZoroark_Mercenary_Gunner>
        <WZoroark_Mercenary_Heavy>2</WZoroark_Mercenary_Heavy>
        <WZoroark_Mercenary_Elite>0.2</WZoroark_Mercenary_Elite>
        <WZoroark_PirateBoss>0.2</WZoroark_PirateBoss>
	</value>
	</Operation>

	<!-- Pirate raid 5; 10 commonality, snipers only -->
	<Operation Class="PatchOperationAdd">
	<xpath>*/FactionDef[defName="Pirate"]/pawnGroupMakers/li[5]/options</xpath>
	<value>
        <WZoroark_Mercenary_Sniper>2</WZoroark_Mercenary_Sniper>
	</value>
	</Operation>

	<!-- Pirate raid 6; 2.5 commonality, drifters only -->
	<Operation Class="PatchOperationAdd">
	<xpath>*/FactionDef[defName="Pirate"]/pawnGroupMakers/li[6]/options</xpath>
	<value>
        <WZoroark_Drifter>2</WZoroark_Drifter>
	</value>
	</Operation>

	<!-- Pirate Settlement; mainly ranged with melee mix-ins -->
	<Operation Class="PatchOperationAdd">
	<xpath>*/FactionDef[defName="Pirate"]/pawnGroupMakers/li[7]/options</xpath>
	<value>
        <WZoroark_Thrasher>0.6</WZoroark_Thrasher>
        <WZoroark_Pirate>2</WZoroark_Pirate>
        <WZoroark_Grenadier_Destructive>0.4</WZoroark_Grenadier_Destructive>
		<WZoroark_Mercenary_Slasher>0.6</WZoroark_Mercenary_Slasher>
		<WZoroark_Mercenary_Sniper>2</WZoroark_Mercenary_Sniper>
		<WZoroark_Mercenary_Gunner>2</WZoroark_Mercenary_Gunner>
		<WZoroark_Mercenary_Elite>2</WZoroark_Mercenary_Elite>
        <WZoroark_PirateBoss>2</WZoroark_PirateBoss>
	</value>
	</Operation>
	
	<!-- Outlander -->
	<!-- Outlander Raid; standard mix -->
	<Operation Class="PatchOperationAdd">
	<xpath>*/FactionDef[@Name="OutlanderFactionBase"]/pawnGroupMakers/li[1]/options</xpath>
	<value>
        <WZoroark_Villager>1</WZoroark_Villager>
        <WZoroark_Town_Guard>2</WZoroark_Town_Guard>
        <WZoroark_Grenadier_Destructive>0.3</WZoroark_Grenadier_Destructive>
		<WZoroark_Mercenary_Slasher>1.4</WZoroark_Mercenary_Slasher>
		<WZoroark_Mercenary_Gunner>2</WZoroark_Mercenary_Gunner>
		<WZoroark_Mercenary_Elite>2</WZoroark_Mercenary_Elite>
        <WZoroark_Town_Councilman>2</WZoroark_Town_Councilman>
	</value>
	</Operation>
	
	<!-- Outlander Peaceful -->
	<Operation Class="PatchOperationAdd">
	<xpath>*/FactionDef[@Name="OutlanderFactionBase"]/pawnGroupMakers/li[2]/options</xpath>
	<value>
        <WZoroark_Villager>4</WZoroark_Villager>
        <WZoroark_Town_Guard>2</WZoroark_Town_Guard>
        <WZoroark_Town_Councilman>2</WZoroark_Town_Councilman>
	</value>
	</Operation>

	<!-- Outlander Traders -->
	<Operation Class="PatchOperationAdd">
	<xpath>*/FactionDef[@Name="OutlanderFactionBase"]/pawnGroupMakers/li[3]/guards</xpath>
	<value>
        <WZoroark_Villager>0.6</WZoroark_Villager>
        <WZoroark_Town_Guard>2</WZoroark_Town_Guard>
        <WZoroark_Grenadier_Destructive>0.3</WZoroark_Grenadier_Destructive>
        <WZoroark_Mercenary_Slasher>1.4</WZoroark_Mercenary_Slasher>
        <WZoroark_Mercenary_Gunner>2</WZoroark_Mercenary_Gunner>
		<WZoroark_Mercenary_Elite>2</WZoroark_Mercenary_Elite>
	</value>
	</Operation>

	<Operation Class="PatchOperationAdd">
	<xpath>*/FactionDef[@Name="OutlanderFactionBase"]/pawnGroupMakers/li[3]/traders</xpath>
	<value>
        <WZoroark_Town_Trader>0.2</WZoroark_Town_Trader>
	</value>
	</Operation>

	<Operation Class="PatchOperationAdd">
	<xpath>*/FactionDef[@Name="OutlanderFactionBase"]/pawnGroupMakers/li[4]/options</xpath>
	<value>
		<WZoroark_Villager>2</WZoroark_Villager>
        <WZoroark_Town_Guard>2</WZoroark_Town_Guard>
        <WZoroark_Grenadier_Destructive>0.3</WZoroark_Grenadier_Destructive>
		<WZoroark_Mercenary_Slasher>1.4</WZoroark_Mercenary_Slasher>
        <WZoroark_Mercenary_Gunner>2</WZoroark_Mercenary_Gunner>
        <WZoroark_Mercenary_Elite>2</WZoroark_Mercenary_Elite>
        <WZoroark_Town_Councilman>2</WZoroark_Town_Councilman>
	</value>
	</Operation>

	<!-- Villager -->
	<!-- Villager Raid 1; 100 commonality, ranged with melee mix-ins -->
	<Operation Class="PatchOperationAdd">
	<xpath>*/FactionDef[@Name="TribeBase"]/pawnGroupMakers/li[1]/options</xpath>
	<value>
        <WZoroark_Tribal_Penitent>1</WZoroark_Tribal_Penitent>
        <WZoroark_Tribal_Warrior>1</WZoroark_Tribal_Warrior>
        <WZoroark_Tribal_Archer>2</WZoroark_Tribal_Archer>
        <WZoroark_Tribal_Hunter>2</WZoroark_Tribal_Hunter>
        <WZoroark_Tribal_HeavyArcher>2</WZoroark_Tribal_HeavyArcher>
        <WZoroark_Tribal_Berserker>1</WZoroark_Tribal_Berserker>
        <WZoroark_Tribal_ChiefRanged>0.6</WZoroark_Tribal_ChiefRanged>
        <WZoroark_Tribal_ChiefMelee>0.3</WZoroark_Tribal_ChiefMelee>
	</value>
	</Operation>

	<!-- Villager Raid 2; 60 commonality, ranged only -->
	<Operation Class="PatchOperationAdd">
	<xpath>*/FactionDef[@Name="TribeBase"]/pawnGroupMakers/li[2]/options</xpath>
	<value>
        <WZoroark_Tribal_Archer>2</WZoroark_Tribal_Archer>
        <WZoroark_Tribal_Hunter>2</WZoroark_Tribal_Hunter>
        <WZoroark_Tribal_HeavyArcher>2</WZoroark_Tribal_HeavyArcher>
        <WZoroark_Tribal_ChiefRanged>1</WZoroark_Tribal_ChiefRanged>
	</value>
	</Operation>

	<!-- Villager Raid 3; 60 commonality, melee only -->
	<Operation Class="PatchOperationAdd">
	<xpath>*/FactionDef[@Name="TribeBase"]/pawnGroupMakers/li[3]/options</xpath>
	<value>
        <WZoroark_Tribal_Penitent>2</WZoroark_Tribal_Penitent>
        <WZoroark_Tribal_Warrior>2</WZoroark_Tribal_Warrior>
        <WZoroark_Tribal_Berserker>2</WZoroark_Tribal_Berserker>
        <WZoroark_Tribal_ChiefMelee>1</WZoroark_Tribal_ChiefMelee>
	</value>
	</Operation>

	<!-- Villager Peaceful -->
	<Operation Class="PatchOperationAdd">
	<xpath>*/FactionDef[@Name="TribeBase"]/pawnGroupMakers/li[5]/options</xpath>
	<value>
        <WZoroark_Tribal_Warrior>4</WZoroark_Tribal_Warrior>
        <WZoroark_Tribal_Archer>2</WZoroark_Tribal_Archer>
        <WZoroark_Tribal_Hunter>2</WZoroark_Tribal_Hunter>
        <WZoroark_Tribal_HeavyArcher>2</WZoroark_Tribal_HeavyArcher>
        <WZoroark_Tribal_Berserker>1</WZoroark_Tribal_Berserker>
        <WZoroark_Tribal_ChiefRanged>0.6</WZoroark_Tribal_ChiefRanged>
        <WZoroark_Tribal_ChiefMelee>0.3</WZoroark_Tribal_ChiefMelee>
	</value>
	</Operation>

	<!-- Villager Traders -->
	<Operation Class="PatchOperationAdd">
	<xpath>*/FactionDef[@Name="TribeBase"]/pawnGroupMakers/li[6]/guards</xpath>
	<value>
        <WZoroark_Tribal_Warrior>1.4</WZoroark_Tribal_Warrior>
        <WZoroark_Tribal_Archer>2</WZoroark_Tribal_Archer>
        <WZoroark_Tribal_Hunter>2</WZoroark_Tribal_Hunter>
        <WZoroark_Tribal_HeavyArcher>2</WZoroark_Tribal_HeavyArcher>
        <WZoroark_Tribal_Berserker>1.4</WZoroark_Tribal_Berserker>
	</value>
	</Operation>

	<Operation Class="PatchOperationAdd">
	<xpath>*/FactionDef[@Name="TribeBase"]/pawnGroupMakers/li[6]/traders</xpath>
	<value>
        <WZoroark_Tribal_Trader>0.2</WZoroark_Tribal_Trader>
	</value>
	</Operation>

	<!-- Settlement -->

	<Operation Class="PatchOperationAdd">
	<xpath>*/FactionDef[@Name="TribeBase"]/pawnGroupMakers/li[7]/options</xpath>
	<value>
          <WZoroark_Tribal_Warrior>1.4</WZoroark_Tribal_Warrior>
          <WZoroark_Tribal_Archer>2</WZoroark_Tribal_Archer>
          <WZoroark_Tribal_Hunter>2</WZoroark_Tribal_Hunter>
          <WZoroark_Tribal_HeavyArcher>2</WZoroark_Tribal_HeavyArcher>
          <WZoroark_Tribal_Berserker>1.4</WZoroark_Tribal_Berserker>
          <WZoroark_Tribal_ChiefRanged>2</WZoroark_Tribal_ChiefRanged>
	</value>
	</Operation>

</Patch>