<?xml version="1.0" encoding="utf-8" ?>
<Defs>
  
  <RecipeDef>
    <defName>Make_ArchoComponent</defName>
    <label>make archotech component</label>
    <description>Make archotech component.</description>
    <jobString>Making archotech component.</jobString>
    <workSpeedStat>GeneralLaborSpeed</workSpeedStat>
    <effectWorking>Cook</effectWorking>
    <soundWorking>Recipe_Machining</soundWorking>
    <workAmount>10000</workAmount>
    <unfinishedThingDef>UnfinishedComponent</unfinishedThingDef>
	<recipeUsers>
	<li>ArchotechStation</li>
	</recipeUsers>
        <ingredients>
      <li>
        <filter>
          <thingDefs>
            <li>Femtomachinery</li>
          </thingDefs>
        </filter>
        <count>1</count>
      </li>
      <li>
        <filter>
          <thingDefs>
            <li>Plasteel</li>
          </thingDefs>
        </filter>
        <count>10</count>
      </li>
    </ingredients>
    <fixedIngredientFilter>
      <thingDefs>
        <li>Femtomachinery</li>
        <li>Plasteel</li>
      </thingDefs>
    </fixedIngredientFilter>
    <products>
      <ComponentArchotech>1</ComponentArchotech>
    </products>
    <researchPrerequisite>Archomachinery</researchPrerequisite>
    <skillRequirements>
      <Crafting>10</Crafting>
    </skillRequirements>
    <workSkill>Crafting</workSkill>
  </RecipeDef>
  
  <RecipeDef>
    <defName>Make_ArchoBlock</defName>
    <label>make archotech block</label>
    <description>Make archotech block.</description>
    <jobString>Making archotech block.</jobString>
    <workSpeedStat>GeneralLaborSpeed</workSpeedStat>
    <effectWorking>Cook</effectWorking>
    <soundWorking>Recipe_Machining</soundWorking>
    <workAmount>10000</workAmount>
    <unfinishedThingDef>UnfinishedComponent</unfinishedThingDef>
	<recipeUsers>
	<li>ArchotechStation</li>
	</recipeUsers>
        <ingredients>
		<li>
        <filter>
          <thingDefs>
            <li>Picomachinery</li>
          </thingDefs>
        </filter>
        <count>20</count>
      </li>
      <li>
        <filter>
          <thingDefs>
            <li>Plasteel</li>
          </thingDefs>
        </filter>
        <count>75</count>
      </li>
    </ingredients>
    <fixedIngredientFilter>
      <thingDefs>
		<li>Picomachinery</li>
        <li>Plasteel</li>
      </thingDefs>
    </fixedIngredientFilter>
    <products>
      <BlockArchotech>75</BlockArchotech>
    </products>
    <researchPrerequisite>Archomachinery</researchPrerequisite>
    <skillRequirements>
      <Crafting>10</Crafting>
    </skillRequirements>
    <workSkill>Crafting</workSkill>
  </RecipeDef>
  
  <RecipeDef>
    <defName>Make_Archostrand</defName>
    <label>make archostrand</label>
    <description>Make archostrand.</description>
    <jobString>Making archostrand.</jobString>
    <workSpeedStat>GeneralLaborSpeed</workSpeedStat>
    <effectWorking>Cook</effectWorking>
    <soundWorking>Recipe_Machining</soundWorking>
    <workAmount>10000</workAmount>
    <unfinishedThingDef>UnfinishedComponent</unfinishedThingDef>
	<recipeUsers>
	<li>ArchotechStation</li>
	</recipeUsers>
        <ingredients>
		<li>
        <filter>
          <thingDefs>
            <li>Picomachinery</li>
          </thingDefs>
        </filter>
        <count>20</count>
      </li>
      <li>
        <filter>
          <thingDefs>
            <li>Cloth</li>
          </thingDefs>
        </filter>
        <count>75</count>
      </li>
    </ingredients>
    <fixedIngredientFilter>
      <thingDefs>
		<li>Picomachinery</li>
        <li>Cloth</li>
      </thingDefs>
    </fixedIngredientFilter>
    <products>
      <Archostrand>75</Archostrand>
    </products>
    <researchPrerequisite>Archomachinery</researchPrerequisite>
    <skillRequirements>
      <Crafting>10</Crafting>
    </skillRequirements>
    <workSkill>Crafting</workSkill>
  </RecipeDef>
  
</Defs>
