<?xml version="1.0" encoding="utf-8" ?>
<Defs>
	<RecipeDef>
    <defName>Make_Picomachinery</defName>
    <label>make picomachinery</label>
    <description>Make picomachinery.</description>
    <jobString>Making picomachinery.</jobString>
    <workSpeedStat>GeneralLaborSpeed</workSpeedStat>
    <effectWorking>Cook</effectWorking>
    <soundWorking>Recipe_Machining</soundWorking>
    <workAmount>5000</workAmount>
    <unfinishedThingDef>UnfinishedComponent</unfinishedThingDef>
	<recipeUsers>
	<li>ArchotechStation</li>
	</recipeUsers>
    <ingredients>
      <li>
        <filter>
          <thingDefs>
            <li>ComponentSpacer</li>
          </thingDefs>
        </filter>
        <count>1</count>
      </li>
      <li>
        <filter>
          <thingDefs>
            <li>Plasteel</li>
          </thingDefs>
        </filter>
        <count>5</count>
      </li>
    </ingredients>
    <fixedIngredientFilter>
      <thingDefs>
        <li>ComponentSpacer</li>
        <li>Plasteel</li>
      </thingDefs>
    </fixedIngredientFilter>
    <products>
      <Picomachinery>10</Picomachinery>
    </products>
    <researchPrerequisite>Archomachinery</researchPrerequisite>
    <skillRequirements>
      <Crafting>10</Crafting>
    </skillRequirements>
    <workSkill>Crafting</workSkill>
  </RecipeDef>
  
  <RecipeDef>
    <defName>Make_Femtomachinery</defName>
    <label>make femtomachinery</label>
    <description>Make femtomachinery.</description>
    <jobString>Making femtomachinery.</jobString>
    <workSpeedStat>GeneralLaborSpeed</workSpeedStat>
    <effectWorking>Cook</effectWorking>
    <soundWorking>Recipe_Machining</soundWorking>
    <workAmount>7500</workAmount>
    <unfinishedThingDef>UnfinishedComponent</unfinishedThingDef>
	<recipeUsers>
	<li>ArchotechStation</li>
	</recipeUsers>
    <ingredients>
      <li>
        <filter>
          <thingDefs>
            <li>ComponentSpacer</li>
          </thingDefs>
        </filter>
        <count>2</count>
      </li>
      <li>
        <filter>
          <thingDefs>
            <li>Plasteel</li>
          </thingDefs>
        </filter>
        <count>10</count>
      </li>
    </ingredients>
    <fixedIngredientFilter>
      <thingDefs>
        <li>ComponentSpacer</li>
        <li>Plasteel</li>
      </thingDefs>
    </fixedIngredientFilter>
    <products>
      <Femtomachinery>10</Femtomachinery>
    </products>
    <researchPrerequisite>Archomachinery</researchPrerequisite>
    <skillRequirements>
      <Crafting>10</Crafting>
    </skillRequirements>
    <workSkill>Crafting</workSkill>
  </RecipeDef>
  
  <RecipeDef>
    <defName>Make_Attomachinery</defName>
    <label>make attomachinery</label>
    <description>Make attomachinery.</description>
    <jobString>Making attomachinery.</jobString>
    <workSpeedStat>GeneralLaborSpeed</workSpeedStat>
    <effectWorking>Cook</effectWorking>
    <soundWorking>Recipe_Machining</soundWorking>
    <workAmount>10000</workAmount>
    <unfinishedThingDef>UnfinishedComponent</unfinishedThingDef>
	<recipeUsers>
	<li>ArchotechStation</li>
	</recipeUsers>
        <ingredients>
      <li>
        <filter>
          <thingDefs>
            <li>ComponentSpacer</li>
          </thingDefs>
        </filter>
        <count>4</count>
      </li>
      <li>
        <filter>
          <thingDefs>
            <li>Plasteel</li>
          </thingDefs>
        </filter>
        <count>20</count>
      </li>
    </ingredients>
    <fixedIngredientFilter>
      <thingDefs>
        <li>ComponentSpacer</li>
        <li>Plasteel</li>
      </thingDefs>
    </fixedIngredientFilter>
    <products>
      <Attomachinery>10</Attomachinery>
    </products>
    <researchPrerequisite>Archomachinery</researchPrerequisite>
    <skillRequirements>
      <Crafting>10</Crafting>
    </skillRequirements>
    <workSkill>Crafting</workSkill>
  </RecipeDef>
  

</Defs>
