<?xml version="1.0" encoding="utf-8" ?>
<Defs>
  
  <RecipeDef>
    <defName>Make_MedicineArchotech</defName>
    <label>make archotech medicine</label>
    <description>Make archotech medicine.</description>
    <jobString>Making archotech medicine.</jobString>
    <workSpeedStat>GeneralLaborSpeed</workSpeedStat>
    <effectWorking>Cook</effectWorking>
    <soundWorking>Recipe_Machining</soundWorking>
    <workAmount>10000</workAmount>
    <unfinishedThingDef>UnfinishedComponent</unfinishedThingDef>
	<recipeUsers>
	<li>ArchotechStation</li>
	</recipeUsers>
        <ingredients>
		<li>
        <filter>
          <thingDefs>
            <li>Picomachinery</li>
          </thingDefs>
        </filter>
        <count>1</count>
      </li>
      <li>
        <filter>
          <thingDefs>
            <li>Femtomachinery</li>
          </thingDefs>
        </filter>
        <count>1</count>
      </li>
      <li>
        <filter>
          <thingDefs>
            <li>BlockArchotech</li>
          </thingDefs>
        </filter>
        <count>1</count>
      </li>
    </ingredients>
    <fixedIngredientFilter>
      <thingDefs>
		<li>Picomachinery</li>
        <li>Femtomachinery</li>
        <li>BlockArchotech</li>
      </thingDefs>
    </fixedIngredientFilter>
    <products>
      <MedicineArchotech>1</MedicineArchotech>
    </products>
    <researchPrerequisite>ArchoMedApp</researchPrerequisite>
    <skillRequirements>
      <Crafting>10</Crafting>
    </skillRequirements>
    <workSkill>Crafting</workSkill>
  </RecipeDef>
  
  <RecipeDef>
    <defName>Make_MechSerumHealer</defName>
    <label>make healer mech serum</label>
    <description>Make healer mech serum.</description>
    <jobString>Making healer mech serum.</jobString>
    <workSpeedStat>GeneralLaborSpeed</workSpeedStat>
    <effectWorking>Cook</effectWorking>
    <soundWorking>Recipe_Machining</soundWorking>
    <workAmount>10000</workAmount>
    <unfinishedThingDef>UnfinishedComponent</unfinishedThingDef>
	<recipeUsers>
	<li>ArchotechStation</li>
	</recipeUsers>
        <ingredients>
		<li>
        <filter>
          <thingDefs>
            <li>ComponentArchotech</li>
          </thingDefs>
        </filter>
        <count>1</count>
      </li>
      <li>
        <filter>
          <thingDefs>
            <li>Femtomachinery</li>
          </thingDefs>
        </filter>
        <count>5</count>
      </li>
      <li>
        <filter>
          <thingDefs>
            <li>BlockArchotech</li>
          </thingDefs>
        </filter>
        <count>5</count>
      </li>
    </ingredients>
    <fixedIngredientFilter>
      <thingDefs>
		<li>ComponentArchotech</li>
        <li>Femtomachinery</li>
        <li>BlockArchotech</li>
      </thingDefs>
    </fixedIngredientFilter>
    <products>
      <MechSerumHealer>1</MechSerumHealer>
    </products>
    <researchPrerequisite>ArchoMedApp</researchPrerequisite>
    <skillRequirements>
      <Crafting>10</Crafting>
    </skillRequirements>
    <workSkill>Crafting</workSkill>
  </RecipeDef>
  
  <RecipeDef>
    <defName>Make_MechSerumResurrector</defName>
    <label>make resurrector mech serum</label>
    <description>Make resurrector mech serum.</description>
    <jobString>Making resurrector mech serum.</jobString>
    <workSpeedStat>GeneralLaborSpeed</workSpeedStat>
    <effectWorking>Cook</effectWorking>
    <soundWorking>Recipe_Machining</soundWorking>
    <workAmount>10000</workAmount>
    <unfinishedThingDef>UnfinishedComponent</unfinishedThingDef>
	<recipeUsers>
	<li>ArchotechStation</li>
	</recipeUsers>
        <ingredients>
		<li>
        <filter>
          <thingDefs>
            <li>ComponentArchotech</li>
          </thingDefs>
        </filter>
        <count>2</count>
      </li>
      <li>
        <filter>
          <thingDefs>
            <li>Femtomachinery</li>
          </thingDefs>
        </filter>
        <count>10</count>
      </li>
      <li>
        <filter>
          <thingDefs>
            <li>BlockArchotech</li>
          </thingDefs>
        </filter>
        <count>10</count>
      </li>
    </ingredients>
    <fixedIngredientFilter>
      <thingDefs>
		<li>ComponentArchotech</li>
        <li>Femtomachinery</li>
        <li>BlockArchotech</li>
      </thingDefs>
    </fixedIngredientFilter>
    <products>
      <MechSerumResurrector>1</MechSerumResurrector>
    </products>
    <researchPrerequisite>ArchoMedApp</researchPrerequisite>
    <skillRequirements>
      <Crafting>10</Crafting>
    </skillRequirements>
    <workSkill>Crafting</workSkill>
  </RecipeDef>
  
  <RecipeDef>
    <defName>Make_Luciferium</defName>
    <label>make luciferium</label>
    <description>Make luciferium.</description>
    <jobString>Making luciferium.</jobString>
    <workSpeedStat>GeneralLaborSpeed</workSpeedStat>
    <effectWorking>Cook</effectWorking>
    <soundWorking>Recipe_Machining</soundWorking>
    <workAmount>10000</workAmount>
    <unfinishedThingDef>UnfinishedComponent</unfinishedThingDef>
	<recipeUsers>
	<li>ArchotechStation</li>
	</recipeUsers>
        <ingredients>
		<li>
        <filter>
          <thingDefs>
            <li>Neutroamine</li>
          </thingDefs>
        </filter>
        <count>20</count>
      </li>
      <li>
        <filter>
          <thingDefs>
            <li>Femtomachinery</li>
          </thingDefs>
        </filter>
        <count>10</count>
      </li>
    </ingredients>
    <fixedIngredientFilter>
      <thingDefs>
		<li>Neutroamine</li>
        <li>Femtomachinery</li>
      </thingDefs>
    </fixedIngredientFilter>
    <products>
      <Luciferium>10</Luciferium>
    </products>
    <researchPrerequisite>ArchoMedApp</researchPrerequisite>
    <skillRequirements>
      <Intellectual>10</Intellectual>
    </skillRequirements>
    <workSkill>Crafting</workSkill>
  </RecipeDef>
  
  <RecipeDef>
    <defName>Make_ArchoLibrary</defName>
    <label>make archolibrary</label>
    <description>Make archolibrary.</description>
    <jobString>Making archolibrary.</jobString>
    <workSpeedStat>GeneralLaborSpeed</workSpeedStat>
    <effectWorking>Cook</effectWorking>
    <soundWorking>Recipe_Machining</soundWorking>
    <workAmount>10000</workAmount>
    <unfinishedThingDef>UnfinishedComponent</unfinishedThingDef>
	<recipeUsers>
	<li>ArchotechStation</li>
	</recipeUsers>
        <ingredients>
		<li>
        <filter>
          <thingDefs>
            <li>BlockArchotech</li>
          </thingDefs>
        </filter>
        <count>1</count>
      </li>
      <li>
        <filter>
          <thingDefs>
            <li>Femtomachinery</li>
          </thingDefs>
        </filter>
        <count>10</count>
      </li>
      <li>
        <filter>
          <thingDefs>
            <li>ComponentArchotech</li>
          </thingDefs>
        </filter>
        <count>1</count>
      </li>
    </ingredients>
    <fixedIngredientFilter>
      <thingDefs>
        <li>Femtomachinery</li>
		<li>BlockArchotech</li>
		<li>ComponentArchotech</li>
      </thingDefs>
    </fixedIngredientFilter>
    <products>
      <Archolibrary>1</Archolibrary>
    </products>
    <researchPrerequisite>Archotech_Basics</researchPrerequisite>
    <skillRequirements>
      <Crafting>10</Crafting>
    </skillRequirements>
    <workSkill>Crafting</workSkill>
  </RecipeDef>
  
  <RecipeDef>
    <defName>Make_AIPersonaCore</defName>
    <label>make AIPersonaCore</label>
    <description>Make AIPersonaCore.</description>
    <jobString>Making AIPersonaCore.</jobString>
    <workSpeedStat>GeneralLaborSpeed</workSpeedStat>
    <effectWorking>Cook</effectWorking>
    <soundWorking>Recipe_Machining</soundWorking>
    <workAmount>10000</workAmount>
    <unfinishedThingDef>UnfinishedComponent</unfinishedThingDef>
	<recipeUsers>
	<li>ArchotechStation</li>
	</recipeUsers>
        <ingredients>
		<li>
        <filter>
          <thingDefs>
            <li>BlockArchotech</li>
          </thingDefs>
        </filter>
        <count>10</count>
      </li>
      <li>
        <filter>
          <thingDefs>
            <li>ComponentArchotech</li>
          </thingDefs>
        </filter>
        <count>1</count>
      </li>
    </ingredients>
    <fixedIngredientFilter>
      <thingDefs>
		<li>BlockArchotech</li>
		<li>ComponentArchotech</li>
      </thingDefs>
    </fixedIngredientFilter>
    <products>
      <AIPersonaCore>1</AIPersonaCore>
    </products>
    <researchPrerequisite>Archotech_Basics</researchPrerequisite>
    <skillRequirements>
      <Crafting>10</Crafting>
    </skillRequirements>
    <workSkill>Crafting</workSkill>
  </RecipeDef>
  

</Defs>
