<?xml version="1.0" encoding="utf-8"?>
<Defs>
<!--■■■■■■■■■■■■■■■■■■■■ VULPES ■■■■■■■■■■■■■■■■■■■■-->
<TraitDef>
    <defName>VAF_Vulpian</defName>
    <commonality>0.000001</commonality>
    <degreeDatas>
      <li>
        <label>Vulpian</label>
        <description>{PAWN_nameDef} is a Vulpian, and {PAWN_pronoun} is absolutely adorable, as expected from gene-engineered servitor. Even animals are attracted by {PAWN_possessive} adorable appearence. Even plants start to bloom around {PAWN_nameDef}!</description>
        <socialFightChanceFactor>0.15</socialFightChanceFactor>
        <statOffsets>
			<TrainAnimalChance>0.25</TrainAnimalChance>
			<TameAnimalChance>0.10</TameAnimalChance>
			<TradePriceImprovement>0.5</TradePriceImprovement>
			<SocialImpact>0.5</SocialImpact>
        </statOffsets>
		<skillGains>	
			<Social>5</Social>
			<Intellectual>3</Intellectual>
			<Animals>2</Animals>
			<Plants>2</Plants>
        </skillGains>
      </li>
    </degreeDatas>
</TraitDef>
<!--■■■■■■■■■■■■■■■■■■■■ LOMBAX ■■■■■■■■■■■■■■■■■■■■-->
<TraitDef>
    <defName>LDW_Lombax</defName>
    <commonality>0.000001</commonality>
    <degreeDatas>
      <li>
        <label>Lombax</label>
        <description>{PAWN_nameDef} is a Lombax. {PAWN_pronoun} has an incredible natural inclination towards Crafting, Engineering and Combat just like other representatives of {PAWN_possessive} species. But due to natural inclination of Lombaxes to solve all problems with brute force, {PAWN_nameDef} is not very good in "Social" things.</description>
        <socialFightChanceFactor>1.5</socialFightChanceFactor>
		<statOffsets>
			<TradePriceImprovement>-0.25</TradePriceImprovement>
			<SocialImpact>-0.25</SocialImpact>
		</statOffsets>
		<skillGains>
			<Shooting>5</Shooting>
			<Melee>5</Melee>
			<Crafting>3</Crafting>
			<Construction>3</Construction>
			<Social>-5</Social>
        </skillGains>
      </li>
    </degreeDatas>
</TraitDef>
<!--■■■■■■■■■■■■■■■■■■■■ BRAIXEN & DELPHOX ■■■■■■■■■■■■■■■■■■■■-->
<TraitDef>
    <defName>BDFP_Braixen</defName>
    <commonality>0.000001</commonality>
    <degreeDatas>
      <li>
        <label>Braixen</label>
        <description>{PAWN_nameDef} is a Braixen. {PAWN_nameDef} has an incredible natural inclination towards psionics and manipulation of life essence. {PAWN_pronoun} can easily read emotions of humans, animals and even plants.</description>
        <socialFightChanceFactor>0.15</socialFightChanceFactor>
		<statOffsets>
			<TrainAnimalChance>0.25</TrainAnimalChance>
			<TameAnimalChance>0.25</TameAnimalChance>
			<TradePriceImprovement>0.5</TradePriceImprovement>
			<SocialImpact>0.5</SocialImpact>
		</statOffsets>
		<skillGains>
			<Social>5</Social>
			<Animals>3</Animals>
			<Plants>3</Plants>
        </skillGains>
      </li>
    </degreeDatas>
</TraitDef>
<TraitDef>
    <defName>BDFP_Delphox</defName>
    <commonality>0.000001</commonality>
    <degreeDatas>
      <li>
        <label>Delphox</label>
		<description>{PAWN_nameDef} is a Delphox. {PAWN_nameDef} is a powerful psychic and is inclined towards manipulation of life essence. {PAWN_pronoun} can easily read emotions of humans, animals and even plants.</description>
        <socialFightChanceFactor>0.15</socialFightChanceFactor>
		<statOffsets>
			<TrainAnimalChance>0.25</TrainAnimalChance>
			<TameAnimalChance>0.25</TameAnimalChance>
			<TradePriceImprovement>0.5</TradePriceImprovement>
			<SocialImpact>0.5</SocialImpact>
		</statOffsets>
		<skillGains>
			<Social>5</Social>
			<Animals>3</Animals>
			<Plants>3</Plants>
        </skillGains>
      </li>
    </degreeDatas>
</TraitDef>
<!--■■■■■■■■■■■■■■■■■■■■ KISALFAR AND FRESSALFAR ■■■■■■■■■■■■■■■■■■■■-->
<TraitDef>
    <defName>KFLS_Kisalfar</defName>
    <commonality>0.000001</commonality>
    <degreeDatas>
      <li>
        <label>Kisalfar</label>
		<description>{PAWN_nameDef} is a Kisalfar. While Kisalfar are "inferior" compared to Fressalfar in terms of intelligence, they're incredibly good in "social" things and negotiations.</description>
        <socialFightChanceFactor>0.15</socialFightChanceFactor>
		<statOffsets>
			<TradePriceImprovement>0.5</TradePriceImprovement>
			<SocialImpact>0.5</SocialImpact>
		</statOffsets>
		<skillGains>
			<Social>5</Social>
			<Animals>3</Animals>
			<Plants>3</Plants>
        </skillGains>
      </li>
    </degreeDatas>
</TraitDef>
<TraitDef>
    <defName>KFLS_Fressalfar</defName>
    <commonality>0.000001</commonality>
    <degreeDatas>
      <li>
        <label>Fressalfar</label>
		<description>{PAWN_nameDef} is a Fressalfar. {PAWN_nameDef} is just like a Thrumbo that is hidden in {PAWN_possessive} DNA - Highly Intelligent and not really Social. It is very hard to approach {PAWN_objective} and start a conversation.</description>
		<statOffsets>
			<TradePriceImprovement>-0.25</TradePriceImprovement>
			<SocialImpact>-0.25</SocialImpact>
		</statOffsets>
		<skillGains>
			<Intellectual>5</Intellectual>
			<Crafting>3</Crafting>
			<Social>-5</Social>
        </skillGains>
      </li>
    </degreeDatas>
</TraitDef>
<!--■■■■■■■■■■■■■■■■■■■■ FELES ■■■■■■■■■■■■■■■■■■■■-->
<TraitDef>
    <defName>FFR_Cheetah</defName>
    <commonality>0.000001</commonality>
    <degreeDatas>
      <li>
        <label>Cheetah</label>
		<description>{PAWN_nameDef} is a Cheetah. {PAWN_nameDef} is a great runner with a sharp sight. However, just like most Feline species, {PAWN_pronoun} is not a very Social being.</description>
		<statOffsets>
			<MeleeDodgeChance>0.25</MeleeDodgeChance>
			<ShootingAccuracyPawn>0.25</ShootingAccuracyPawn>
			<TradePriceImprovement>-0.25</TradePriceImprovement>
			<SocialImpact>-0.25</SocialImpact>
		</statOffsets>
		<skillGains>
			<Shooting>5</Shooting>
			<Animals>3</Animals>
			<Social>-5</Social>
        </skillGains>
      </li>
    </degreeDatas>
</TraitDef>
<TraitDef>
    <defName>FFR_Leo</defName>
    <commonality>0.000001</commonality>
    <degreeDatas>
      <li>
        <label>Leo</label>
		<description>{PAWN_nameDef} is a Leo. {PAWN_nameDef} is a great natural predator with sharp sight and is rather Social, compared to other Feline species.</description>
		<statOffsets>
			<ShootingAccuracyPawn>0.25</ShootingAccuracyPawn>
		</statOffsets>
		<skillGains>
			<Melee>3</Melee>
			<Animals>3</Animals>
			<Shooting>2</Shooting>
			<Social>2</Social>
        </skillGains>
      </li>
    </degreeDatas>
</TraitDef>
<TraitDef>
    <defName>FFR_Jaguar</defName>
    <commonality>0.000001</commonality>
    <degreeDatas>
      <li>
        <label>Jaguar</label>
		<description>{PAWN_nameDef} is a Jaguar. {PAWN_nameDef} is a great natural predator with sharp sight. However, just like most Feline species, {PAWN_pronoun} is not a very Social being.</description>
		<statOffsets>
			<ShootingAccuracyPawn>0.25</ShootingAccuracyPawn>
			<TradePriceImprovement>-0.25</TradePriceImprovement>
			<SocialImpact>-0.25</SocialImpact>
		</statOffsets>
		<skillGains>
			<Melee>3</Melee>
			<Animals>3</Animals>
			<Shooting>2</Shooting>
			<Social>-5</Social>
        </skillGains>
      </li>
    </degreeDatas>
</TraitDef>
<TraitDef>
    <defName>FFR_Panther</defName>
    <commonality>0.000001</commonality>
    <degreeDatas>
      <li>
        <label>Panther</label>
		<description>{PAWN_nameDef} is a Panther. {PAWN_nameDef} is a great natural predator with sharp sight. However, just like most Feline species, {PAWN_pronoun} is not a very Social being.</description>
		<statOffsets>
			<ShootingAccuracyPawn>0.25</ShootingAccuracyPawn>
			<TradePriceImprovement>-0.25</TradePriceImprovement>
			<SocialImpact>-0.25</SocialImpact>
		</statOffsets>
		<skillGains>
			<Melee>3</Melee>
			<Animals>3</Animals>
			<Shooting>2</Shooting>
			<Social>-5</Social>
        </skillGains>
      </li>
    </degreeDatas>
</TraitDef>
<TraitDef>
    <defName>FFR_Tigris</defName>
    <commonality>0.000001</commonality>
    <degreeDatas>
      <li>
        <label>Tigris</label>
		<description>{PAWN_nameDef} is a Tigris. {PAWN_nameDef} is a great natural predator with sharp sight. However, just like most Feline species, {PAWN_pronoun} is not a very Social being.</description>
		<statOffsets>
			<ShootingAccuracyPawn>0.25</ShootingAccuracyPawn>
			<TradePriceImprovement>-0.25</TradePriceImprovement>
			<SocialImpact>-0.25</SocialImpact>
		</statOffsets>
		<skillGains>
			<Melee>3</Melee>
			<Animals>3</Animals>
			<Shooting>2</Shooting>
			<Social>-5</Social>
        </skillGains>
      </li>
    </degreeDatas>
</TraitDef>
<!--■■■■■■■■■■■■■■■■■■■■ SYLVEON ■■■■■■■■■■■■■■■■■■■■-->
<TraitDef>
    <defName>SFP_Sylveon</defName>
    <commonality>0.000001</commonality>
    <degreeDatas>
      <li>
        <label>Sylveon</label>
        <description>{PAWN_nameDef} is a Sylveon, and {PAWN_pronoun} is absolutely adorable, as expected from gene-engineered servitor. Sylveons were gene-engineered to be a productive workers at assembly line and basic principles of Crafting are embedded in their DNA.</description>
        <socialFightChanceFactor>0.15</socialFightChanceFactor>
        <statOffsets>
			<TradePriceImprovement>0.5</TradePriceImprovement>
			<SocialImpact>0.5</SocialImpact>
        </statOffsets>
		<skillGains>	
			<Social>5</Social>
			<Crafting>5</Crafting>
			<Intellectual>3</Intellectual>
        </skillGains>
      </li>
    </degreeDatas>
</TraitDef>
<!--■■■■■■■■■■■■■■■■■■■■ VAPOREON ■■■■■■■■■■■■■■■■■■■■-->
</Defs>