﻿<?xml version="1.0" encoding="utf-8"?>
<ModMetaData>
<name>Vulpes - Adorable Foxes [1.4]</name>
<author>Yanzihko</author>
<packageId>yanzihko.VAF</packageId>
<supportedVersions>
		<li>1.4</li>
</supportedVersions>
<description>
	
Vulpes is a race of genetically engineered servitors originated from unknown distant glitterworld. Long ago these foxes were bred at industrial scale both for glitterworld itself and interstellar trade. It's still possible to find them at some worlds. Vulpes are valued very high among slave traders because of their beauty and natural kindness. These cuties will be a nice addition either for your colony or your greedy pocket.

Support me at Boosty: https://boosty.to/yanzihko
</description>
	<modDependencies>
		<li>
			<packageId>erdelf.HumanoidAlienRaces</packageId>
			<displayName>Humanoid Alien Races 2.0</displayName>
			<steamWorkshopUrl>steam://url/CommunityFilePage/839005762</steamWorkshopUrl>
		</li>
		<li>
			<packageId>yanzihko.YZRCM</packageId>
			<displayName>Yanzihko's Races - Core Module [YZRCM][1.4]</displayName>
			<steamWorkshopUrl>steam://url/CommunityFilePage/3005787388</steamWorkshopUrl>
		</li>
	</modDependencies>
</ModMetaData>