﻿<?xml version="1.0" encoding="utf-8" ?>
<Defs>

  <WorkGiverDef>
    <defName>DoBillsUseArchotechStation</defName>
    <label>craft at archotech station</label>
    <giverClass>WorkGiver_DoBill</giverClass>
    <workType>Crafting</workType>
    <priorityInType>100</priorityInType>
    <fixedBillGiverDefs>
      <li>ArchotechStation</li>
    </fixedBillGiverDefs>
    <verb>craft</verb>
    <gerund>crafting at archotech station</gerund>
    <requiredCapacities>
      <li>Manipulation</li>
    </requiredCapacities>
    <prioritizeSustains>true</prioritizeSustains>
  </WorkGiverDef>

</Defs>