﻿<?xml version="1.0" encoding="utf-8" ?>
<Defs>

<ScenarioDef>
	<defName>DelphoxScenario1</defName>
	<label>Intercepted Space Cruiser</label>
	<description>Your first heading aboard a military space fleet ended with disaster. Your ship was flanked by a few smaller enemy vessels and managed to deal heavy damage and great disabling shots off. Well, not great for you.A menagerie of surviving civilians and soldiers, friends or otherwise, managed to get to a column of escape pods. You, performing your duties near one, or being close to one by sheer luck, had the chance to get in one alongside three other personnel. Amongst your group are two Delphoxes.The only “safe” place appearing on screen of your pod is a close by Rimworld a few days out…</description>
	<scenario>
		<summary>Two colonists with moderate amount of resources and enough food. Easy start.</summary>
		<playerFaction>
			<def>PlayerFaction</def>
			<factionDef>PlayerDelphoxIndustrialNoTech</factionDef>
		</playerFaction>
		<parts>
			<li Class="ScenPart_ConfigPage_ConfigureStartingPawns">
				<def>ConfigPage_ConfigureStartingPawns</def>
				<pawnCount>2</pawnCount>
			</li>
			<li Class="ScenPart_PlayerPawnsArriveMethod">
				<def>PlayerPawnsArriveMethod</def>
				<method>DropPods</method>
			</li>
			<!--ITEMS-->
			<li Class="ScenPart_StartingThing_Defined">
				<def>StartingThing_Defined</def>
				<thingDef>MealSurvivalPack</thingDef>
				<count>65</count>
			</li>
			<li Class="ScenPart_StartingThing_Defined">
				<def>StartingThing_Defined</def>
				<thingDef>MedicineIndustrial</thingDef>
				<count>30</count>
			</li>
			<li Class="ScenPart_StartingThing_Defined">
				<def>StartingThing_Defined</def>
				<thingDef>ComponentIndustrial</thingDef>
				<count>30</count>
			</li>
			<!--ARMOR-->
			<li Class="ScenPart_StartingThing_Defined">
				<def>StartingThing_Defined</def>
				<thingDef>Apparel_AdvancedHelmet</thingDef>
				<stuff>Steel</stuff>
			</li>
			<li Class="ScenPart_StartingThing_Defined">
				<def>StartingThing_Defined</def>
				<thingDef>Apparel_FlakVest</thingDef>
			</li>
			<li Class="ScenPart_StartingThing_Defined">
				<def>StartingThing_Defined</def>
				<thingDef>Apparel_FlakPants</thingDef>
			</li>
			<!--APPAREL-->
			<li Class="ScenPart_StartingThing_Defined">
				<def>StartingThing_Defined</def>
				<thingDef>Apparel_Jacket</thingDef>
				<stuff>Cloth</stuff>
			</li>
			<li Class="ScenPart_StartingThing_Defined">
				<def>StartingThing_Defined</def>
				<thingDef>Apparel_CollarShirt</thingDef>
				<stuff>Cloth</stuff>
			</li>
			<li Class="ScenPart_StartingThing_Defined">
				<def>StartingThing_Defined</def>
				<thingDef>Apparel_BasicShirt</thingDef>
				<stuff>Cloth</stuff>
				<count>3</count>
			</li>
			<li Class="ScenPart_StartingThing_Defined">
				<def>StartingThing_Defined</def>
				<thingDef>Apparel_Pants</thingDef>
				<stuff>Cloth</stuff>
				<count>4</count>
			</li>
			<!--WEAPONS-->
			<li Class="ScenPart_StartingThing_Defined">
				<def>StartingThing_Defined</def>
				<thingDef>Gun_BoltActionRifle</thingDef>
			</li>
			<li Class="ScenPart_StartingThing_Defined">
				<def>StartingThing_Defined</def>
				<thingDef>Gun_Autopistol</thingDef>
			</li>
			<li Class="ScenPart_StartingThing_Defined">
				<def>StartingThing_Defined</def>
				<thingDef>MeleeWeapon_Knife</thingDef>
				<stuff>Steel</stuff>
			</li>
			<!--SCATTERED NEAR-->
			<li Class="ScenPart_ScatterThingsNearPlayerStart">
				<def>ScatterThingsNearPlayerStart</def>
				<thingDef>Steel</thingDef>
				<count>650</count>
			</li>
			<li Class="ScenPart_ScatterThingsNearPlayerStart">
				<def>ScatterThingsNearPlayerStart</def>
				<thingDef>WoodLog</thingDef>
				<count>300</count>
			</li>
			<!--SCATTERED EVERYWHERE-->
			<li Class="ScenPart_ScatterThingsAnywhere">
				<def>ScatterThingsAnywhere</def>
				<thingDef>ShipChunk</thingDef>
				<count>5</count>
			</li>
			<li Class="ScenPart_ScatterThingsAnywhere">
				<def>ScatterThingsAnywhere</def>
				<thingDef>Steel</thingDef>
				<count>700</count>
			</li>
			<li Class="ScenPart_ScatterThingsAnywhere">
				<def>ScatterThingsAnywhere</def>
				<thingDef>MealSurvivalPack</thingDef>
				<count>7</count>
			</li>
			<li Class="ScenPart_GameStartDialog">
          <def>GameStartDialog</def>
          <text>The crash land was bumpy, and some of the cruisers up there are still going at it. It’s best to build up a camp, ready ourselves, and decide what to do next.</text>
          <closeSound>GameStartSting</closeSound>
        </li>
		</parts>
	</scenario>
</ScenarioDef>

</Defs>