﻿<?xml version="1.0" encoding="utf-8" ?>
<Defs>

  <PawnKindDef Abstract="True" Name="BaseKisalfarPawnKind">
    <race>Kisalfar</race>
	<backstoryFiltersOverride>
        <li>
            <categories>
                <li>501_U_Kisalfar_BackstoriesChildhood</li>
				<li>501_U_Kisalfar_BackstoriesAdulthood</li>
            </categories>
        </li>
    </backstoryFiltersOverride>
    <combatPower>30</combatPower>
    <isFighter>false</isFighter>
    <apparelIgnoreSeasons>true</apparelIgnoreSeasons>
    <forceNormalGearQuality>true</forceNormalGearQuality>
	<xenotypeSet>
      <xenotypeChances>
        <YZRCM_KisalfarXenotype MayRequire="Ludeon.RimWorld.Biotech">1</YZRCM_KisalfarXenotype>
      </xenotypeChances>
    </xenotypeSet>
  </PawnKindDef>

  <PawnKindDef ParentName="BaseKisalfarPawnKind">
    <defName>KisalfarTribalPawn</defName>
    <label>member</label>
    <race>Kisalfar</race>
    <defaultFactionType>PlayerKisalfarTribal</defaultFactionType>
    <apparelTags>
      <li>Neolithic</li>
    </apparelTags>
    <apparelMoney>200~1200</apparelMoney>
    <backstoryCryptosleepCommonality>1</backstoryCryptosleepCommonality>
    <initialWillRange>1~3</initialWillRange>
    <initialResistanceRange>10~15</initialResistanceRange>
  </PawnKindDef>
  
  <PawnKindDef ParentName="BaseKisalfarPawnKind">
    <defName>KisalfarIndustrialPawn</defName>
    <label>member</label>
    <race>Kisalfar</race>
    <defaultFactionType>PlayerKisalfarIndustrial</defaultFactionType>
    <apparelTags>
      <li>Industrial</li>
    </apparelTags>
    <apparelMoney>200~2000</apparelMoney>
    <backstoryCryptosleepCommonality>1</backstoryCryptosleepCommonality>
    <initialWillRange>1~3</initialWillRange>
    <initialResistanceRange>10~15</initialResistanceRange>
  </PawnKindDef>

</Defs>
