﻿<?xml version="1.0" encoding="utf-8"?>
<ModMetaData>
<name>Icephox - Braixen and Delphox Addon [1.5]</name>
<author>Yanzihko</author>
<packageId>yanzihko.IBDFPA</packageId>
<supportedVersions>
		<li>1.5</li>
</supportedVersions>
<modIconPath IgnoreIfNoMatchingField="True">UI/Minimodcoldbraixen</modIconPath>
<description>
A medium-sized, bipedal, Fox-like humanoid that has a natural affinity to frost and psychic capabilities. Related to Delphox and Braxen, and is considered to be an alternative version designed long ago for a very cold glitterworld. It's unknown what kind of gene-engineering magic the Glitterworld that originally produced them used, but their bodies have almost a complete resistance to cold temperatures. These creatures are able to consciously regulate temperature of their bodies. Before collapse of it's original solar system, this species was mainly used as domestic servants, entertainers, or just a beauteful and kind friend to have around. Icephox is an advanced variation of xenohumans with a precisely tuned genome that becomes highly unstable outside of very short range of acceptable parameters. Technically they even can be considered an alien species. Their modification is impossible outside of advanced Glitterworld facilities and without source Genome templates.

</description>
	<modDependencies>
		<li>
			<packageId>erdelf.HumanoidAlienRaces</packageId>
			<displayName>Humanoid Alien Races 2.0</displayName>
			<steamWorkshopUrl>steam://url/CommunityFilePage/839005762</steamWorkshopUrl>
		</li>
		<li>
			<packageId>yanzihko.BDFP</packageId>
			<displayName>Braixen and Delphox - Fire Pokemon [1.5]</displayName>
			<steamWorkshopUrl>steam://url/CommunityFilePage/2424930825</steamWorkshopUrl>
		</li>
		<li>
			<packageId>yanzihko.YZRCM</packageId>
			<displayName>Yanzihko's Races - Core Module [YZRCM][1.5]</displayName>
			<steamWorkshopUrl>steam://url/CommunityFilePage/3005787388</steamWorkshopUrl>
		</li>
	</modDependencies>
</ModMetaData>