<?xml version="1.0" encoding="utf-8" ?>
<!-- These patches adds Eevee PawnKinds to all base game encounters, 
	 with 20% of the weighting of the equivalent Human PawnKinds -->

<Patch>
	<!-- Pirates -->
	<!-- Pirate raid 1; 100 commonality, ranged with melee mix-ins -->
	<Operation Class="PatchOperationAdd">
	<xpath>*/FactionDef[defName="Pirate"]/pawnGroupMakers/li[1]/options</xpath>
	<value>
        <Eevee_Drifter>2</Eevee_Drifter>
		<Eevee_Thrasher>0.6</Eevee_Thrasher>
        <Eevee_Scavenger>2</Eevee_Scavenger>
        <Eevee_Pirate>2</Eevee_Pirate>
        <Eevee_Grenadier_EMP>0.1</Eevee_Grenadier_EMP>
        <Eevee_Grenadier_Destructive>0.4</Eevee_Grenadier_Destructive>
        <Eevee_Mercenary_Gunner>2</Eevee_Mercenary_Gunner>
        <Eevee_Mercenary_Heavy>1.2</Eevee_Mercenary_Heavy>
        <Eevee_Mercenary_Slasher>0.6</Eevee_Mercenary_Slasher>
        <Eevee_Mercenary_Sniper>1.4</Eevee_Mercenary_Sniper>
        <Eevee_Mercenary_Elite>2</Eevee_Mercenary_Elite>
        <Eevee_PirateBoss>1</Eevee_PirateBoss>
	</value>
	</Operation>

	<!-- Pirate raid 2; 30 commonality, melee only -->
	<Operation Class="PatchOperationAdd">
	<xpath>*/FactionDef[defName="Pirate"]/pawnGroupMakers/li[2]/options</xpath>
	<value>
        <Eevee_Thrasher>2</Eevee_Thrasher>
        <Eevee_Mercenary_Slasher>2</Eevee_Mercenary_Slasher>
        <Eevee_PirateBoss>1</Eevee_PirateBoss>
	</value>
	</Operation>

	<!-- Pirate raid 3; 20 commonality, ranged only -->
	<Operation Class="PatchOperationAdd">
	<xpath>*/FactionDef[defName="Pirate"]/pawnGroupMakers/li[3]/options</xpath>
	<value>
		<Eevee_Scavenger>2.0</Eevee_Scavenger>
		<Eevee_Pirate>2.0</Eevee_Pirate>
		<Eevee_Grenadier_EMP>0.05</Eevee_Grenadier_EMP>
		<Eevee_Grenadier_Smoke>0.05</Eevee_Grenadier_Smoke>
		<Eevee_Grenadier_Destructive>0.4</Eevee_Grenadier_Destructive>
		<Eevee_Mercenary_Gunner>2.0</Eevee_Mercenary_Gunner>
		<Eevee_Mercenary_Heavy>1.2</Eevee_Mercenary_Heavy>
		<Eevee_Mercenary_Sniper>1.4</Eevee_Mercenary_Sniper>
		<Eevee_Mercenary_Elite>2.0</Eevee_Mercenary_Elite>
		<Eevee_PirateBoss>1.0</Eevee_PirateBoss>
	</value>
	</Operation>

	<!-- Pirate raid 4; 15 commonality, explosives with ranged mix-ins -->
	<Operation Class="PatchOperationAdd">
	<xpath>*/FactionDef[defName="Pirate"]/pawnGroupMakers/li[4]/options</xpath>
	<value>
        <Eevee_Grenadier_EMP>0.2</Eevee_Grenadier_EMP>
        <Eevee_Grenadier_Destructive>2</Eevee_Grenadier_Destructive>
        <Eevee_Mercenary_Gunner>0.2</Eevee_Mercenary_Gunner>
        <Eevee_Mercenary_Heavy>2</Eevee_Mercenary_Heavy>
        <Eevee_Mercenary_Elite>0.2</Eevee_Mercenary_Elite>
        <Eevee_PirateBoss>0.2</Eevee_PirateBoss>
	</value>
	</Operation>

	<!-- Pirate raid 5; 10 commonality, snipers only -->
	<Operation Class="PatchOperationAdd">
	<xpath>*/FactionDef[defName="Pirate"]/pawnGroupMakers/li[5]/options</xpath>
	<value>
        <Eevee_Mercenary_Sniper>2</Eevee_Mercenary_Sniper>
	</value>
	</Operation>

	<!-- Pirate raid 6; 2.5 commonality, drifters only -->
	<Operation Class="PatchOperationAdd">
	<xpath>*/FactionDef[defName="Pirate"]/pawnGroupMakers/li[6]/options</xpath>
	<value>
        <Eevee_Drifter>2</Eevee_Drifter>
	</value>
	</Operation>

	<!-- Pirate Settlement; mainly ranged with melee mix-ins -->
	<Operation Class="PatchOperationAdd">
	<xpath>*/FactionDef[defName="Pirate"]/pawnGroupMakers/li[7]/options</xpath>
	<value>
        <Eevee_Thrasher>0.6</Eevee_Thrasher>
        <Eevee_Pirate>2</Eevee_Pirate>
        <Eevee_Grenadier_Destructive>0.4</Eevee_Grenadier_Destructive>
		<Eevee_Mercenary_Slasher>0.6</Eevee_Mercenary_Slasher>
		<Eevee_Mercenary_Sniper>2</Eevee_Mercenary_Sniper>
		<Eevee_Mercenary_Gunner>2</Eevee_Mercenary_Gunner>
		<Eevee_Mercenary_Elite>2</Eevee_Mercenary_Elite>
        <Eevee_PirateBoss>2</Eevee_PirateBoss>
	</value>
	</Operation>
	
	<!-- Outlander -->
	<!-- Outlander Raid; standard mix -->
	<Operation Class="PatchOperationAdd">
	<xpath>*/FactionDef[@Name="OutlanderFactionBase"]/pawnGroupMakers/li[1]/options</xpath>
	<value>
        <Eevee_Villager>1</Eevee_Villager>
        <Eevee_Town_Guard>2</Eevee_Town_Guard>
        <Eevee_Grenadier_Destructive>0.3</Eevee_Grenadier_Destructive>
		<Eevee_Mercenary_Slasher>1.4</Eevee_Mercenary_Slasher>
		<Eevee_Mercenary_Gunner>2</Eevee_Mercenary_Gunner>
		<Eevee_Mercenary_Elite>2</Eevee_Mercenary_Elite>
        <Eevee_Town_Councilman>2</Eevee_Town_Councilman>
	</value>
	</Operation>
	
	<!-- Outlander Peaceful -->
	<Operation Class="PatchOperationAdd">
	<xpath>*/FactionDef[@Name="OutlanderFactionBase"]/pawnGroupMakers/li[2]/options</xpath>
	<value>
        <Eevee_Villager>4</Eevee_Villager>
        <Eevee_Town_Guard>2</Eevee_Town_Guard>
        <Eevee_Town_Councilman>2</Eevee_Town_Councilman>
	</value>
	</Operation>

	<!-- Outlander Traders -->
	<Operation Class="PatchOperationAdd">
	<xpath>*/FactionDef[@Name="OutlanderFactionBase"]/pawnGroupMakers/li[3]/guards</xpath>
	<value>
        <Eevee_Villager>0.6</Eevee_Villager>
        <Eevee_Town_Guard>2</Eevee_Town_Guard>
        <Eevee_Grenadier_Destructive>0.3</Eevee_Grenadier_Destructive>
        <Eevee_Mercenary_Slasher>1.4</Eevee_Mercenary_Slasher>
        <Eevee_Mercenary_Gunner>2</Eevee_Mercenary_Gunner>
		<Eevee_Mercenary_Elite>2</Eevee_Mercenary_Elite>
	</value>
	</Operation>

	<Operation Class="PatchOperationAdd">
	<xpath>*/FactionDef[@Name="OutlanderFactionBase"]/pawnGroupMakers/li[3]/traders</xpath>
	<value>
        <Eevee_Town_Trader>0.2</Eevee_Town_Trader>
	</value>
	</Operation>

	<Operation Class="PatchOperationAdd">
	<xpath>*/FactionDef[@Name="OutlanderFactionBase"]/pawnGroupMakers/li[4]/options</xpath>
	<value>
		<Eevee_Villager>2</Eevee_Villager>
        <Eevee_Town_Guard>2</Eevee_Town_Guard>
        <Eevee_Grenadier_Destructive>0.3</Eevee_Grenadier_Destructive>
		<Eevee_Mercenary_Slasher>1.4</Eevee_Mercenary_Slasher>
        <Eevee_Mercenary_Gunner>2</Eevee_Mercenary_Gunner>
        <Eevee_Mercenary_Elite>2</Eevee_Mercenary_Elite>
        <Eevee_Town_Councilman>2</Eevee_Town_Councilman>
	</value>
	</Operation>

	<!-- Villager -->
	<!-- Villager Raid 1; 100 commonality, ranged with melee mix-ins -->
	<Operation Class="PatchOperationAdd">
	<xpath>*/FactionDef[@Name="TribeBase"]/pawnGroupMakers/li[1]/options</xpath>
	<value>
        <Eevee_Tribal_Penitent>1</Eevee_Tribal_Penitent>
        <Eevee_Tribal_Warrior>1</Eevee_Tribal_Warrior>
        <Eevee_Tribal_Archer>2</Eevee_Tribal_Archer>
        <Eevee_Tribal_Hunter>2</Eevee_Tribal_Hunter>
        <Eevee_Tribal_HeavyArcher>2</Eevee_Tribal_HeavyArcher>
        <Eevee_Tribal_Berserker>1</Eevee_Tribal_Berserker>
        <Eevee_Tribal_ChiefRanged>0.6</Eevee_Tribal_ChiefRanged>
        <Eevee_Tribal_ChiefMelee>0.3</Eevee_Tribal_ChiefMelee>
	</value>
	</Operation>

	<!-- Villager Raid 2; 60 commonality, ranged only -->
	<Operation Class="PatchOperationAdd">
	<xpath>*/FactionDef[@Name="TribeBase"]/pawnGroupMakers/li[2]/options</xpath>
	<value>
        <Eevee_Tribal_Archer>2</Eevee_Tribal_Archer>
        <Eevee_Tribal_Hunter>2</Eevee_Tribal_Hunter>
        <Eevee_Tribal_HeavyArcher>2</Eevee_Tribal_HeavyArcher>
        <Eevee_Tribal_ChiefRanged>1</Eevee_Tribal_ChiefRanged>
	</value>
	</Operation>

	<!-- Villager Raid 3; 60 commonality, melee only -->
	<Operation Class="PatchOperationAdd">
	<xpath>*/FactionDef[@Name="TribeBase"]/pawnGroupMakers/li[3]/options</xpath>
	<value>
        <Eevee_Tribal_Penitent>2</Eevee_Tribal_Penitent>
        <Eevee_Tribal_Warrior>2</Eevee_Tribal_Warrior>
        <Eevee_Tribal_Berserker>2</Eevee_Tribal_Berserker>
        <Eevee_Tribal_ChiefMelee>1</Eevee_Tribal_ChiefMelee>
	</value>
	</Operation>

	<!-- Villager Peaceful -->
	<Operation Class="PatchOperationAdd">
	<xpath>*/FactionDef[@Name="TribeBase"]/pawnGroupMakers/li[5]/options</xpath>
	<value>
        <Eevee_Tribal_Warrior>4</Eevee_Tribal_Warrior>
        <Eevee_Tribal_Archer>2</Eevee_Tribal_Archer>
        <Eevee_Tribal_Hunter>2</Eevee_Tribal_Hunter>
        <Eevee_Tribal_HeavyArcher>2</Eevee_Tribal_HeavyArcher>
        <Eevee_Tribal_Berserker>1</Eevee_Tribal_Berserker>
        <Eevee_Tribal_ChiefRanged>0.6</Eevee_Tribal_ChiefRanged>
        <Eevee_Tribal_ChiefMelee>0.3</Eevee_Tribal_ChiefMelee>
	</value>
	</Operation>

	<!-- Villager Traders -->
	<Operation Class="PatchOperationAdd">
	<xpath>*/FactionDef[@Name="TribeBase"]/pawnGroupMakers/li[6]/guards</xpath>
	<value>
        <Eevee_Tribal_Warrior>1.4</Eevee_Tribal_Warrior>
        <Eevee_Tribal_Archer>2</Eevee_Tribal_Archer>
        <Eevee_Tribal_Hunter>2</Eevee_Tribal_Hunter>
        <Eevee_Tribal_HeavyArcher>2</Eevee_Tribal_HeavyArcher>
        <Eevee_Tribal_Berserker>1.4</Eevee_Tribal_Berserker>
	</value>
	</Operation>

	<Operation Class="PatchOperationAdd">
	<xpath>*/FactionDef[@Name="TribeBase"]/pawnGroupMakers/li[6]/traders</xpath>
	<value>
        <Eevee_Tribal_Trader>0.2</Eevee_Tribal_Trader>
	</value>
	</Operation>

	<!-- Settlement -->

	<Operation Class="PatchOperationAdd">
	<xpath>*/FactionDef[@Name="TribeBase"]/pawnGroupMakers/li[7]/options</xpath>
	<value>
          <Eevee_Tribal_Warrior>1.4</Eevee_Tribal_Warrior>
          <Eevee_Tribal_Archer>2</Eevee_Tribal_Archer>
          <Eevee_Tribal_Hunter>2</Eevee_Tribal_Hunter>
          <Eevee_Tribal_HeavyArcher>2</Eevee_Tribal_HeavyArcher>
          <Eevee_Tribal_Berserker>1.4</Eevee_Tribal_Berserker>
          <Eevee_Tribal_ChiefRanged>2</Eevee_Tribal_ChiefRanged>
	</value>
	</Operation>

</Patch>