﻿<?xml version="1.0" encoding="utf-8" ?>
<Defs>

  <PawnKindDef Abstract="True" Name="BaseLeafeonPawnKind">
    <race>Yanz_Leafeon</race>
	<backstoryFiltersOverride>
        <li>
            <categories>
                <li>502_U_Eeveelutions_BackstoriesChildhood</li>
				<li>502_U_Eeveelutions_BackstoriesAdulthood</li>
            </categories>
        </li>
    </backstoryFiltersOverride>
    <combatPower>30</combatPower>
    <isFighter>false</isFighter>
    <apparelIgnoreSeasons>true</apparelIgnoreSeasons>
    <forceNormalGearQuality>true</forceNormalGearQuality>
	<xenotypeSet>
      <xenotypeChances>
        <YZRCM_LeafeonXenotype MayRequire="Ludeon.RimWorld.Biotech">1</YZRCM_LeafeonXenotype>
      </xenotypeChances>
    </xenotypeSet>
  </PawnKindDef>

  <PawnKindDef ParentName="BaseLeafeonPawnKind">
    <defName>LeafeonTribalPawn</defName>
    <label>member</label>
    <defaultFactionType>PlayerLeafeonTribal</defaultFactionType>
    <apparelTags>
      <li>Neolithic</li>
    </apparelTags>
    <apparelMoney>200~1200</apparelMoney>
    <backstoryCryptosleepCommonality>1</backstoryCryptosleepCommonality>
    <initialWillRange>0~1</initialWillRange>
    <initialResistanceRange>2~5</initialResistanceRange>
  </PawnKindDef>
  
  <PawnKindDef ParentName="BaseLeafeonPawnKind">
    <defName>LeafeonIndustrialPawn</defName>
    <label>member</label>
    <race>Yanz_Leafeon</race>
    <defaultFactionType>PlayerLeafeonIndustrial</defaultFactionType>
    <apparelTags>
      <li>Industrial</li>
    </apparelTags>
    <apparelMoney>200~2000</apparelMoney>
    <backstoryCryptosleepCommonality>1</backstoryCryptosleepCommonality>
    <initialWillRange>0~1</initialWillRange>
    <initialResistanceRange>2~5</initialResistanceRange>
  </PawnKindDef>

</Defs>
