<?xml version="1.0" encoding="utf-8" ?>
<!-- These patches adds Lombax PawnKinds to all base game encounters, 
	 with 20% of the weighting of the equivalent Human PawnKinds -->

<Patch>
	<!-- Pirates -->
	<!-- Pirate raid 1; 100 commonality, ranged with melee mix-ins -->
	<Operation Class="PatchOperationAdd">
	<xpath>*/FactionDef[defName="Pirate"]/pawnGroupMakers/li[1]/options</xpath>
	<value>
        <Lombax_Drifter>2</Lombax_Drifter>
		<Lombax_Thrasher>0.6</Lombax_Thrasher>
        <Lombax_Scavenger>2</Lombax_Scavenger>
        <Lombax_Pirate>2</Lombax_Pirate>
        <Lombax_Grenadier_EMP>0.1</Lombax_Grenadier_EMP>
        <Lombax_Grenadier_Destructive>0.4</Lombax_Grenadier_Destructive>
        <Lombax_Mercenary_Gunner>2</Lombax_Mercenary_Gunner>
        <Lombax_Mercenary_Heavy>1.2</Lombax_Mercenary_Heavy>
        <Lombax_Mercenary_Slasher>0.6</Lombax_Mercenary_Slasher>
        <Lombax_Mercenary_Sniper>1.4</Lombax_Mercenary_Sniper>
        <Lombax_Mercenary_Elite>2</Lombax_Mercenary_Elite>
        <Lombax_PirateBoss>1</Lombax_PirateBoss>
	</value>
	</Operation>

	<!-- Pirate raid 2; 30 commonality, melee only -->
	<Operation Class="PatchOperationAdd">
	<xpath>*/FactionDef[defName="Pirate"]/pawnGroupMakers/li[2]/options</xpath>
	<value>
        <Lombax_Thrasher>2</Lombax_Thrasher>
        <Lombax_Mercenary_Slasher>2</Lombax_Mercenary_Slasher>
        <Lombax_PirateBoss>1</Lombax_PirateBoss>
	</value>
	</Operation>

	<!-- Pirate raid 3; 20 commonality, ranged only -->
	<Operation Class="PatchOperationAdd">
	<xpath>*/FactionDef[defName="Pirate"]/pawnGroupMakers/li[3]/options</xpath>
	<value>
		<Lombax_Scavenger>2.0</Lombax_Scavenger>
		<Lombax_Pirate>2.0</Lombax_Pirate>
		<Lombax_Grenadier_EMP>0.05</Lombax_Grenadier_EMP>
		<Lombax_Grenadier_Smoke>0.05</Lombax_Grenadier_Smoke>
		<Lombax_Grenadier_Destructive>0.4</Lombax_Grenadier_Destructive>
		<Lombax_Mercenary_Gunner>2.0</Lombax_Mercenary_Gunner>
		<Lombax_Mercenary_Heavy>1.2</Lombax_Mercenary_Heavy>
		<Lombax_Mercenary_Sniper>1.4</Lombax_Mercenary_Sniper>
		<Lombax_Mercenary_Elite>2.0</Lombax_Mercenary_Elite>
		<Lombax_PirateBoss>1.0</Lombax_PirateBoss>
	</value>
	</Operation>

	<!-- Pirate raid 4; 15 commonality, explosives with ranged mix-ins -->
	<Operation Class="PatchOperationAdd">
	<xpath>*/FactionDef[defName="Pirate"]/pawnGroupMakers/li[4]/options</xpath>
	<value>
        <Lombax_Grenadier_EMP>0.2</Lombax_Grenadier_EMP>
        <Lombax_Grenadier_Destructive>2</Lombax_Grenadier_Destructive>
        <Lombax_Mercenary_Gunner>0.2</Lombax_Mercenary_Gunner>
        <Lombax_Mercenary_Heavy>2</Lombax_Mercenary_Heavy>
        <Lombax_Mercenary_Elite>0.2</Lombax_Mercenary_Elite>
        <Lombax_PirateBoss>0.2</Lombax_PirateBoss>
	</value>
	</Operation>

	<!-- Pirate raid 5; 10 commonality, snipers only -->
	<Operation Class="PatchOperationAdd">
	<xpath>*/FactionDef[defName="Pirate"]/pawnGroupMakers/li[5]/options</xpath>
	<value>
        <Lombax_Mercenary_Sniper>2</Lombax_Mercenary_Sniper>
	</value>
	</Operation>

	<!-- Pirate raid 6; 2.5 commonality, drifters only -->
	<Operation Class="PatchOperationAdd">
	<xpath>*/FactionDef[defName="Pirate"]/pawnGroupMakers/li[6]/options</xpath>
	<value>
        <Lombax_Drifter>2</Lombax_Drifter>
	</value>
	</Operation>

	<!-- Pirate Settlement; mainly ranged with melee mix-ins -->
	<Operation Class="PatchOperationAdd">
	<xpath>*/FactionDef[defName="Pirate"]/pawnGroupMakers/li[7]/options</xpath>
	<value>
        <Lombax_Thrasher>0.6</Lombax_Thrasher>
        <Lombax_Pirate>2</Lombax_Pirate>
        <Lombax_Grenadier_Destructive>0.4</Lombax_Grenadier_Destructive>
		<Lombax_Mercenary_Slasher>0.6</Lombax_Mercenary_Slasher>
		<Lombax_Mercenary_Sniper>2</Lombax_Mercenary_Sniper>
		<Lombax_Mercenary_Gunner>2</Lombax_Mercenary_Gunner>
		<Lombax_Mercenary_Elite>2</Lombax_Mercenary_Elite>
        <Lombax_PirateBoss>2</Lombax_PirateBoss>
	</value>
	</Operation>
	
	<!-- Outlander -->
	<!-- Outlander Raid; standard mix -->
	<Operation Class="PatchOperationAdd">
	<xpath>*/FactionDef[@Name="OutlanderFactionBase"]/pawnGroupMakers/li[1]/options</xpath>
	<value>
        <Lombax_Villager>1</Lombax_Villager>
        <Lombax_Town_Guard>2</Lombax_Town_Guard>
        <Lombax_Grenadier_Destructive>0.3</Lombax_Grenadier_Destructive>
		<Lombax_Mercenary_Slasher>1.4</Lombax_Mercenary_Slasher>
		<Lombax_Mercenary_Gunner>2</Lombax_Mercenary_Gunner>
		<Lombax_Mercenary_Elite>2</Lombax_Mercenary_Elite>
        <Lombax_Town_Councilman>2</Lombax_Town_Councilman>
	</value>
	</Operation>
	
	<!-- Outlander Peaceful -->
	<Operation Class="PatchOperationAdd">
	<xpath>*/FactionDef[@Name="OutlanderFactionBase"]/pawnGroupMakers/li[2]/options</xpath>
	<value>
        <Lombax_Villager>4</Lombax_Villager>
        <Lombax_Town_Guard>2</Lombax_Town_Guard>
        <Lombax_Town_Councilman>2</Lombax_Town_Councilman>
	</value>
	</Operation>

	<!-- Outlander Traders -->
	<Operation Class="PatchOperationAdd">
	<xpath>*/FactionDef[@Name="OutlanderFactionBase"]/pawnGroupMakers/li[3]/guards</xpath>
	<value>
        <Lombax_Villager>0.6</Lombax_Villager>
        <Lombax_Town_Guard>2</Lombax_Town_Guard>
        <Lombax_Grenadier_Destructive>0.3</Lombax_Grenadier_Destructive>
        <Lombax_Mercenary_Slasher>1.4</Lombax_Mercenary_Slasher>
        <Lombax_Mercenary_Gunner>2</Lombax_Mercenary_Gunner>
		<Lombax_Mercenary_Elite>2</Lombax_Mercenary_Elite>
	</value>
	</Operation>

	<Operation Class="PatchOperationAdd">
	<xpath>*/FactionDef[@Name="OutlanderFactionBase"]/pawnGroupMakers/li[3]/traders</xpath>
	<value>
        <Lombax_Town_Trader>0.2</Lombax_Town_Trader>
	</value>
	</Operation>

	<Operation Class="PatchOperationAdd">
	<xpath>*/FactionDef[@Name="OutlanderFactionBase"]/pawnGroupMakers/li[4]/options</xpath>
	<value>
		<Lombax_Villager>2</Lombax_Villager>
        <Lombax_Town_Guard>2</Lombax_Town_Guard>
        <Lombax_Grenadier_Destructive>0.3</Lombax_Grenadier_Destructive>
		<Lombax_Mercenary_Slasher>1.4</Lombax_Mercenary_Slasher>
        <Lombax_Mercenary_Gunner>2</Lombax_Mercenary_Gunner>
        <Lombax_Mercenary_Elite>2</Lombax_Mercenary_Elite>
        <Lombax_Town_Councilman>2</Lombax_Town_Councilman>
	</value>
	</Operation>

	<!-- Villager -->
	<!-- Villager Raid 1; 100 commonality, ranged with melee mix-ins -->
	<Operation Class="PatchOperationAdd">
	<xpath>*/FactionDef[@Name="TribeBase"]/pawnGroupMakers/li[1]/options</xpath>
	<value>
        <Lombax_Tribal_Penitent>1</Lombax_Tribal_Penitent>
        <Lombax_Tribal_Warrior>1</Lombax_Tribal_Warrior>
        <Lombax_Tribal_Archer>2</Lombax_Tribal_Archer>
        <Lombax_Tribal_Hunter>2</Lombax_Tribal_Hunter>
        <Lombax_Tribal_HeavyArcher>2</Lombax_Tribal_HeavyArcher>
        <Lombax_Tribal_Berserker>1</Lombax_Tribal_Berserker>
        <Lombax_Tribal_ChiefRanged>0.6</Lombax_Tribal_ChiefRanged>
        <Lombax_Tribal_ChiefMelee>0.3</Lombax_Tribal_ChiefMelee>
	</value>
	</Operation>

	<!-- Villager Raid 2; 60 commonality, ranged only -->
	<Operation Class="PatchOperationAdd">
	<xpath>*/FactionDef[@Name="TribeBase"]/pawnGroupMakers/li[2]/options</xpath>
	<value>
        <Lombax_Tribal_Archer>2</Lombax_Tribal_Archer>
        <Lombax_Tribal_Hunter>2</Lombax_Tribal_Hunter>
        <Lombax_Tribal_HeavyArcher>2</Lombax_Tribal_HeavyArcher>
        <Lombax_Tribal_ChiefRanged>1</Lombax_Tribal_ChiefRanged>
	</value>
	</Operation>

	<!-- Villager Raid 3; 60 commonality, melee only -->
	<Operation Class="PatchOperationAdd">
	<xpath>*/FactionDef[@Name="TribeBase"]/pawnGroupMakers/li[3]/options</xpath>
	<value>
        <Lombax_Tribal_Penitent>2</Lombax_Tribal_Penitent>
        <Lombax_Tribal_Warrior>2</Lombax_Tribal_Warrior>
        <Lombax_Tribal_Berserker>2</Lombax_Tribal_Berserker>
        <Lombax_Tribal_ChiefMelee>1</Lombax_Tribal_ChiefMelee>
	</value>
	</Operation>

	<!-- Villager Peaceful -->
	<Operation Class="PatchOperationAdd">
	<xpath>*/FactionDef[@Name="TribeBase"]/pawnGroupMakers/li[5]/options</xpath>
	<value>
        <Lombax_Tribal_Warrior>4</Lombax_Tribal_Warrior>
        <Lombax_Tribal_Archer>2</Lombax_Tribal_Archer>
        <Lombax_Tribal_Hunter>2</Lombax_Tribal_Hunter>
        <Lombax_Tribal_HeavyArcher>2</Lombax_Tribal_HeavyArcher>
        <Lombax_Tribal_Berserker>1</Lombax_Tribal_Berserker>
        <Lombax_Tribal_ChiefRanged>0.6</Lombax_Tribal_ChiefRanged>
        <Lombax_Tribal_ChiefMelee>0.3</Lombax_Tribal_ChiefMelee>
	</value>
	</Operation>

	<!-- Villager Traders -->
	<Operation Class="PatchOperationAdd">
	<xpath>*/FactionDef[@Name="TribeBase"]/pawnGroupMakers/li[6]/guards</xpath>
	<value>
        <Lombax_Tribal_Warrior>1.4</Lombax_Tribal_Warrior>
        <Lombax_Tribal_Archer>2</Lombax_Tribal_Archer>
        <Lombax_Tribal_Hunter>2</Lombax_Tribal_Hunter>
        <Lombax_Tribal_HeavyArcher>2</Lombax_Tribal_HeavyArcher>
        <Lombax_Tribal_Berserker>1.4</Lombax_Tribal_Berserker>
	</value>
	</Operation>

	<Operation Class="PatchOperationAdd">
	<xpath>*/FactionDef[@Name="TribeBase"]/pawnGroupMakers/li[6]/traders</xpath>
	<value>
        <Lombax_Tribal_Trader>0.2</Lombax_Tribal_Trader>
	</value>
	</Operation>

	<!-- Settlement -->

	<Operation Class="PatchOperationAdd">
	<xpath>*/FactionDef[@Name="TribeBase"]/pawnGroupMakers/li[7]/options</xpath>
	<value>
          <Lombax_Tribal_Warrior>1.4</Lombax_Tribal_Warrior>
          <Lombax_Tribal_Archer>2</Lombax_Tribal_Archer>
          <Lombax_Tribal_Hunter>2</Lombax_Tribal_Hunter>
          <Lombax_Tribal_HeavyArcher>2</Lombax_Tribal_HeavyArcher>
          <Lombax_Tribal_Berserker>1.4</Lombax_Tribal_Berserker>
          <Lombax_Tribal_ChiefRanged>2</Lombax_Tribal_ChiefRanged>
	</value>
	</Operation>

</Patch>