﻿<?xml version="1.0" encoding="utf-8" ?>
<Defs>

<ScenarioDef>
	<defName>IcephoxScenario1</defName>
	<label>In Search of Ancestors</label>
	<description>A small group of talented Icephox that managed to obtain their freedom and were searching for other members of their species. You've stumbled upon this rimworld, with malfunctioning Johnson-Tanaka drive that is impossible to repair with your resources. You've took everything valuable from your ship, and even partly dissasembled some of its systems. Scanners show that there's enough resources below to build the new ship to continue your search...</description>
	<scenario>
		<summary>Three colonists with valuable high-tech resources, but with barely any food and raw resources. Medium start.</summary>
		<playerFaction>
			<def>PlayerFaction</def>
			<factionDef>PlayerIcephoxIndustrial</factionDef>
		</playerFaction>
		<parts>
			<li Class="ScenPart_ConfigPage_ConfigureStartingPawns">
				<def>ConfigPage_ConfigureStartingPawns</def>
				<pawnCount>3</pawnCount>
			</li>
			<li Class="ScenPart_PlayerPawnsArriveMethod">
				<def>PlayerPawnsArriveMethod</def>
				<method>DropPods</method>
			</li>
			<!--ITEMS-->
			<li Class="ScenPart_StartingThing_Defined">
				<def>StartingThing_Defined</def>
				<thingDef>MealSurvivalPack</thingDef>
				<count>15</count>
			</li>
			<li Class="ScenPart_StartingThing_Defined">
				<def>StartingThing_Defined</def>
				<thingDef>MedicineIndustrial</thingDef>
				<count>15</count>
			</li>
			<li Class="ScenPart_StartingThing_Defined">
				<def>StartingThing_Defined</def>
				<thingDef>ComponentIndustrial</thingDef>
				<count>30</count>
			</li>
			<li Class="ScenPart_StartingThing_Defined">
				<def>StartingThing_Defined</def>
				<thingDef>ComponentSpacer</thingDef>
				<count>30</count>
			</li>
			<li Class="ScenPart_StartingThing_Defined">
				<def>StartingThing_Defined</def>
				<thingDef>AIPersonaCore</thingDef>
				<count>1</count>
			</li>
			<li Class="ScenPart_StartingThing_Defined">
				<def>StartingThing_Defined</def>
				<thingDef>MultiAnalyzer</thingDef>
				<count>1</count>
			</li>
			<!--ARMOR-->
			<li Class="ScenPart_StartingThing_Defined">
				<def>StartingThing_Defined</def>
				<thingDef>Apparel_AdvancedHelmet</thingDef>
				<stuff>Plasteel</stuff>
				<count>3</count>
			</li>
			<!--APPAREL-->
			<li Class="ScenPart_StartingThing_Defined">
				<def>StartingThing_Defined</def>
				<thingDef>Apparel_Jacket</thingDef>
				<stuff>Cloth</stuff>
			</li>
			<li Class="ScenPart_StartingThing_Defined">
				<def>StartingThing_Defined</def>
				<thingDef>Apparel_CollarShirt</thingDef>
				<stuff>Cloth</stuff>
			</li>
			<li Class="ScenPart_StartingThing_Defined">
				<def>StartingThing_Defined</def>
				<thingDef>Apparel_BasicShirt</thingDef>
				<stuff>Cloth</stuff>
				<count>3</count>
			</li>
			<li Class="ScenPart_StartingThing_Defined">
				<def>StartingThing_Defined</def>
				<thingDef>Apparel_Pants</thingDef>
				<stuff>Cloth</stuff>
				<count>3</count>
			</li>
			<!--WEAPONS-->
			<li Class="ScenPart_StartingThing_Defined">
				<def>StartingThing_Defined</def>
				<thingDef>Gun_BoltActionRifle</thingDef>
				<count>3</count>
			</li>
			<!--SCATTERED NEAR-->
			<li Class="ScenPart_ScatterThingsNearPlayerStart">
				<def>ScatterThingsNearPlayerStart</def>
				<thingDef>Steel</thingDef>
				<count>200</count>
			</li>
			<li Class="ScenPart_ScatterThingsNearPlayerStart">
				<def>ScatterThingsNearPlayerStart</def>
				<thingDef>WoodLog</thingDef>
				<count>200</count>
			</li>
			<!--SCATTERED EVERYWHERE-->
			<li Class="ScenPart_ScatterThingsAnywhere">
				<def>ScatterThingsAnywhere</def>
				<thingDef>ShipChunk</thingDef>
				<count>5</count>
			</li>
			<li Class="ScenPart_ScatterThingsAnywhere">
				<def>ScatterThingsAnywhere</def>
				<thingDef>Steel</thingDef>
				<count>200</count>
			</li>
			<li Class="ScenPart_ScatterThingsAnywhere">
				<def>ScatterThingsAnywhere</def>
				<thingDef>MealSurvivalPack</thingDef>
				<count>7</count>
			</li>
			<li Class="ScenPart_GameStartDialog">
          <def>GameStartDialog</def>
          <text>The crash land was bumpy, and some of the cruisers up there are still going at it. It’s best to build up a camp, ready ourselves, and decide what to do next.</text>
          <closeSound>GameStartSting</closeSound>
        </li>
		</parts>
	</scenario>
</ScenarioDef>

</Defs>