﻿<?xml version="1.0" encoding="utf-8" ?>
<Defs>

  <PawnKindDef Abstract="True" Name="BaseLombaxPawnKind">
    <race>Lombax</race>
	<backstoryFiltersOverride>
        <li>
            <categories>
                <li>500_U_Lombax_BackstoriesChildhood</li>
				<li>500_U_Lombax_BackstoriesAdulthood</li>
            </categories>
        </li>
    </backstoryFiltersOverride>
    <combatPower>30</combatPower>
    <isFighter>false</isFighter>
    <apparelIgnoreSeasons>true</apparelIgnoreSeasons>
    <forceNormalGearQuality>true</forceNormalGearQuality>
  </PawnKindDef>

  <PawnKindDef ParentName="BaseLombaxPawnKind">
    <defName>LombaxTribalPawn</defName>
    <label>member</label>
    <race>Lombax</race>
    <defaultFactionType>PlayerLombaxTribal</defaultFactionType>
    <apparelTags>
      <li>Neolithic</li>
    </apparelTags>
    <apparelMoney>200~1200</apparelMoney>
    <backstoryCryptosleepCommonality>1</backstoryCryptosleepCommonality>
    <initialWillRange>1~3</initialWillRange>
    <initialResistanceRange>10~15</initialResistanceRange>
  </PawnKindDef>
  
  <PawnKindDef ParentName="BaseLombaxPawnKind">
    <defName>LombaxIndustrialPawn</defName>
    <label>member</label>
    <race>Lombax</race>
    <defaultFactionType>PlayerLombaxIndustrial</defaultFactionType>
    <apparelTags>
      <li>Industrial</li>
    </apparelTags>
    <apparelMoney>200~2000</apparelMoney>
    <backstoryCryptosleepCommonality>1</backstoryCryptosleepCommonality>
    <initialWillRange>1~3</initialWillRange>
    <initialResistanceRange>10~15</initialResistanceRange>
  </PawnKindDef>

</Defs>
