﻿<?xml version="1.0" encoding="utf-8" ?>
<Defs>

  <PawnKindDef Abstract="True" Name="BaseBraixenPawnKind">
    <race>Braixen</race>
	<backstoryFiltersOverride>
        <li>
            <categories>
                <li>000_G_GenIndustries_BackstoriesChildhood</li>
				<li>000_G_GenIndustries_BackstoriesAdulthood</li>
            </categories>
        </li>
    </backstoryFiltersOverride>
    <combatPower>30</combatPower>
    <isFighter>false</isFighter>
    <apparelIgnoreSeasons>true</apparelIgnoreSeasons>
    <forceNormalGearQuality>true</forceNormalGearQuality>
	<xenotypeSet>
      <xenotypeChances>
        <YZRCM_BraixenXenotype MayRequire="Ludeon.RimWorld.Biotech">1</YZRCM_BraixenXenotype>
      </xenotypeChances>
    </xenotypeSet>
  </PawnKindDef>

  <PawnKindDef ParentName="BaseBraixenPawnKind">
    <defName>BraixenTribalPawn</defName>
    <label>member</label>
    <race>Braixen</race>
    <defaultFactionType>PlayerBraixenTribal</defaultFactionType>
    <apparelTags>
      <li>Neolithic</li>
    </apparelTags>
    <apparelMoney>200~1200</apparelMoney>
    <backstoryCryptosleepCommonality>1</backstoryCryptosleepCommonality>
    <initialWillRange>0~1</initialWillRange>
    <initialResistanceRange>2~5</initialResistanceRange>
  </PawnKindDef>
  
  <PawnKindDef ParentName="BaseBraixenPawnKind">
    <defName>BraixenIndustrialPawn</defName>
    <label>member</label>
    <race>Braixen</race>
    <defaultFactionType>PlayerBraixenIndustrial</defaultFactionType>
    <apparelTags>
      <li>Industrial</li>
    </apparelTags>
    <apparelMoney>200~2000</apparelMoney>
    <backstoryCryptosleepCommonality>1</backstoryCryptosleepCommonality>
    <initialWillRange>0~1</initialWillRange>
    <initialResistanceRange>2~5</initialResistanceRange>
  </PawnKindDef>

</Defs>
