﻿<?xml version="1.0" encoding="utf-8" ?>
<Defs>
	
	<!--<HediffDef Name="YZRCM_Hediff_Base" Abstract = "True">
    <hediffClass>HediffWithComps</hediffClass>
	</HediffDef>
	
	<HediffDef ParentName = "YZRCM_Hediff_Base">
    <defName>YZRCM_Cellural_Exhaustion_DummyMinor</defName>
    <label>used ultimate ability</label>
    <labelNoun>used an ultimate ability</labelNoun>
    <description>Ultimate ability have been used</description>
    <comps>
      <li Class="HediffCompProperties_Disappears">
        <disappearsAfterTicks>600000</disappearsAfterTicks>
		<showRemainingTime>True</showRemainingTime>
      </li>
	  <li Class="HediffCompProperties_GiveHediff">
        <hediffDef>YZRCM_Cellural_ExhaustionMinor</hediffDef>
      </li>
    </comps>
    <stages>
      <li>
      </li>
    </stages>
  </HediffDef>
	
   <HediffDef ParentName = "YZRCM_Hediff_Base">
    <defName>YZRCM_Cellural_ExhaustionMinor</defName>
    <label>slight cellural exhaustion</label>
    <labelNoun>a cellural exhaustion</labelNoun>
    <description>Body reserves are slightly exhausted. Reserves of adenosine triphosphate (ATP) are exhausted but its production is almost unaffected. Increased Nutrient intake is highly recommended for fast recovery.</description>
    <comps>
      <li Class="HediffCompProperties_Disappears">
        <disappearsAfterTicks>600000</disappearsAfterTicks>
		<showRemainingTime>True</showRemainingTime>
      </li>
    </comps>
    <stages>
      <li>
	  <hungerRateFactorOffset>0.1</hungerRateFactorOffset>
      </li>
    </stages>
  </HediffDef>
  
  	<HediffDef ParentName = "YZRCM_Hediff_Base">
    <defName>YZRCM_Cellural_Exhaustion_DummyNormal</defName>
    <label>used ultimate ability</label>
    <labelNoun>used an ultimate ability</labelNoun>
    <description>Ultimate ability have been used</description>
    <comps>
      <li Class="HediffCompProperties_Disappears">
        <disappearsAfterTicks>600000</disappearsAfterTicks>
		<showRemainingTime>True</showRemainingTime>
      </li>
	  <li Class="HediffCompProperties_GiveHediff">
        <hediffDef>YZRCM_Cellural_ExhaustionNormal</hediffDef>
      </li>
    </comps>
    <stages>
      <li>
      </li>
    </stages>
  </HediffDef>
	
   <HediffDef ParentName = "YZRCM_Hediff_Base">
    <defName>YZRCM_Cellural_ExhaustionNormal</defName>
    <label>minor cellural exhaustion</label>
    <labelNoun>a cellural exhaustion</labelNoun>
    <description>Body reserves are partially exhausted. Production of adenosine triphosphate (ATP) in cells is disturbed. Increased Nutrient intake is MANDATORY for full recovery.</description>
    <comps>
      <li Class="HediffCompProperties_Disappears">
        <disappearsAfterTicks>600000</disappearsAfterTicks>
		<showRemainingTime>True</showRemainingTime>
      </li>
    </comps>
    <stages>
      <li>
	  <hungerRateFactorOffset>0.25</hungerRateFactorOffset>
      </li>
    </stages>
  </HediffDef>
  
  	<HediffDef ParentName = "YZRCM_Hediff_Base">
    <defName>YZRCM_Cellural_Exhaustion_DummyMajor</defName>
    <label>used ultimate ability</label>
    <labelNoun>used an ultimate ability</labelNoun>
    <description>Ultimate ability have been used</description>
    <comps>
      <li Class="HediffCompProperties_Disappears">
        <disappearsAfterTicks>600000</disappearsAfterTicks>
		<showRemainingTime>True</showRemainingTime>
      </li>
	  <li Class="HediffCompProperties_GiveHediff">
        <hediffDef>YZRCM_Cellural_ExhaustionMajor</hediffDef>
      </li>
    </comps>
    <stages>
      <li>
      </li>
    </stages>
  </HediffDef>
	
   <HediffDef ParentName = "YZRCM_Hediff_Base">
    <defName>YZRCM_Cellural_ExhaustionMajor</defName>
    <label>total cellural exhaustion</label>
    <labelNoun>a cellural exhaustion</labelNoun>
    <description>Body reserves are completely exhausted. Production of adenosine triphosphate (ATP) in cells is severely disturbed. Medical care and increased Nutrient intake is MANDATORY for survival.</description>
    <comps>
      <li Class="HediffCompProperties_Disappears">
        <disappearsAfterTicks>600000</disappearsAfterTicks>
		<showRemainingTime>True</showRemainingTime>
      </li>
    </comps>
    <stages>
      <li>
	  <hungerRateFactorOffset>0.5</hungerRateFactorOffset>
        <capMods>
          <li>
            <capacity>Consciousness</capacity>
            <setMax>0.1</setMax>
          </li>
        </capMods>
      </li>
    </stages>
  </HediffDef>
  
     <HediffDef ParentName = "YZRCM_Hediff_Base">
    <defName>YZRCM_Euphoria</defName>
    <label>paricipated in therapy session</label>
    <labelNoun>participated in therapy session</labelNoun>
    <description>Combination of special oils and deep conversation have completely soothed both mind and body of this pawn.</description>
    <comps>
      <li Class="HediffCompProperties_Disappears">
        <disappearsAfterTicks>600000</disappearsAfterTicks>
		<showRemainingTime>True</showRemainingTime>
      </li>
    </comps>
    <stages>
      <li>
	  <painFactor>0.85</painFactor>
        <capMods>
		  <li>
            <capacity>Talking</capacity>
            <offset>1.5</offset>
          </li>
        </capMods>
      </li>
    </stages>
  </HediffDef>
  
  <HediffDef ParentName = "YZRCM_Hediff_Base">
    <defName>YZRCM_Painless</defName>
    <label>pain numbness</label>
    <description>Pain sensisivity is greatly reduced by special oils partially blocking signals from pain receptors from reaching the brain.</description>
    <isBad>false</isBad>
    <stages>
      <li>
        <painFactor>0.50</painFactor>
      </li>
    </stages>
	 <comps>
      <li Class="HediffCompProperties_Disappears">
        <disappearsAfterTicks>60000</disappearsAfterTicks>
		<showRemainingTime>True</showRemainingTime>
      </li>
    </comps>
  </HediffDef>
  
    <HediffDef ParentName = "YZRCM_Hediff_Base">
    <defName>YZRCM_Total_Painless</defName>
    <label>pain block</label>
    <description>Pain sensisivity is disabled by blocking signals from pain receptors from reaching the brain.</description>
    <isBad>false</isBad>
    <stages>
      <li>
        <painFactor>0.1</painFactor>
      </li>
    </stages>
	 <comps>
      <li Class="HediffCompProperties_Disappears">
        <disappearsAfterTicks>60000</disappearsAfterTicks>
		<showRemainingTime>True</showRemainingTime>
      </li>
    </comps>
  </HediffDef>
  
    <HediffDef ParentName = "YZRCM_Hediff_Base">
    <defName>YZRCM_Incense</defName>
    <label>applied incense</label>
    <description>Applied oils with pleasant and even somewhat addicting smell.</description>
    <isBad>false</isBad>
    <stages>
      <li>
      </li>
    </stages>
	 <comps>
      <li Class="HediffCompProperties_Disappears">
        <disappearsAfterTicks>60000</disappearsAfterTicks>
		<showRemainingTime>True</showRemainingTime>
      </li>
    </comps>
  </HediffDef>
  
    <HediffDef ParentName = "YZRCM_Hediff_Base">
    <defName>YZRCM_MindBoost</defName>
    <label>neural activity boost</label>
    <description>Neural activity and reaction times are significantly improved at the expense of increased nutrition demands.</description>
    <isBad>false</isBad>
    <stages>
      <li>
	  <hungerRateFactorOffset>0.25</hungerRateFactorOffset>
        <capMods>
          <li>
            <capacity>Sight</capacity>
            <postFactor>1.3</postFactor>
          </li>
          <li>
            <capacity>Hearing</capacity>
            <postFactor>1.3</postFactor>
          </li>
          <li>
            <capacity>Moving</capacity>
            <postFactor>1.3</postFactor>
          </li>
        </capMods>
      </li>
    </stages>
	 <comps>
      <li Class="HediffCompProperties_Disappears">
        <disappearsAfterTicks>60000</disappearsAfterTicks>
		<showRemainingTime>True</showRemainingTime>
      </li>
    </comps>
  </HediffDef>
  
      <HediffDef ParentName = "YZRCM_Hediff_Base">
    <defName>YZRCM_Blindness</defName>
    <label>blindness</label>
    <description>Pawn have temporarily lost its sight.</description>
    <isBad>false</isBad>
    <stages>
      <li>
        <capMods>
          <li>
            <capacity>Sight</capacity>
            <postFactor>0.25</postFactor>
          </li>
        </capMods>
        <capacityFactorEffectMultiplier>PsychicSensitivity</capacityFactorEffectMultiplier>
      </li>
    </stages>
	 <comps>
      <li Class="HediffCompProperties_Disappears">
        <disappearsAfterTicks>60000</disappearsAfterTicks>
		<showRemainingTime>True</showRemainingTime>
      </li>
    </comps>
  </HediffDef>
  
    <HediffDef ParentName = "YZRCM_Hediff_Base">
    <defName>YZRCM_Artificial_Coma</defName>
    <label>coma</label>
    <labelNoun>a ducking coma</labelNoun>
    <description>Pawn is in a state of coma. Let him rest.</description>
    <comps>
      <li Class="HediffCompProperties_Disappears">
        <disappearsAfterTicks>600000</disappearsAfterTicks>
		<showRemainingTime>True</showRemainingTime>
      </li>
    </comps>
    <stages>
      <li>
        <capMods>
          <li>
            <capacity>Consciousness</capacity>
            <setMax>0.1</setMax>
          </li>
        </capMods>
      </li>
    </stages>
  </HediffDef>
  
    <HediffDef ParentName = "PsycastHediffBase">
    <defName>YZRCM_Invisibility</defName>
    <label>light bending cells</label>
    <description>Surface cells of this xenotype have shifted state of special molecules, allowing them to bend light around the body, essentially making it invisible.</description>
    <isBad>false</isBad>
    <comps>
      <li Class="HediffCompProperties">
        <compClass>HediffComp_Invisibility</compClass>
      </li>
    </comps>
  </HediffDef>-->
  
</Defs>