﻿<?xml version="1.0" encoding="utf-8" ?>
<Defs>
	
 <!--<HediffDef ParentName = "YZRCM_Hediff_Base">
    <defName>YZRCM_AdrenalineBoost</defName>
    <label>adrenaline boost</label>
    <description>Reaction times, endurance and pain tolerance are significantly improved at the expense of increased nutrition demands.</description>
    <isBad>false</isBad>
    <stages>
      <li>
	  <hungerRateFactorOffset>0.25</hungerRateFactorOffset>
	  <painFactor>0.5</painFactor>
        <capMods>
          <li>
            <capacity>Sight</capacity>
            <postFactor>1.3</postFactor>
          </li>
          <li>
            <capacity>Hearing</capacity>
            <postFactor>1.3</postFactor>
          </li>
          <li>
            <capacity>Moving</capacity>
            <postFactor>1.3</postFactor>
          </li>
        </capMods>
      </li>
    </stages>
	 <comps>
      <li Class="HediffCompProperties_Disappears">
        <disappearsAfterTicks>60000</disappearsAfterTicks>
		<showRemainingTime>True</showRemainingTime>
      </li>
    </comps>
  </HediffDef>-->
  
</Defs>