<?xml version="1.0" encoding="utf-8" ?>
<!-- These patches adds Vulpes PawnKinds to all base game encounters, 
	 with 20% of the weighting of the equivalent Human PawnKinds -->

<Patch>
	<!-- Pirates -->
	<!-- Pirate raid 1; 100 commonality, ranged with melee mix-ins -->
	<Operation Class="PatchOperationAdd">
	<xpath>*/FactionDef[defName="Pirate"]/pawnGroupMakers/li[1]/options</xpath>
	<value>
        <Vulpes_Drifter>2</Vulpes_Drifter>
		<Vulpes_Thrasher>0.6</Vulpes_Thrasher>
        <Vulpes_Scavenger>2</Vulpes_Scavenger>
        <Vulpes_Pirate>2</Vulpes_Pirate>
        <Vulpes_Grenadier_EMP>0.1</Vulpes_Grenadier_EMP>
        <Vulpes_Grenadier_Destructive>0.4</Vulpes_Grenadier_Destructive>
        <Vulpes_Mercenary_Gunner>2</Vulpes_Mercenary_Gunner>
        <Vulpes_Mercenary_Heavy>1.2</Vulpes_Mercenary_Heavy>
        <Vulpes_Mercenary_Slasher>0.6</Vulpes_Mercenary_Slasher>
        <Vulpes_Mercenary_Sniper>1.4</Vulpes_Mercenary_Sniper>
        <Vulpes_Mercenary_Elite>2</Vulpes_Mercenary_Elite>
        <Vulpes_PirateBoss>1</Vulpes_PirateBoss>
	</value>
	</Operation>

	<!-- Pirate raid 2; 30 commonality, melee only -->
	<Operation Class="PatchOperationAdd">
	<xpath>*/FactionDef[defName="Pirate"]/pawnGroupMakers/li[2]/options</xpath>
	<value>
        <Vulpes_Thrasher>2</Vulpes_Thrasher>
        <Vulpes_Mercenary_Slasher>2</Vulpes_Mercenary_Slasher>
        <Vulpes_PirateBoss>1</Vulpes_PirateBoss>
	</value>
	</Operation>

	<!-- Pirate raid 3; 20 commonality, ranged only -->
	<Operation Class="PatchOperationAdd">
	<xpath>*/FactionDef[defName="Pirate"]/pawnGroupMakers/li[3]/options</xpath>
	<value>
		<Vulpes_Scavenger>2.0</Vulpes_Scavenger>
		<Vulpes_Pirate>2.0</Vulpes_Pirate>
		<Vulpes_Grenadier_EMP>0.05</Vulpes_Grenadier_EMP>
		<Vulpes_Grenadier_Smoke>0.05</Vulpes_Grenadier_Smoke>
		<Vulpes_Grenadier_Destructive>0.4</Vulpes_Grenadier_Destructive>
		<Vulpes_Mercenary_Gunner>2.0</Vulpes_Mercenary_Gunner>
		<Vulpes_Mercenary_Heavy>1.2</Vulpes_Mercenary_Heavy>
		<Vulpes_Mercenary_Sniper>1.4</Vulpes_Mercenary_Sniper>
		<Vulpes_Mercenary_Elite>2.0</Vulpes_Mercenary_Elite>
		<Vulpes_PirateBoss>1.0</Vulpes_PirateBoss>
	</value>
	</Operation>

	<!-- Pirate raid 4; 15 commonality, explosives with ranged mix-ins -->
	<Operation Class="PatchOperationAdd">
	<xpath>*/FactionDef[defName="Pirate"]/pawnGroupMakers/li[4]/options</xpath>
	<value>
        <Vulpes_Grenadier_EMP>0.2</Vulpes_Grenadier_EMP>
        <Vulpes_Grenadier_Destructive>2</Vulpes_Grenadier_Destructive>
        <Vulpes_Mercenary_Gunner>0.2</Vulpes_Mercenary_Gunner>
        <Vulpes_Mercenary_Heavy>2</Vulpes_Mercenary_Heavy>
        <Vulpes_Mercenary_Elite>0.2</Vulpes_Mercenary_Elite>
        <Vulpes_PirateBoss>0.2</Vulpes_PirateBoss>
	</value>
	</Operation>

	<!-- Pirate raid 5; 10 commonality, snipers only -->
	<Operation Class="PatchOperationAdd">
	<xpath>*/FactionDef[defName="Pirate"]/pawnGroupMakers/li[5]/options</xpath>
	<value>
        <Vulpes_Mercenary_Sniper>2</Vulpes_Mercenary_Sniper>
	</value>
	</Operation>

	<!-- Pirate raid 6; 2.5 commonality, drifters only -->
	<Operation Class="PatchOperationAdd">
	<xpath>*/FactionDef[defName="Pirate"]/pawnGroupMakers/li[6]/options</xpath>
	<value>
        <Vulpes_Drifter>2</Vulpes_Drifter>
	</value>
	</Operation>

	<!-- Pirate Settlement; mainly ranged with melee mix-ins -->
	<Operation Class="PatchOperationAdd">
	<xpath>*/FactionDef[defName="Pirate"]/pawnGroupMakers/li[7]/options</xpath>
	<value>
        <Vulpes_Thrasher>0.6</Vulpes_Thrasher>
        <Vulpes_Pirate>2</Vulpes_Pirate>
        <Vulpes_Grenadier_Destructive>0.4</Vulpes_Grenadier_Destructive>
		<Vulpes_Mercenary_Slasher>0.6</Vulpes_Mercenary_Slasher>
		<Vulpes_Mercenary_Sniper>2</Vulpes_Mercenary_Sniper>
		<Vulpes_Mercenary_Gunner>2</Vulpes_Mercenary_Gunner>
		<Vulpes_Mercenary_Elite>2</Vulpes_Mercenary_Elite>
        <Vulpes_PirateBoss>2</Vulpes_PirateBoss>
	</value>
	</Operation>
	
	<!-- Outlander -->
	<!-- Outlander Raid; standard mix -->
	<Operation Class="PatchOperationAdd">
	<xpath>*/FactionDef[@Name="OutlanderFactionBase"]/pawnGroupMakers/li[1]/options</xpath>
	<value>
        <Vulpes_Villager>1</Vulpes_Villager>
        <Vulpes_Town_Guard>2</Vulpes_Town_Guard>
        <Vulpes_Grenadier_Destructive>0.3</Vulpes_Grenadier_Destructive>
		<Vulpes_Mercenary_Slasher>1.4</Vulpes_Mercenary_Slasher>
		<Vulpes_Mercenary_Gunner>2</Vulpes_Mercenary_Gunner>
		<Vulpes_Mercenary_Elite>2</Vulpes_Mercenary_Elite>
        <Vulpes_Town_Councilman>2</Vulpes_Town_Councilman>
	</value>
	</Operation>
	
	<!-- Outlander Peaceful -->
	<Operation Class="PatchOperationAdd">
	<xpath>*/FactionDef[@Name="OutlanderFactionBase"]/pawnGroupMakers/li[2]/options</xpath>
	<value>
        <Vulpes_Villager>4</Vulpes_Villager>
        <Vulpes_Town_Guard>2</Vulpes_Town_Guard>
        <Vulpes_Town_Councilman>2</Vulpes_Town_Councilman>
	</value>
	</Operation>

	<!-- Outlander Traders -->
	<Operation Class="PatchOperationAdd">
	<xpath>*/FactionDef[@Name="OutlanderFactionBase"]/pawnGroupMakers/li[3]/guards</xpath>
	<value>
        <Vulpes_Villager>0.6</Vulpes_Villager>
        <Vulpes_Town_Guard>2</Vulpes_Town_Guard>
        <Vulpes_Grenadier_Destructive>0.3</Vulpes_Grenadier_Destructive>
        <Vulpes_Mercenary_Slasher>1.4</Vulpes_Mercenary_Slasher>
        <Vulpes_Mercenary_Gunner>2</Vulpes_Mercenary_Gunner>
		<Vulpes_Mercenary_Elite>2</Vulpes_Mercenary_Elite>
	</value>
	</Operation>

	<Operation Class="PatchOperationAdd">
	<xpath>*/FactionDef[@Name="OutlanderFactionBase"]/pawnGroupMakers/li[3]/traders</xpath>
	<value>
        <Vulpes_Town_Trader>0.2</Vulpes_Town_Trader>
	</value>
	</Operation>

	<Operation Class="PatchOperationAdd">
	<xpath>*/FactionDef[@Name="OutlanderFactionBase"]/pawnGroupMakers/li[4]/options</xpath>
	<value>
		<Vulpes_Villager>2</Vulpes_Villager>
        <Vulpes_Town_Guard>2</Vulpes_Town_Guard>
        <Vulpes_Grenadier_Destructive>0.3</Vulpes_Grenadier_Destructive>
		<Vulpes_Mercenary_Slasher>1.4</Vulpes_Mercenary_Slasher>
        <Vulpes_Mercenary_Gunner>2</Vulpes_Mercenary_Gunner>
        <Vulpes_Mercenary_Elite>2</Vulpes_Mercenary_Elite>
        <Vulpes_Town_Councilman>2</Vulpes_Town_Councilman>
	</value>
	</Operation>

	<!-- Villager -->
	<!-- Villager Raid 1; 100 commonality, ranged with melee mix-ins -->
	<Operation Class="PatchOperationAdd">
	<xpath>*/FactionDef[@Name="TribeBase"]/pawnGroupMakers/li[1]/options</xpath>
	<value>
        <Vulpes_Tribal_Penitent>1</Vulpes_Tribal_Penitent>
        <Vulpes_Tribal_Warrior>1</Vulpes_Tribal_Warrior>
        <Vulpes_Tribal_Archer>2</Vulpes_Tribal_Archer>
        <Vulpes_Tribal_Hunter>2</Vulpes_Tribal_Hunter>
        <Vulpes_Tribal_HeavyArcher>2</Vulpes_Tribal_HeavyArcher>
        <Vulpes_Tribal_Berserker>1</Vulpes_Tribal_Berserker>
        <Vulpes_Tribal_ChiefRanged>0.6</Vulpes_Tribal_ChiefRanged>
        <Vulpes_Tribal_ChiefMelee>0.3</Vulpes_Tribal_ChiefMelee>
	</value>
	</Operation>

	<!-- Villager Raid 2; 60 commonality, ranged only -->
	<Operation Class="PatchOperationAdd">
	<xpath>*/FactionDef[@Name="TribeBase"]/pawnGroupMakers/li[2]/options</xpath>
	<value>
        <Vulpes_Tribal_Archer>2</Vulpes_Tribal_Archer>
        <Vulpes_Tribal_Hunter>2</Vulpes_Tribal_Hunter>
        <Vulpes_Tribal_HeavyArcher>2</Vulpes_Tribal_HeavyArcher>
        <Vulpes_Tribal_ChiefRanged>1</Vulpes_Tribal_ChiefRanged>
	</value>
	</Operation>

	<!-- Villager Raid 3; 60 commonality, melee only -->
	<Operation Class="PatchOperationAdd">
	<xpath>*/FactionDef[@Name="TribeBase"]/pawnGroupMakers/li[3]/options</xpath>
	<value>
        <Vulpes_Tribal_Penitent>2</Vulpes_Tribal_Penitent>
        <Vulpes_Tribal_Warrior>2</Vulpes_Tribal_Warrior>
        <Vulpes_Tribal_Berserker>2</Vulpes_Tribal_Berserker>
        <Vulpes_Tribal_ChiefMelee>1</Vulpes_Tribal_ChiefMelee>
	</value>
	</Operation>

	<!-- Villager Peaceful -->
	<Operation Class="PatchOperationAdd">
	<xpath>*/FactionDef[@Name="TribeBase"]/pawnGroupMakers/li[5]/options</xpath>
	<value>
        <Vulpes_Tribal_Warrior>4</Vulpes_Tribal_Warrior>
        <Vulpes_Tribal_Archer>2</Vulpes_Tribal_Archer>
        <Vulpes_Tribal_Hunter>2</Vulpes_Tribal_Hunter>
        <Vulpes_Tribal_HeavyArcher>2</Vulpes_Tribal_HeavyArcher>
        <Vulpes_Tribal_Berserker>1</Vulpes_Tribal_Berserker>
        <Vulpes_Tribal_ChiefRanged>0.6</Vulpes_Tribal_ChiefRanged>
        <Vulpes_Tribal_ChiefMelee>0.3</Vulpes_Tribal_ChiefMelee>
	</value>
	</Operation>

	<!-- Villager Traders -->
	<Operation Class="PatchOperationAdd">
	<xpath>*/FactionDef[@Name="TribeBase"]/pawnGroupMakers/li[6]/guards</xpath>
	<value>
        <Vulpes_Tribal_Warrior>1.4</Vulpes_Tribal_Warrior>
        <Vulpes_Tribal_Archer>2</Vulpes_Tribal_Archer>
        <Vulpes_Tribal_Hunter>2</Vulpes_Tribal_Hunter>
        <Vulpes_Tribal_HeavyArcher>2</Vulpes_Tribal_HeavyArcher>
        <Vulpes_Tribal_Berserker>1.4</Vulpes_Tribal_Berserker>
	</value>
	</Operation>

	<Operation Class="PatchOperationAdd">
	<xpath>*/FactionDef[@Name="TribeBase"]/pawnGroupMakers/li[6]/traders</xpath>
	<value>
        <Vulpes_Tribal_Trader>0.2</Vulpes_Tribal_Trader>
	</value>
	</Operation>

	<!-- Settlement -->

	<Operation Class="PatchOperationAdd">
	<xpath>*/FactionDef[@Name="TribeBase"]/pawnGroupMakers/li[7]/options</xpath>
	<value>
          <Vulpes_Tribal_Warrior>1.4</Vulpes_Tribal_Warrior>
          <Vulpes_Tribal_Archer>2</Vulpes_Tribal_Archer>
          <Vulpes_Tribal_Hunter>2</Vulpes_Tribal_Hunter>
          <Vulpes_Tribal_HeavyArcher>2</Vulpes_Tribal_HeavyArcher>
          <Vulpes_Tribal_Berserker>1.4</Vulpes_Tribal_Berserker>
          <Vulpes_Tribal_ChiefRanged>2</Vulpes_Tribal_ChiefRanged>
	</value>
	</Operation>

</Patch>