﻿<?xml version="1.0" encoding="utf-8"?>

<Defs>

<AlienRace.AlienBackstoryDef Abstract="True" Name="000GPSIBackstoriesChildhoodBase">
	<spawnCategories>
		<li>001_G_Psychic_BackstoriesChildhood</li>
	</spawnCategories>
	<slot>Childhood</slot>
</AlienRace.AlienBackstoryDef>

<AlienRace.AlienBackstoryDef ParentName="000GPSIBackstoriesChildhoodBase">
    <defName>001GPSIBackstoryGigaFactory</defName>
    <title>Giga Factory Child</title>
    <titleShort>Handyman</titleShort>
    <baseDesc>{PAWN_nameDef} was grown and raised at industrial gene-engineering complex like most Handymans. {PAWN_pronoun} has spent an entire childhood being taught routine tasks, etiquette and how to please {PAWN_possessive} future owners.</baseDesc>
	<chronoAgeRange>
        <min>0</min>
        <max>249</max>
    </chronoAgeRange>
	<skillGains>
      <li>
        <key>Artistic</key>
        <value>3</value>
      </li>
	  <li>
        <key>Social</key>
        <value>3</value>
      </li>
	  <li>
        <key>Cooking</key>
        <value>1</value>
      </li>
	  <li>
        <key>Crafting</key>
        <value>1</value>
      </li>
	  <li>
        <key>Medicine</key>
        <value>1</value>
      </li>
	  <li>
        <key>Plants</key>
        <value>1</value>
      </li>
	  <li>
        <key>Animals</key>
        <value>1</value>
      </li>
    </skillGains>
</AlienRace.AlienBackstoryDef>

<AlienRace.AlienBackstoryDef ParentName="000GPSIBackstoriesChildhoodBase">
    <defName>001GPSIBackstoryRegularChildhood</defName>
    <title>Regular Childhood</title>
    <titleShort>Handyman</titleShort>
    <baseDesc>{PAWN_nameDef} was adopted at very young age and has spent an entire childhood outside the walls of giga factory in {PAWN_possessive} owner's family...</baseDesc>
	<chronoAgeRange>
        <min>0</min>
        <max>249</max>
    </chronoAgeRange>
	<skillGains>
      <li>
        <key>Artistic</key>
        <value>1</value>
      </li>
	  <li>
        <key>Social</key>
        <value>1</value>
      </li>
		<li>
        <key>Intellectual</key>
        <value>3</value>
		</li>
    </skillGains>
</AlienRace.AlienBackstoryDef>

<AlienRace.AlienBackstoryDef ParentName="000GPSIBackstoriesChildhoodBase">
    <defName>001GPSIBackstoryChildOfFreedom</defName>
    <title>Child of Freedom</title>
    <titleShort>Handyman</titleShort>
    <baseDesc>{PAWN_nameDef} was lucky enough to be raised by {PAWN_possessive} biological mother and father that managed to escape and to obtain their freedom.</baseDesc>
	<chronoAgeRange>
        <min>0</min>
        <max>249</max>
    </chronoAgeRange>
	<skillGains>
      <li>
        <key>Artistic</key>
        <value>3</value>
      </li>
	  <li>
        <key>Social</key>
        <value>3</value>
      </li>
		<li>
        <key>Intellectual</key>
        <value>5</value>
		</li>
    </skillGains>
</AlienRace.AlienBackstoryDef>

<AlienRace.AlienBackstoryDef ParentName="000GPSIBackstoriesChildhoodBase">
    <defName>001GPSIBackstoryGenius</defName>
    <title>Genius Child</title>
    <titleShort>Genius</titleShort>
    <baseDesc>{PAWN_nameDef} has passed a complex of standard intelligence tests with marvellous results. {PAWN_nameDef}'s intelligence abilities are well-known Handyman anomaly and is highly valued among glitterworld scientific communities and institutes. {PAWN_nameDef} got freedom after their test and was sent into educational complex together with other Handyman geniuses to study and to push technological progress.</baseDesc>
	<linkedBackstory>001GPSIBackstoryGlitterworldScientist</linkedBackstory>
	<chronoAgeRange>
        <min>0</min>
        <max>249</max>
    </chronoAgeRange>
	<skillGains>
		<li>
        <key>Intellectual</key>
        <value>10</value>
		</li>
    </skillGains>
</AlienRace.AlienBackstoryDef>

<AlienRace.AlienBackstoryDef ParentName="000GPSIBackstoriesChildhoodBase">
    <defName>001GPSIBackstoryFarmChild</defName>
    <title>Farm child</title>
    <titleShort>Handyman</titleShort>
    <baseDesc>{PAWN_nameDef} grew up on a farm and as such they spent a lot of time helpingtheir family tend the fields and the livestock.</baseDesc>
	<chronoAgeRange>
        <min>0</min>
        <max>249</max>
    </chronoAgeRange>
	<skillGains>
	  <li>
        <key>Plants</key>
        <value>5</value>
      </li>
	  <li>
        <key>Animals</key>
        <value>5</value>
      </li>
    </skillGains>
</AlienRace.AlienBackstoryDef>

<AlienRace.AlienBackstoryDef ParentName="000GPSIBackstoriesChildhoodBase">
    <defName>001GPSIBackstoryEngineeringProdigy</defName>
    <title>Engineering prodigy</title>
    <titleShort>Handyman</titleShort>
    <baseDesc>{PAWN_nameDef} grew up on a Giga Factory world where they learned the ins and outs of the factory's technologies and how to maintain them.</baseDesc>
	<chronoAgeRange>
        <min>0</min>
        <max>249</max>
    </chronoAgeRange>
	<skillGains>
	  <li>
        <key>Construction</key>
        <value>3</value>
      </li>
	  <li>
        <key>Crafting</key>
        <value>3</value>
      </li>
    </skillGains>
</AlienRace.AlienBackstoryDef>

<AlienRace.AlienBackstoryDef ParentName="000GPSIBackstoriesChildhoodBase">
    <defName>001GPSIBackstoryVatGrownServant</defName>
    <title>Vat-grown Servant</title>
    <titleShort>Handyman</titleShort>
    <baseDesc>{PAWN_nameDef} was grown and raised in a vat . A virtual mindscape was used to educate them and teach them how to serve and please their owners or masters.</baseDesc>
	<chronoAgeRange>
        <min>0</min>
        <max>249</max>
    </chronoAgeRange>
	<skillGains>
	  <li>
        <key>Artistic</key>
        <value>2</value>
      </li>
	  <li>
        <key>Social</key>
        <value>3</value>
      </li>
	  <li>
        <key>Cooking</key>
        <value>4</value>
      </li>
	  <li>
        <key>Intellectual</key>
        <value>1</value>
      </li>
    </skillGains>
</AlienRace.AlienBackstoryDef>

<AlienRace.AlienBackstoryDef ParentName="000GPSIBackstoriesChildhoodBase">
    <defName>001GPSIBackstoryFirstBatch</defName>
    <title>First Batch</title>
    <titleShort>Handyman</titleShort>
    <baseDesc>{PAWN_nameDef} was grown at the very first gene-engineering complex located at the Handyman homeworld before it ascended into an Archotech planet. Scientists didn't knew about the intelligence potential of Handymans back then. As in result {PAWN_nameDef}`s mind is not affected either by destructive drugs or propaganda machine. Nobody knows how {PAWN_pronoun} managed to live out till today, but {PAWN_pronoun} is a relic of a Handyman and it's homeworld past, that's for sure.</baseDesc>
	<chronoAgeRange>
        <min>250</min>
        <max>10000</max>
    </chronoAgeRange>
	<skillGains>
      <li>
        <key>Artistic</key>
        <value>5</value>
      </li>
	  <li>
        <key>Social</key>
        <value>5</value>
      </li>
	  <li>
        <key>Cooking</key>
        <value>2</value>
      </li>
	  <li>
        <key>Crafting</key>
        <value>2</value>
      </li>
	  <li>
        <key>Medicine</key>
        <value>2</value>
      </li>
	  <li>
        <key>Plants</key>
        <value>2</value>
      </li>
	  <li>
        <key>Animals</key>
        <value>2</value>
      </li>
	  <li>
        <key>Intellectual</key>
        <value>5</value>
      </li>
    </skillGains>
</AlienRace.AlienBackstoryDef>

</Defs>