﻿<?xml version="1.0" encoding="utf-8"?>

<Defs>

<AlienRace.AlienBackstoryDef Abstract="True" Name="005ULBackstoriesChildhoodBase">
	<spawnCategories>
		<li>500_U_Lombax_BackstoriesChildhood</li>
	</spawnCategories>
	<slot>Childhood</slot>
</AlienRace.AlienBackstoryDef>

<AlienRace.AlienBackstoryDef ParentName="005ULBackstoriesChildhoodBase">
    <defName>005ULWarriorSchool</defName>
    <title>Warrior School</title>
    <titleShort>Warrior</titleShort>
    <baseDesc>{PAWN_nameDef} has studied in 005UL warrior school since the early childhood. {PAWN_pronoun} knows everything about shooting, martial arts and tactics. Not to mention {PAWN_pronoun} knows how to tune weapons to some degree.</baseDesc>
	<skillGains>
      <li>
        <key>Melee</key>
        <value>5</value>
      </li>
	  <li>
        <key>Shooting</key>
        <value>5</value>
      </li>
	  <li>
        <key>Crafting</key>
        <value>2</value>
      </li>
    </skillGains>
</AlienRace.AlienBackstoryDef>

<AlienRace.AlienBackstoryDef ParentName="005ULBackstoriesChildhoodBase">
    <defName>005ULIndustrialSchool</defName>
    <title>Industrial School</title>
    <titleShort>Engineer</titleShort>
    <baseDesc>{PAWN_nameDef} has studied in 005UL industrial school since the early childhood. {PAWN_pronoun} has necessary skills for creation of all possible kinds of machinery.</baseDesc>
	<skillGains>
      <li>
        <key>Crafting</key>
        <value>7</value>
      </li>
	  <li>
        <key>Construction</key>
        <value>3</value>
      </li>
    </skillGains>
</AlienRace.AlienBackstoryDef>

<AlienRace.AlienBackstoryDef ParentName="005ULBackstoriesChildhoodBase">
    <defName>005ULInnovationSchool</defName>
    <title>Innovation School</title>
    <titleShort>Scientist</titleShort>
    <baseDesc>{PAWN_nameDef} has studied in 005UL innovation school since the early childhood. {PAWN_pronoun} has necessary analytical skills for all kinds of complex tasks and scientific research.</baseDesc>
	<skillGains>
	  <li>
        <key>Intellectual</key>
        <value>8</value>
      </li>
    </skillGains>
</AlienRace.AlienBackstoryDef>

<AlienRace.AlienBackstoryDef ParentName="005ULBackstoriesChildhoodBase">
    <defName>005ULCultureSchool</defName>
    <title>Culture School</title>
    <titleShort>Artist</titleShort>
    <baseDesc>{PAWN_nameDef} has studied in 005UL culture school since the early childhood. {PAWN_pronoun} is very artistic person and has all necessary skills for creation of all kinds of art.</baseDesc>
	<skillGains>
	  <li>
        <key>Artistic</key>
        <value>8</value>
      </li>
	  <li>
        <key>Crafting</key>
        <value>3</value>
      </li>
    </skillGains>
</AlienRace.AlienBackstoryDef>

<AlienRace.AlienBackstoryDef ParentName="005ULBackstoriesChildhoodBase">
    <defName>005ULAgricultureSchool</defName>
    <title>Agriculture School</title>
    <titleShort>Farmer</titleShort>
    <baseDesc>{PAWN_nameDef} has studied in 005UL agriculture school since the early childhood. {PAWN_pronoun} knows a lot about plants, animals and farming in general.</baseDesc>
	<skillGains>
	  <li>
        <key>Plants</key>
        <value>5</value>
      </li>
	  <li>
        <key>Animals</key>
        <value>3</value>
      </li>
    </skillGains>
</AlienRace.AlienBackstoryDef>

<AlienRace.AlienBackstoryDef ParentName="005ULBackstoriesChildhoodBase">
    <defName>005ULSocietySchool</defName>
    <title>Society School</title>
    <titleShort>Farmer</titleShort>
    <baseDesc>{PAWN_nameDef} has studied in 005UL society school since the early childhood. {PAWN_pronoun} has all necessary skills to be a productive pillar of society.</baseDesc>
	<skillGains>
	  <li>
        <key>Social</key>
        <value>5</value>
      </li>
	  <li>
        <key>Medicine</key>
        <value>5</value>
      </li>
	  <li>
        <key>Cooking</key>
        <value>3</value>
      </li>
    </skillGains>
</AlienRace.AlienBackstoryDef>
</Defs>