﻿<?xml version="1.0" encoding="utf-8"?>

<Defs> 

<AlienRace.AlienBackstoryDef Abstract="True" Name="501UFRESBackstoriesAdulthoodBase">
	<spawnCategories>
		<li>501_U_Fressalfar_BackstoriesAdulthood</li>
	</spawnCategories>
	<slot>Adulthood</slot>
</AlienRace.AlienBackstoryDef>

<!--■■■■■■■■■■■■■■■■■■■■ THIN BODY TYPE ■■■■■■■■■■■■■■■■■■■■-->
<AlienRace.AlienBackstoryDef ParentName="501UFRESBackstoriesAdulthoodBase">
    <defName>501UFRESBackstoryCryosleepGuardianThin</defName>
    <title>Cryosleep Guardian</title>
    <titleShort>Guardian</titleShort>
    <baseDesc>{PAWN_nameDef} grew to adulthood in a special cryosleep pod while traveling to an unkown reamworld. They underwent significant artificial training to learn how to fight and protest themselves in their new home if the need arises.</baseDesc>
	<bodyTypeGlobal>Thin</bodyTypeGlobal>
	<maleCommonality>50</maleCommonality>
    <femaleCommonality>50</femaleCommonality>
	<skillGains>
      <li>
        <key>Shooting</key>
        <value>5</value>
      </li>
	  <li>
        <key>Melee</key>
        <value>2</value>
      </li>
    </skillGains>
</AlienRace.AlienBackstoryDef>

<AlienRace.AlienBackstoryDef ParentName="501UFRESBackstoriesAdulthoodBase">
    <defName>501UFRESBackstoryCryosleepBotanistThin</defName>
    <title>Cryosleep Botanist</title>
    <titleShort>Botanist</titleShort>
    <baseDesc>{PAWN_nameDef} grew to adulthood in a special cryosleep pod while traveling to an unkown reamworld. They underwent significant artificial training to learn how to work the land and provide food on their new home.</baseDesc>
	<bodyTypeGlobal>Thin</bodyTypeGlobal>
	<maleCommonality>50</maleCommonality>
    <femaleCommonality>50</femaleCommonality>
	<skillGains>
      <li>
        <key>Plants</key>
        <value>5</value>
      </li>
	  <li>
        <key>Cooking</key>
        <value>3</value>
      </li>
    </skillGains>
</AlienRace.AlienBackstoryDef>

<AlienRace.AlienBackstoryDef ParentName="501UFRESBackstoriesAdulthoodBase">
    <defName>501UFRESBackstoryCryosleepArchitectThin</defName>
    <title>Cryosleep Architect</title>
    <titleShort>Architect</titleShort>
    <baseDesc>{PAWN_nameDef} grew to adulthood in a special cryosleep pod while traveling to an unkown reamworld. They underwent significant artificial training to learn how to build and maintain a thriving colony under any condition they might land in.</baseDesc>
	<bodyTypeGlobal>Thin</bodyTypeGlobal>
	<maleCommonality>50</maleCommonality>
    <femaleCommonality>50</femaleCommonality>
	<skillGains>
      <li>
        <key>Construction</key>
        <value>5</value>
      </li>
	  <li>
        <key>Crafting</key>
        <value>5</value>
      </li>
	  <li>
        <key>Artistic</key>
        <value>3</value>
      </li>
    </skillGains>
</AlienRace.AlienBackstoryDef>

<AlienRace.AlienBackstoryDef ParentName="501UFRESBackstoriesAdulthoodBase">
    <defName>501UFRESBackstoryCryosleepProdigiyThin</defName>
    <title>Cryosleep Prodigy</title>
    <titleShort>Prodigy</titleShort>
    <baseDesc>{PAWN_nameDef} grew to adulthood in a special cryosleep pod while traveling to an unkown reamworld. They underwent significant artificial training and spent their time gaining as much knowledge as possible to pass down to fellow colonists and future generations.</baseDesc>
	<bodyTypeGlobal>Thin</bodyTypeGlobal>
	<maleCommonality>50</maleCommonality>
    <femaleCommonality>50</femaleCommonality>
	<skillGains>
      <li>
        <key>Intellectual</key>
        <value>5</value>
      </li>
	  <li>
        <key>Social</key>
        <value>3</value>
      </li>
    </skillGains>
</AlienRace.AlienBackstoryDef>

<AlienRace.AlienBackstoryDef ParentName="501UFRESBackstoriesAdulthoodBase">
    <defName>501UFRESBackstoryCryosleepTamerThin</defName>
    <title>Cryosleep Tamer</title>
    <titleShort>Tamer</titleShort>
    <baseDesc>{PAWN_nameDef} grew to adulthood in a special cryosleep pod while traveling to an unkown reamworld. They underwent significant artificial training and learned of their connection with the thrumbo. Learning how to succesfully tame them and various other animals in the process.</baseDesc>
	<bodyTypeGlobal>Thin</bodyTypeGlobal>
	<maleCommonality>50</maleCommonality>
    <femaleCommonality>50</femaleCommonality>
	<skillGains>
      <li>
        <key>Animals</key>
        <value>5</value>
      </li>
    </skillGains>
</AlienRace.AlienBackstoryDef>

<!--■■■■■■■■■■■■■■■■■■■■ MALE/FEMALE BODY TYPE ■■■■■■■■■■■■■■■■■■■■-->

<AlienRace.AlienBackstoryDef ParentName="501UFRESBackstoriesAdulthoodBase">
    <defName>501UFRESBackstoryCryosleepGuardianMF</defName>
    <title>Cryosleep Guardian</title>
    <titleShort>Guardian</titleShort>
    <baseDesc>{PAWN_nameDef} grew to adulthood in a special cryosleep pod while traveling to an unkown reamworld. They underwent significant artificial training to learn how to fight and protest themselves in their new home if the need arises.</baseDesc>
	<bodyTypeMale>Male</bodyTypeMale>
    <bodyTypeFemale>Female</bodyTypeFemale>
    <maleCommonality>50</maleCommonality>
    <femaleCommonality>50</femaleCommonality>
	<skillGains>
      <li>
        <key>Shooting</key>
        <value>5</value>
      </li>
	  <li>
        <key>Melee</key>
        <value>1</value>
      </li>
    </skillGains>
</AlienRace.AlienBackstoryDef>

<AlienRace.AlienBackstoryDef ParentName="501UFRESBackstoriesAdulthoodBase">
    <defName>501UFRESBackstoryCryosleepBotanistMF</defName>
    <title>Cryosleep Botanist</title>
    <titleShort>Botanist</titleShort>
    <baseDesc>{PAWN_nameDef} grew to adulthood in a special cryosleep pod while traveling to an unkown reamworld. They underwent significant artificial training to learn how to work the land and provide food on their new home.</baseDesc>
	<bodyTypeMale>Male</bodyTypeMale>
    <bodyTypeFemale>Female</bodyTypeFemale>
    <maleCommonality>50</maleCommonality>
    <femaleCommonality>50</femaleCommonality>
	<skillGains>
      <li>
        <key>Plants</key>
        <value>5</value>
      </li>
	  <li>
        <key>Cooking</key>
        <value>3</value>
      </li>
    </skillGains>
</AlienRace.AlienBackstoryDef>

<AlienRace.AlienBackstoryDef ParentName="501UFRESBackstoriesAdulthoodBase">
    <defName>501UFRESBackstoryCryosleepArchitectMF</defName>
    <title>Cryosleep Architect</title>
    <titleShort>Architect</titleShort>
    <baseDesc>{PAWN_nameDef} grew to adulthood in a special cryosleep pod while traveling to an unkown reamworld. They underwent significant artificial training to learn how to build and maintain a thriving colony under any condition they might land in.</baseDesc>
	<bodyTypeMale>Male</bodyTypeMale>
    <bodyTypeFemale>Female</bodyTypeFemale>
    <maleCommonality>50</maleCommonality>
    <femaleCommonality>50</femaleCommonality>
	<skillGains>
      <li>
        <key>Construction</key>
        <value>5</value>
      </li>
	  <li>
        <key>Crafting</key>
        <value>5</value>
      </li>
	  <li>
        <key>Artistic</key>
        <value>3</value>
      </li>
    </skillGains>
</AlienRace.AlienBackstoryDef>

<AlienRace.AlienBackstoryDef ParentName="501UFRESBackstoriesAdulthoodBase">
    <defName>501UFRESBackstoryCryosleepProdigiyMF</defName>
    <title>Cryosleep Prodigy</title>
    <titleShort>Prodigy</titleShort>
    <baseDesc>{PAWN_nameDef} grew to adulthood in a special cryosleep pod while traveling to an unkown reamworld. They underwent significant artificial training and spent their time gaining as much knowledge as possible to pass down to fellow colonists and future generations.</baseDesc>
	<bodyTypeMale>Male</bodyTypeMale>
    <bodyTypeFemale>Female</bodyTypeFemale>
    <maleCommonality>50</maleCommonality>
    <femaleCommonality>50</femaleCommonality>
	<skillGains>
      <li>
        <key>Intellectual</key>
        <value>5</value>
      </li>
	  <li>
        <key>Social</key>
        <value>3</value>
      </li>
    </skillGains>
</AlienRace.AlienBackstoryDef>

<AlienRace.AlienBackstoryDef ParentName="501UFRESBackstoriesAdulthoodBase">
    <defName>501UFRESBackstoryCryosleepTamerMF</defName>
    <title>Cryosleep Tamer</title>
    <titleShort>Tamer</titleShort>
    <baseDesc>{PAWN_nameDef} grew to adulthood in a special cryosleep pod while traveling to an unkown reamworld. They underwent significant artificial training and learned of their connection with the thrumbo. Learning how to succesfully tame them and various other animals in the process.</baseDesc>
	<bodyTypeMale>Male</bodyTypeMale>
    <bodyTypeFemale>Female</bodyTypeFemale>
    <maleCommonality>50</maleCommonality>
    <femaleCommonality>50</femaleCommonality>
	<skillGains>
      <li>
        <key>Animals</key>
        <value>5</value>
      </li>
    </skillGains>
</AlienRace.AlienBackstoryDef>

</Defs>