﻿<?xml version="1.0" encoding="utf-8" ?>
<Defs>

<ThoughtDef>
    <defName>YanzArchotechNexus</defName>
    <workerClass>ThoughtWorker_Hediff</workerClass>
    <hediff>YanzArchotechNexus</hediff>
    <validWhileDespawned>true</validWhileDespawned>
    <stages>
      <li>
        <label>Archotech Nexus</label>
        <description>It's impossible to describe. I can create whole universes in my head. Woah...</description>
        <baseMoodEffect>40</baseMoodEffect>
      </li>
    </stages>
  </ThoughtDef>

</Defs>
