﻿<?xml version="1.0" encoding="utf-8"?>

<Patch>
<Operation Class="PatchOperationFindMod">
    <mods>
        <li>Royality</li>
    </mods>
    <match Class="PatchOperationAdd">
        <xpath>Defs/ResearchProjectDef[defName="Archo_Analyzer_Design"]</xpath>
        <value>
		<techprintCount>1</techprintCount>
		<techprintCommonality>3</techprintCommonality>
		<techprintMarketValue>5000</techprintMarketValue>
		<heldByFactionCategoryTags><li>Empire</li></heldByFactionCategoryTags>
        </value>
    </match>
</Operation>
</Patch>