﻿<?xml version="1.0" encoding="utf-8"?>

<Patch>
<Operation Class="PatchOperationFindMod">
  <mods>
    <li>Vulpes - Adorable Foxes! [1.3]</li>
	<li>Lombax - Desert Warriors [1.3]</li>
	<li>Braixen and Delphox - Fire Pokemon [1.3]</li>
	<li>Kisalfar and Fressálfar - Lost Project [1.3]</li>
	<li>Feles - Felines of the Rim [1.3]</li>
	<li>Sylveon - Fairy Pokemon! [1.3]</li>
  </mods>
  <match Class="PatchOperationAdd">
    <xpath>Defs</xpath>
    <value>
	<ThingDef ParentName="ArmorHelmetMakeableBase">
		<defName>ArchotechCutisHelmetBigE</defName>
		<label>H.A.R. Archotech Cutis</label>
		<description>(Designed for following races and can be used only by them: Vulpes, Lombax, Fressálfar, Kisalfar, Braixen, Delphox, Cheetah, Leo, Panther, Jaguar, Tigris, Sylveon) A helmet made with usage of archotech technologies and archomachinery. Automatically adjusts itself according to head and ear shape, making it extremely comfortable for all races. Outer surface can be described as a set of glowing and constantly changing panels that predict trajectory of any incoming object and reflect it with almost perfect efficiency. Inner surface is covered with soft archostrand. Once user puts on helmet, it releases femtomachinery gel that fills an entire inner volume of the helmet and acts as an additional layer of protection. Gel feels like a water, but is completely breathable and very gentle to lungs. Helmet catches all the important information and transmits it directly into the mind of a user, and duplicates some of it at the display. Cutis also projects a weak shield around an entire body, that can protect user from a small amount of ranged attacks and also gives a sense of piece, safety and comfort.</description>
		<thingClass>YanzArchotech.TextureableShieldBelt</thingClass>
		<techLevel>Spacer</techLevel>
		<tickerType>Normal</tickerType>
		<tradeability>Sellable</tradeability>
        <generateCommonality>0.05</generateCommonality>
		<graphicData>
			<texPath>Things/Apparel/Cutis_Helmet/CutisHAR</texPath>
			<graphicClass>Graphic_Single</graphicClass>
		</graphicData>
		<costList>
			<BlockArchotech>55</BlockArchotech>
			<Archostrand>55</Archostrand>
			<ComponentArchotech>4</ComponentArchotech>
			<Femtomachinery>50</Femtomachinery>
			<Attomachinery>10</Attomachinery>
		</costList>
		<comps>
        <li Class="YanzArchotech.RangedShield">
            <texture>Misc/Archotech_green1_shield</texture>
        </li>
		</comps>
		<statBases>
			<WorkToMake>25000</WorkToMake>
			<MaxHitPoints>5000</MaxHitPoints>
			<Mass>2</Mass>
			<Flammability>0.1</Flammability>
			<ArmorRating_Sharp>2</ArmorRating_Sharp>
			<ArmorRating_Blunt>2</ArmorRating_Blunt>
			<ArmorRating_Heat>2</ArmorRating_Heat>
			<Insulation_Cold>20</Insulation_Cold>
			<Insulation_Heat>20</Insulation_Heat>
			<EquipDelay>1</EquipDelay>
			<EnergyShieldRechargeRate>1</EnergyShieldRechargeRate>
			<EnergyShieldEnergyMax>1</EnergyShieldEnergyMax>
		</statBases>
		<equippedStatOffsets>
			<AccuracyTouch>1</AccuracyTouch>
			<AccuracyShort>1</AccuracyShort>
			<AccuracyMedium>1</AccuracyMedium>
			<AccuracyLong>1</AccuracyLong>
		</equippedStatOffsets>
		<thingCategories Inherit="False">
			<li>Headgear</li>
		</thingCategories>
		<thingSetMakerTags>
			<li>RewardSpecial</li>
		</thingSetMakerTags>
		<apparel>
			<bodyPartGroups>
				<li>FullHead</li>
			</bodyPartGroups>
			<wornGraphicPath>Things/Apparel/Cutis_Helmet/CutisHAR</wornGraphicPath>
			<useWornGraphicMask>true</useWornGraphicMask>
			<layers>
				<li>Overhead</li>
			</layers>
			<tags>
				<li>ArchotechMilitary</li>
			</tags>
			<defaultOutfitTags>
				<li>Soldier</li>
			</defaultOutfitTags>
			<useDeflectMetalEffect>true</useDeflectMetalEffect>
		</apparel>
		<recipeMaker>
			<unfinishedThingDef>UnfinishedTechArmor</unfinishedThingDef>
			<researchPrerequisite>ArchoMilDesigns</researchPrerequisite>
			<skillRequirements>
				<Crafting>10</Crafting>
			</skillRequirements>
			<recipeUsers Inherit="False">
				<li>ArchotechStation</li>
			</recipeUsers>
		</recipeMaker>
	</ThingDef>
    </value>
  </match>
  </Operation>
</Patch>