<?xml version="1.0" encoding="utf-8" ?>

<!--■■■■■■■■■■■■■■■■■■■■ VULPES ■■■■■■■■■■■■■■■■■■■■-->
<Patch>
<Operation Class="PatchOperationFindMod">
	<mods>
        <li>Sylveon - Fairy Pokemon [1.5]</li>
    </mods>
	<match Class="PatchOperationReplace">
        <xpath>Defs/AlienRace.ThingDef_AlienRace[defName="Sylveon"]/statBases</xpath>
        <value>
<!--■■■■■■■■■■■■■■■■■■■■ Bio Stats ■■■■■■■■■■■■■■■■■■■■-->
		<statBases>
			<PawnBeauty>2</PawnBeauty>
			<CarryingCapacity>75</CarryingCapacity>
			<PainShockThreshold>0.8</PainShockThreshold>
			<MarketValue>3000</MarketValue>
			<MoveSpeed>5</MoveSpeed>
			<Mass>50</Mass>
			<ImmunityGainSpeed>0.95</ImmunityGainSpeed>
			<ComfyTemperatureMin>25</ComfyTemperatureMin>
			<ComfyTemperatureMax>50</ComfyTemperatureMax>
			<LeatherAmount>75</LeatherAmount>
			<MeatAmount>140</MeatAmount>
<!--■■■■■■■■■■■■■■■■■■■■ Skills ■■■■■■■■■■■■■■■■■■■■-->
			<WorkSpeedGlobal>2</WorkSpeedGlobal>
			<ResearchSpeed>1.25</ResearchSpeed>
			<GlobalLearningFactor>1.1</GlobalLearningFactor>
			<PsychicSensitivity>1.1</PsychicSensitivity>
			<MiningSpeed>0.5</MiningSpeed>
			<SocialImpact>1.5</SocialImpact>
			<ConstructionSpeed>0.5</ConstructionSpeed>
			<AnimalGatherSpeed>1</AnimalGatherSpeed>
			<AnimalGatherYield>1</AnimalGatherYield>
			<ShootingAccuracyPawn>1</ShootingAccuracyPawn>
		</statBases>
        </value>
    </match>
</Operation>

<Operation Class="PatchOperationFindMod">
	<mods>
        <li>Vaporeon - Water Pokemon [1.5]</li>
    </mods>
	<match Class="PatchOperationReplace">
        <xpath>Defs/AlienRace.ThingDef_AlienRace[defName="Sylveon"]/race/baseBodySize</xpath>
        <value>
			<baseBodySize>0.7</baseBodySize>
        </value>
    </match>
</Operation>

<Operation Class="PatchOperationFindMod">
	<mods>
        <li>Vaporeon - Water Pokemon [1.5]</li>
    </mods>
	<match Class="PatchOperationReplace">
        <xpath>Defs/AlienRace.ThingDef_AlienRace[defName="Sylveon"]/race/baseHealthScale</xpath>
        <value>
			<baseHealthScale>0.7</baseHealthScale>
        </value>
    </match>
</Operation>

<Operation Class="PatchOperationFindMod">
	<mods>
        <li>Vaporeon - Water Pokemon [1.5]</li>
    </mods>
	<match Class="PatchOperationReplace">
        <xpath>Defs/AlienRace.ThingDef_AlienRace[defName="Sylveon"]/race/baseHungerRate</xpath>
        <value>
			<baseHungerRate>1.3</baseHungerRate>
        </value>
    </match>
</Operation>
</Patch>