<?xml version="1.0" encoding="utf-8" ?>

<!--■■■■■■■■■■■■■■■■■■■■ LOMBAX ■■■■■■■■■■■■■■■■■■■■-->
<Patch>
<Operation Class="PatchOperationFindMod">
	<mods>
        <li>Lombax - Desert Warriors [1.5]</li>
    </mods>
	<match Class="PatchOperationReplace">
        <xpath>Defs/AlienRace.ThingDef_AlienRace[defName="Lombax"]/statBases</xpath>
        <value>
<!--■■■■■■■■■■■■■■■■■■■■ Bio Stats ■■■■■■■■■■■■■■■■■■■■-->
		<statBases>
			<PawnBeauty>1</PawnBeauty>
			<CarryingCapacity>75</CarryingCapacity>
			<PainShockThreshold>1.1</PainShockThreshold>
			<MarketValue>2500</MarketValue>
			<MoveSpeed>5</MoveSpeed>
			<Mass>55</Mass>
			<ImmunityGainSpeed>1.1</ImmunityGainSpeed>
			<ComfyTemperatureMin>30</ComfyTemperatureMin>
			<ComfyTemperatureMax>60</ComfyTemperatureMax>
			<LeatherAmount>75</LeatherAmount>
			<MeatAmount>140</MeatAmount>
<!--■■■■■■■■■■■■■■■■■■■■ Skills ■■■■■■■■■■■■■■■■■■■■-->
			<WorkSpeedGlobal>1</WorkSpeedGlobal>
			<ResearchSpeed>1</ResearchSpeed>
			<GlobalLearningFactor>1</GlobalLearningFactor>
			<PsychicSensitivity>1</PsychicSensitivity>
			<MiningSpeed>1</MiningSpeed>
			<SocialImpact>0.9</SocialImpact>
			<ConstructionSpeed>1</ConstructionSpeed>
			<AnimalGatherSpeed>1</AnimalGatherSpeed>
			<AnimalGatherYield>1</AnimalGatherYield>
			<ShootingAccuracyPawn>1</ShootingAccuracyPawn>
		</statBases>
        </value>
    </match>
</Operation>

<Operation Class="PatchOperationFindMod">
	<mods>
        <li>Lombax - Desert Warriors [1.5]</li>
    </mods>
	<match Class="PatchOperationReplace">
        <xpath>Defs/AlienRace.ThingDef_AlienRace[defName="Lombax"]/race/baseBodySize</xpath>
        <value>
			<baseBodySize>0.7</baseBodySize>
        </value>
    </match>
</Operation>

<Operation Class="PatchOperationFindMod">
	<mods>
        <li>Lombax - Desert Warriors [1.5]</li>
    </mods>
	<match Class="PatchOperationReplace">
        <xpath>Defs/AlienRace.ThingDef_AlienRace[defName="Lombax"]/race/baseHealthScale</xpath>
        <value>
			<baseHealthScale>1.5</baseHealthScale>
        </value>
    </match>
</Operation>

<Operation Class="PatchOperationFindMod">
	<mods>
        <li>Lombax - Desert Warriors [1.5]</li>
    </mods>
	<match Class="PatchOperationReplace">
        <xpath>Defs/AlienRace.ThingDef_AlienRace[defName="Lombax"]/race/baseHungerRate</xpath>
        <value>
			<baseHungerRate>1.6</baseHungerRate>
        </value>
    </match>
</Operation>
</Patch>