<?xml version="1.0" encoding="utf-8" ?>

<!--■■■■■■■■■■■■■■■■■■■■ CHEETAH ■■■■■■■■■■■■■■■■■■■■-->
<Patch>
<Operation Class="PatchOperationFindMod">
	<mods>
        <li>Feles - Felines of the Rim [1.5]</li>
    </mods>
	<match Class="PatchOperationReplace">
        <xpath>Defs/AlienRace.ThingDef_AlienRace[defName="YanzihkoCheetah"]/statBases</xpath>
        <value>
<!--■■■■■■■■■■■■■■■■■■■■ Bio Stats ■■■■■■■■■■■■■■■■■■■■-->
		<statBases>
			<PawnBeauty>1</PawnBeauty>
			<CarryingCapacity>75</CarryingCapacity>
			<PainShockThreshold>0.8</PainShockThreshold>
			<MarketValue>2000</MarketValue>
			<MoveSpeed>9</MoveSpeed>
			<Mass>50</Mass>
			<ImmunityGainSpeed>0.95</ImmunityGainSpeed>
			<ComfyTemperatureMin>20</ComfyTemperatureMin>
			<ComfyTemperatureMax>40</ComfyTemperatureMax>
			<LeatherAmount>75</LeatherAmount>
			<MeatAmount>140</MeatAmount>
<!--■■■■■■■■■■■■■■■■■■■■ Skills ■■■■■■■■■■■■■■■■■■■■-->
			<WorkSpeedGlobal>1</WorkSpeedGlobal>
			<ResearchSpeed>1.1</ResearchSpeed>
			<GlobalLearningFactor>1.1</GlobalLearningFactor>
			<PsychicSensitivity>1</PsychicSensitivity>
			<MiningSpeed>0.5</MiningSpeed>
			<SocialImpact>0.9</SocialImpact>
			<ConstructionSpeed>0.5</ConstructionSpeed>
			<AnimalGatherSpeed>1</AnimalGatherSpeed>
			<AnimalGatherYield>1</AnimalGatherYield>
			<ShootingAccuracyPawn>2</ShootingAccuracyPawn>
		</statBases>
        </value>
    </match>
</Operation>

<Operation Class="PatchOperationFindMod">
	<mods>
        <li>Feles - Felines of the Rim [1.5]</li>
    </mods>
	<match Class="PatchOperationReplace">
        <xpath>Defs/AlienRace.ThingDef_AlienRace[defName="YanzihkoCheetah"]/race/baseBodySize</xpath>
        <value>
			<baseBodySize>0.7</baseBodySize>
        </value>
    </match>
</Operation>

<Operation Class="PatchOperationFindMod">
	<mods>
        <li>Feles - Felines of the Rim [1.5]</li>
    </mods>
	<match Class="PatchOperationReplace">
        <xpath>Defs/AlienRace.ThingDef_AlienRace[defName="YanzihkoCheetah"]/race/baseHealthScale</xpath>
        <value>
			<baseHealthScale>0.7</baseHealthScale>
        </value>
    </match>
</Operation>

<Operation Class="PatchOperationFindMod">
	<mods>
        <li>Feles - Felines of the Rim [1.5]</li>
    </mods>
	<match Class="PatchOperationReplace">
        <xpath>Defs/AlienRace.ThingDef_AlienRace[defName="YanzihkoCheetah"]/race/baseHungerRate</xpath>
        <value>
			<baseHungerRate>1.3</baseHungerRate>
        </value>
    </match>
</Operation>
<!--■■■■■■■■■■■■■■■■■■■■ LEO ■■■■■■■■■■■■■■■■■■■■-->
<Operation Class="PatchOperationFindMod">
	<mods>
        <li>Feles - Felines of the Rim [1.5]</li>
    </mods>
	<match Class="PatchOperationReplace">
        <xpath>Defs/AlienRace.ThingDef_AlienRace[defName="YanzihkoLeo"]/statBases</xpath>
        <value>
<!--■■■■■■■■■■■■■■■■■■■■ Bio Stats ■■■■■■■■■■■■■■■■■■■■-->
		<statBases>
			<PawnBeauty>1</PawnBeauty>
			<CarryingCapacity>75</CarryingCapacity>
			<PainShockThreshold>1</PainShockThreshold>
			<MarketValue>1750</MarketValue>
			<MoveSpeed>6</MoveSpeed>
			<Mass>50</Mass>
			<ImmunityGainSpeed>1</ImmunityGainSpeed>
			<ComfyTemperatureMin>20</ComfyTemperatureMin>
			<ComfyTemperatureMax>36</ComfyTemperatureMax>
			<LeatherAmount>75</LeatherAmount>
			<MeatAmount>140</MeatAmount>
<!--■■■■■■■■■■■■■■■■■■■■ Skills ■■■■■■■■■■■■■■■■■■■■-->
			<WorkSpeedGlobal>1</WorkSpeedGlobal>
			<ResearchSpeed>1</ResearchSpeed>
			<GlobalLearningFactor>1</GlobalLearningFactor>
			<PsychicSensitivity>1</PsychicSensitivity>
			<MiningSpeed>1</MiningSpeed>
			<SocialImpact>1.1</SocialImpact>
			<ConstructionSpeed>1</ConstructionSpeed>
			<AnimalGatherSpeed>1</AnimalGatherSpeed>
			<AnimalGatherYield>1</AnimalGatherYield>
			<ShootingAccuracyPawn>1.1</ShootingAccuracyPawn>
		</statBases>
        </value>
    </match>
</Operation>

<Operation Class="PatchOperationFindMod">
	<mods>
        <li>Feles - Felines of the Rim [1.5]</li>
    </mods>
	<match Class="PatchOperationReplace">
        <xpath>Defs/AlienRace.ThingDef_AlienRace[defName="YanzihkoLeo"]/race/baseBodySize</xpath>
        <value>
			<baseBodySize>0.7</baseBodySize>
        </value>
    </match>
</Operation>

<Operation Class="PatchOperationFindMod">
	<mods>
        <li>Feles - Felines of the Rim [1.5]</li>
    </mods>
	<match Class="PatchOperationReplace">
        <xpath>Defs/AlienRace.ThingDef_AlienRace[defName="YanzihkoLeo"]/race/baseHealthScale</xpath>
        <value>
			<baseHealthScale>0.7</baseHealthScale>
        </value>
    </match>
</Operation>

<Operation Class="PatchOperationFindMod">
	<mods>
        <li>Feles - Felines of the Rim [1.5]</li>
    </mods>
	<match Class="PatchOperationReplace">
        <xpath>Defs/AlienRace.ThingDef_AlienRace[defName="YanzihkoLeo"]/race/baseHungerRate</xpath>
        <value>
			<baseHungerRate>1.3</baseHungerRate>
        </value>
    </match>
</Operation>
<!--■■■■■■■■■■■■■■■■■■■■ JAGUAR ■■■■■■■■■■■■■■■■■■■■-->
<Operation Class="PatchOperationFindMod">
	<mods>
        <li>Feles - Felines of the Rim [1.5]</li>
    </mods>
	<match Class="PatchOperationReplace">
        <xpath>Defs/AlienRace.ThingDef_AlienRace[defName="YanzihkoJaguar"]/statBases</xpath>
        <value>
<!--■■■■■■■■■■■■■■■■■■■■ Bio Stats ■■■■■■■■■■■■■■■■■■■■-->
		<statBases>
			<PawnBeauty>1</PawnBeauty>
			<CarryingCapacity>75</CarryingCapacity>
			<PainShockThreshold>1</PainShockThreshold>
			<MarketValue>1750</MarketValue>
			<MoveSpeed>6</MoveSpeed>
			<Mass>50</Mass>
			<ImmunityGainSpeed>1</ImmunityGainSpeed>
			<ComfyTemperatureMin>20</ComfyTemperatureMin>
			<ComfyTemperatureMax>36</ComfyTemperatureMax>
			<LeatherAmount>75</LeatherAmount>
			<MeatAmount>140</MeatAmount>
<!--■■■■■■■■■■■■■■■■■■■■ Skills ■■■■■■■■■■■■■■■■■■■■-->
			<WorkSpeedGlobal>1</WorkSpeedGlobal>
			<ResearchSpeed>1</ResearchSpeed>
			<GlobalLearningFactor>1</GlobalLearningFactor>
			<PsychicSensitivity>1</PsychicSensitivity>
			<MiningSpeed>1</MiningSpeed>
			<SocialImpact>0.9</SocialImpact>
			<ConstructionSpeed>1</ConstructionSpeed>
			<AnimalGatherSpeed>1</AnimalGatherSpeed>
			<AnimalGatherYield>1</AnimalGatherYield>
			<ShootingAccuracyPawn>1.1</ShootingAccuracyPawn>
		</statBases>
        </value>
    </match>
</Operation>

<Operation Class="PatchOperationFindMod">
	<mods>
        <li>Feles - Felines of the Rim [1.5]</li>
    </mods>
	<match Class="PatchOperationReplace">
        <xpath>Defs/AlienRace.ThingDef_AlienRace[defName="YanzihkoJaguar"]/race/baseBodySize</xpath>
        <value>
			<baseBodySize>0.7</baseBodySize>
        </value>
    </match>
</Operation>

<Operation Class="PatchOperationFindMod">
	<mods>
        <li>Feles - Felines of the Rim [1.5]</li>
    </mods>
	<match Class="PatchOperationReplace">
        <xpath>Defs/AlienRace.ThingDef_AlienRace[defName="YanzihkoJaguar"]/race/baseHealthScale</xpath>
        <value>
			<baseHealthScale>0.7</baseHealthScale>
        </value>
    </match>
</Operation>

<Operation Class="PatchOperationFindMod">
	<mods>
        <li>Feles - Felines of the Rim [1.5]</li>
    </mods>
	<match Class="PatchOperationReplace">
        <xpath>Defs/AlienRace.ThingDef_AlienRace[defName="YanzihkoJaguar"]/race/baseHungerRate</xpath>
        <value>
			<baseHungerRate>1.3</baseHungerRate>
        </value>
    </match>
</Operation>
<!--■■■■■■■■■■■■■■■■■■■■ PANTHER ■■■■■■■■■■■■■■■■■■■■-->
<Operation Class="PatchOperationFindMod">
	<mods>
        <li>Feles - Felines of the Rim [1.5]</li>
    </mods>
	<match Class="PatchOperationReplace">
        <xpath>Defs/AlienRace.ThingDef_AlienRace[defName="YanzihkoPanther"]/statBases</xpath>
        <value>
<!--■■■■■■■■■■■■■■■■■■■■ Bio Stats ■■■■■■■■■■■■■■■■■■■■-->
		<statBases>
			<PawnBeauty>1</PawnBeauty>
			<CarryingCapacity>75</CarryingCapacity>
			<PainShockThreshold>1</PainShockThreshold>
			<MarketValue>1750</MarketValue>
			<MoveSpeed>6</MoveSpeed>
			<Mass>50</Mass>
			<ImmunityGainSpeed>1</ImmunityGainSpeed>
			<ComfyTemperatureMin>20</ComfyTemperatureMin>
			<ComfyTemperatureMax>36</ComfyTemperatureMax>
			<LeatherAmount>75</LeatherAmount>
			<MeatAmount>140</MeatAmount>
<!--■■■■■■■■■■■■■■■■■■■■ Skills ■■■■■■■■■■■■■■■■■■■■-->
			<WorkSpeedGlobal>1</WorkSpeedGlobal>
			<ResearchSpeed>1</ResearchSpeed>
			<GlobalLearningFactor>1</GlobalLearningFactor>
			<PsychicSensitivity>1</PsychicSensitivity>
			<MiningSpeed>1</MiningSpeed>
			<SocialImpact>0.9</SocialImpact>
			<ConstructionSpeed>1</ConstructionSpeed>
			<AnimalGatherSpeed>1</AnimalGatherSpeed>
			<AnimalGatherYield>1</AnimalGatherYield>
			<ShootingAccuracyPawn>1.1</ShootingAccuracyPawn>
		</statBases>
        </value>
    </match>
</Operation>

<Operation Class="PatchOperationFindMod">
	<mods>
        <li>Feles - Felines of the Rim [1.5]</li>
    </mods>
	<match Class="PatchOperationReplace">
        <xpath>Defs/AlienRace.ThingDef_AlienRace[defName="YanzihkoPanther"]/race/baseBodySize</xpath>
        <value>
			<baseBodySize>0.7</baseBodySize>
        </value>
    </match>
</Operation>

<Operation Class="PatchOperationFindMod">
	<mods>
        <li>Feles - Felines of the Rim [1.5]</li>
    </mods>
	<match Class="PatchOperationReplace">
        <xpath>Defs/AlienRace.ThingDef_AlienRace[defName="YanzihkoPanther"]/race/baseHealthScale</xpath>
        <value>
			<baseHealthScale>0.7</baseHealthScale>
        </value>
    </match>
</Operation>

<Operation Class="PatchOperationFindMod">
	<mods>
        <li>Feles - Felines of the Rim [1.5]</li>
    </mods>
	<match Class="PatchOperationReplace">
        <xpath>Defs/AlienRace.ThingDef_AlienRace[defName="YanzihkoPanther"]/race/baseHungerRate</xpath>
        <value>
			<baseHungerRate>1.3</baseHungerRate>
        </value>
    </match>
</Operation>
<!--■■■■■■■■■■■■■■■■■■■■ TIGRIS ■■■■■■■■■■■■■■■■■■■■-->
<Operation Class="PatchOperationFindMod">
	<mods>
        <li>Feles - Felines of the Rim [1.5]</li>
    </mods>
	<match Class="PatchOperationReplace">
        <xpath>Defs/AlienRace.ThingDef_AlienRace[defName="YanzihkoTigris"]/statBases</xpath>
        <value>
<!--■■■■■■■■■■■■■■■■■■■■ Bio Stats ■■■■■■■■■■■■■■■■■■■■-->
		<statBases>
			<PawnBeauty>1</PawnBeauty>
			<CarryingCapacity>75</CarryingCapacity>
			<PainShockThreshold>1</PainShockThreshold>
			<MarketValue>1750</MarketValue>
			<MoveSpeed>6</MoveSpeed>
			<Mass>50</Mass>
			<ImmunityGainSpeed>1</ImmunityGainSpeed>
			<ComfyTemperatureMin>10</ComfyTemperatureMin>
			<ComfyTemperatureMax>30</ComfyTemperatureMax>
			<LeatherAmount>75</LeatherAmount>
			<MeatAmount>140</MeatAmount>
<!--■■■■■■■■■■■■■■■■■■■■ Skills ■■■■■■■■■■■■■■■■■■■■-->
			<WorkSpeedGlobal>1</WorkSpeedGlobal>
			<ResearchSpeed>1</ResearchSpeed>
			<GlobalLearningFactor>1</GlobalLearningFactor>
			<PsychicSensitivity>1</PsychicSensitivity>
			<MiningSpeed>1</MiningSpeed>
			<SocialImpact>0.9</SocialImpact>
			<ConstructionSpeed>1</ConstructionSpeed>
			<AnimalGatherSpeed>1</AnimalGatherSpeed>
			<AnimalGatherYield>1</AnimalGatherYield>
			<ShootingAccuracyPawn>1.1</ShootingAccuracyPawn>
		</statBases>
        </value>
    </match>
</Operation>

<Operation Class="PatchOperationFindMod">
	<mods>
        <li>Feles - Felines of the Rim [1.5]</li>
    </mods>
	<match Class="PatchOperationReplace">
        <xpath>Defs/AlienRace.ThingDef_AlienRace[defName="YanzihkoTigris"]/race/baseBodySize</xpath>
        <value>
			<baseBodySize>0.7</baseBodySize>
        </value>
    </match>
</Operation>

<Operation Class="PatchOperationFindMod">
	<mods>
        <li>Feles - Felines of the Rim [1.5]</li>
    </mods>
	<match Class="PatchOperationReplace">
        <xpath>Defs/AlienRace.ThingDef_AlienRace[defName="YanzihkoTigris"]/race/baseHealthScale</xpath>
        <value>
			<baseHealthScale>0.7</baseHealthScale>
        </value>
    </match>
</Operation>

<Operation Class="PatchOperationFindMod">
	<mods>
        <li>Feles - Felines of the Rim [1.5]</li>
    </mods>
	<match Class="PatchOperationReplace">
        <xpath>Defs/AlienRace.ThingDef_AlienRace[defName="YanzihkoTigris"]/race/baseHungerRate</xpath>
        <value>
			<baseHungerRate>1.3</baseHungerRate>
        </value>
    </match>
</Operation>
</Patch>