﻿<?xml version="1.0" encoding="utf-8" ?>
<Defs>
<FactionDef ParentName="FactionBase" Abstract="True" Name="BraixenFactionBase">
    <settlementTexturePath>World/WorldObjects/BraixenBase</settlementTexturePath>
    <colorSpectrum>
      <li>(0.95,0.64,0.38)</li>
    </colorSpectrum>
  </FactionDef>
  
	<!--TRIBAL FACTION-->
  <FactionDef ParentName="BraixenFactionBase">
    <defName>PlayerBraixenTribal</defName>
    <label>Braixen Tribe</label>
    <description>Braixen tribe</description>
    <isPlayer>true</isPlayer>
    <pawnSingular>Braixen</pawnSingular>
    <pawnsPlural>Braixen</pawnsPlural>
    <basicMemberKind>BraixenTribalPawn</basicMemberKind>
    <techLevel>Neolithic</techLevel>
    <backstoryFilters>
      <li>
        <categories>
          <li>Tribal</li>
        </categories>
      </li>
    </backstoryFilters>
    <factionIconPath>World/WorldObjects/Braixen_Faction</factionIconPath>
    <settlementTexturePath>World/WorldObjects/Braixen_Base</settlementTexturePath>
    <playerInitialSettlementNameMaker>NamerInitialSettlementColony</playerInitialSettlementNameMaker>
    <factionNameMaker>NamerFactionTribal</factionNameMaker>
    <settlementNameMaker>NamerSettlementTribal</settlementNameMaker>
	<allowedCultures>
      <li>Corunan</li>
    </allowedCultures>
    <startingResearchTags>
      <li>TribalStart</li>
    </startingResearchTags>
    <startingTechprintsResearchTags>
      <li>TribalStart</li>
      <li>TribalStartTechprints</li>
    </startingTechprintsResearchTags>
    <apparelStuffFilter>
      <thingDefs>
        <li>DevilstrandCloth</li>
      </thingDefs>
    </apparelStuffFilter>
    <recipePrerequisiteTags>
      <li>Tribal</li>
    </recipePrerequisiteTags>
    </FactionDef>
	
	<!--TRIBAL FACTION (NO TECH AT START)-->
	<FactionDef ParentName="BraixenFactionBase">
    <defName>PlayerBraixenTribalNoTech</defName>
    <label>Braixen Tribe (No tech)</label>
    <description>Braixen tribe</description>
    <isPlayer>true</isPlayer>
    <pawnSingular>Braixen</pawnSingular>
    <pawnsPlural>Braixen</pawnsPlural>
    <basicMemberKind>BraixenTribalPawn</basicMemberKind>
    <techLevel>Neolithic</techLevel>
    <backstoryFilters>
      <li>
        <categories>
          <li>Tribal</li>
        </categories>
      </li>
    </backstoryFilters>
    <factionIconPath>World/WorldObjects/Braixen_Faction</factionIconPath>
    <settlementTexturePath>World/WorldObjects/Braixen_Base</settlementTexturePath>
    <playerInitialSettlementNameMaker>NamerInitialSettlementColony</playerInitialSettlementNameMaker>
    <factionNameMaker>NamerFactionTribal</factionNameMaker>
    <settlementNameMaker>NamerSettlementTribal</settlementNameMaker>
	<allowedCultures>
      <li>Corunan</li>
    </allowedCultures>
    <startingResearchTags>
      <li>TribalStart</li>
    </startingResearchTags>
    <startingTechprintsResearchTags>
      <li>TribalStart</li>
      <li>TribalStartTechprints</li>
    </startingTechprintsResearchTags>
    <apparelStuffFilter>
      <thingDefs>
        <li>DevilstrandCloth</li>
      </thingDefs>
    </apparelStuffFilter>
    <recipePrerequisiteTags>
      <li>Tribal</li>
    </recipePrerequisiteTags>
    </FactionDef>
	
	<!--INDUSTRIAL FACTION-->
	<FactionDef ParentName="BraixenFactionBase">
    <defName>PlayerBraixenIndustrial</defName>
    <label>Braixen Colony</label>
    <description>Braixen Colony</description>
    <isPlayer>true</isPlayer>
    <pawnSingular>Braixen</pawnSingular>
    <pawnsPlural>Braixen</pawnsPlural>
    <basicMemberKind>BraixenIndustrialPawn</basicMemberKind>
    <techLevel>Industrial</techLevel>
    <backstoryFilters>
      <li>
        <categories>
          <li>Offworld</li>
        </categories>
      </li>
    </backstoryFilters>
    <factionIconPath>World/WorldObjects/Braixen_Faction</factionIconPath>
    <settlementTexturePath>World/WorldObjects/Braixen_Base</settlementTexturePath>
    <playerInitialSettlementNameMaker>NamerInitialSettlementColony</playerInitialSettlementNameMaker>
    <factionNameMaker>NamerFactionTribal</factionNameMaker>
    <settlementNameMaker>NamerSettlementTribal</settlementNameMaker>
	<allowedCultures><li>Astropolitan</li></allowedCultures>
    <startingResearchTags>
      <li>ClassicStart</li>
    </startingResearchTags>
    <startingTechprintsResearchTags>
      <li>ClassicStart</li>
      <li>ClassicStartTechprints</li>
    </startingTechprintsResearchTags>
    <apparelStuffFilter>
      <thingDefs>
			<li>Synthread</li>
			<li>Hyperweave</li>
			<li>Plasteel</li>
      </thingDefs>
    </apparelStuffFilter>
    <recipePrerequisiteTags>
      <li>Industrial</li>
    </recipePrerequisiteTags>
    </FactionDef>
	
	<!--INDUSTRIAL FACTION (NO TECH AT START)-->
	<FactionDef ParentName="BraixenFactionBase">
    <defName>PlayerBraixenIndustrialNoTech</defName>
    <label>Braixen Colony (No tech)</label>
    <description>Braixen colony</description>
    <isPlayer>true</isPlayer>
    <pawnSingular>Braixen</pawnSingular>
    <pawnsPlural>Braixen</pawnsPlural>
    <basicMemberKind>BraixenIndustrialPawn</basicMemberKind>
    <techLevel>Industrial</techLevel>
    <backstoryFilters>
      <li>
        <categories>
          <li>Offworld</li>
        </categories>
      </li>
    </backstoryFilters>
    <factionIconPath>World/WorldObjects/Braixen_Faction</factionIconPath>
    <settlementTexturePath>World/WorldObjects/Braixen_Base</settlementTexturePath>
    <playerInitialSettlementNameMaker>NamerInitialSettlementColony</playerInitialSettlementNameMaker>
    <factionNameMaker>NamerFactionOutlander</factionNameMaker>
    <settlementNameMaker>NamerSettlementOutlander</settlementNameMaker>
	<allowedCultures><li>Astropolitan</li></allowedCultures>
    <apparelStuffFilter>
      <thingDefs>
			<li>Synthread</li>
			<li>Hyperweave</li>
			<li>Plasteel</li>				
      </thingDefs>
    </apparelStuffFilter>
    <recipePrerequisiteTags>
      <li>Industrial</li>
    </recipePrerequisiteTags>
    </FactionDef>
</Defs>