<?xml version="1.0" encoding="utf-8"?>
<Defs>
<TraitDef MayRequire="yanzihko.EVAPM">
    <defName>VWP_Vaporeon</defName>
    <commonality>0.000001</commonality>
    <degreeDatas>
      <li>
        <label>Vaporeon</label>
        <description>{PAWN_nameDef} is a Vaporeon, and {PAWN_pronoun} is absolutely adorable, despite having such exotic appearance. Vaporeons, due to their aquatic origin and natural ascetism, tend to be in tune with nature, making them wonderful farmers.</description>
        <socialFightChanceFactor>0.15</socialFightChanceFactor>
        <statOffsets>
			<TradePriceImprovement>0.5</TradePriceImprovement>
			<SocialImpact>0.5</SocialImpact>
        </statOffsets>
		<skillGains>	
			<li>
				<key>Social</key>
				<value>5</value>
			</li>
			<li>
				<key>Plants</key>
				<value>5</value>
			</li>
			<li>
				<key>Animals</key>
				<value>5</value>
			</li>
        </skillGains>
      </li>
    </degreeDatas>
</TraitDef>

<TraitDef MayRequire="yanzihko.EUMBM">
    <defName>EEM_Umbreon</defName>
    <commonality>0.000001</commonality>
    <degreeDatas>
      <li>
        <label>Umbreon</label>
        <description>{PAWN_nameDef} is an Umbreon. {PAWN_nameDef} is a born fighter just like all Umbreons and already has fighting instincts together with basic combat knowledge embedded into {PAWN_possessive} DNA.</description>
        <socialFightChanceFactor>0.15</socialFightChanceFactor>
        <statOffsets>
			<TradePriceImprovement>0.10</TradePriceImprovement>
			<SocialImpact>0.10</SocialImpact>
        </statOffsets>
		<skillGains>	
			<li>
				<key>Melee</key>
				<value>5</value>
			</li>
        </skillGains>
      </li>
    </degreeDatas>
	</TraitDef>
	
<TraitDef MayRequire="yanzihko.ESYLVM">
    <defName>SFP_Sylveon</defName>
    <commonality>0.000001</commonality>
    <degreeDatas>
      <li>
        <label>Sylveon</label>
        <description>{PAWN_nameDef} is a Sylveon, and {PAWN_pronoun} is absolutely adorable, as expected from gene-engineered servitor. Sylveons were gene-engineered to be a productive workers at assembly line and basic principles of Crafting are embedded in their DNA.</description>
        <socialFightChanceFactor>0.15</socialFightChanceFactor>
        <statOffsets>
			<TradePriceImprovement>0.5</TradePriceImprovement>
			<SocialImpact>0.5</SocialImpact>
        </statOffsets>
		<skillGains>	
			<li>
				<key>Social</key>
				<value>5</value>
			</li>
			<li>
				<key>Crafting</key>
				<value>5</value>
			</li>
			<li>
				<key>Intellectual</key>
				<value>3</value>
			</li>
        </skillGains>
      </li>
    </degreeDatas>
</TraitDef>

<TraitDef MayRequire="yanzihko.ELEAFM">
    <defName>EEM_Leafeon</defName>
    <commonality>0.000001</commonality>
    <degreeDatas>
      <li>
        <label>Leafeon</label>
        <description>{PAWN_nameDef} is a Leafeon. {PAWN_possessive} body requires little to no Nutrition thanks to photosynthesis capabilities, but if any leaves are damaged or destroyed, it will directly affect all vital systems. Just like most Leafeons, {PAWN_nameDef} is very good with plants and even can form some sort of communication with them.</description>
        <socialFightChanceFactor>0.15</socialFightChanceFactor>
        <statOffsets>
			<TradePriceImprovement>0.10</TradePriceImprovement>
			<SocialImpact>0.10</SocialImpact>
        </statOffsets>
		<skillGains>	
			<li>
				<key>Plants</key>
				<value>5</value>
			</li>
        </skillGains>
      </li>
    </degreeDatas>
</TraitDef>
	
<TraitDef MayRequire="yanzihko.EJOLTM">
    <defName>EEM_Jolteon</defName>
    <commonality>0.000001</commonality>
    <degreeDatas>
      <li>
        <label>Jolteon</label>
        <description>{PAWN_nameDef} is an Jolteon. {PAWN_nameDef} doesn't have any special traits compared to other Jolteonlutions but {PAWN_pronoun} is eager to do even the hardest work despite {PAWN_possessive} small body size.</description>
        <socialFightChanceFactor>0.15</socialFightChanceFactor>
        <statOffsets>
			<TradePriceImprovement>0.10</TradePriceImprovement>
			<SocialImpact>0.10</SocialImpact>
        </statOffsets>
		<skillGains>	
			<li>
				<key>Social</key>
				<value>5</value>
			</li>
        </skillGains>
      </li>
    </degreeDatas>
</TraitDef>

<TraitDef MayRequire="yanzihko.EGLACM">
    <defName>EEM_Glaceon</defName>
    <commonality>0.000001</commonality>
    <degreeDatas>
      <li>
        <label>Glaceon</label>
        <description>{PAWN_nameDef} is an Glaceon. {PAWN_nameDef} doesn't have any special traits compared to other Glaceonlutions but {PAWN_pronoun} is eager to do even the hardest work despite {PAWN_possessive} small body size.</description>
        <socialFightChanceFactor>0.15</socialFightChanceFactor>
        <statOffsets>
			<TradePriceImprovement>0.10</TradePriceImprovement>
			<SocialImpact>0.10</SocialImpact>
        </statOffsets>
		<skillGains>	
			<li>
				<key>Social</key>
				<value>5</value>
			</li>
        </skillGains>
      </li>
    </degreeDatas>
</TraitDef>

<TraitDef MayRequire="yanzihko.EFLARM">
    <defName>EEM_Flareon</defName>
    <commonality>0.000001</commonality>
    <degreeDatas>
      <li>
        <label>Flareon</label>
        <description>{PAWN_nameDef} is a Flareon. Just like most Flareons, {PAWN_pronoun} has extreme heat resistance and some natural combat capabilities.</description>
        <socialFightChanceFactor>0.15</socialFightChanceFactor>
        <statOffsets>
			<TradePriceImprovement>0.10</TradePriceImprovement>
			<SocialImpact>0.10</SocialImpact>
        </statOffsets>
		<skillGains>	
			<li>
				<key>Melee</key>
				<value>3</value>
			</li>
        </skillGains>
      </li>
    </degreeDatas>
</TraitDef>
	
<TraitDef MayRequire="yanzihko.EESPM">
    <defName>EEM_Espeon</defName>
    <commonality>0.000001</commonality>
    <degreeDatas>
      <li>
        <label>Espeon</label>
        <description>{PAWN_nameDef} is an Espeon.</description>
        <socialFightChanceFactor>0.15</socialFightChanceFactor>
        <statOffsets>
			<TradePriceImprovement>0.10</TradePriceImprovement>
			<SocialImpact>0.10</SocialImpact>
        </statOffsets>
		<skillGains>	
			<li>
				<key>Social</key>
				<value>5</value>
			</li>
        </skillGains>
      </li>
    </degreeDatas>
</TraitDef>
	
<TraitDef MayRequire="yanzihko.EEVEM">
    <defName>EEM_Eevee</defName>
    <commonality>0.000001</commonality>
    <degreeDatas>
      <li>
        <label>Eevee</label>
        <description>{PAWN_nameDef} is an Eevee. {PAWN_nameDef} doesn't have any special traits compared to other eeveelutions but {PAWN_pronoun} is eager to do even the hardest work despite {PAWN_possessive} small body size.</description>
        <socialFightChanceFactor>0.15</socialFightChanceFactor>
        <statOffsets>
			<TradePriceImprovement>0.10</TradePriceImprovement>
			<SocialImpact>0.10</SocialImpact>
        </statOffsets>
		<skillGains>	
			<li>
				<key>Social</key>
				<value>5</value>
			</li>
        </skillGains>
      </li>
    </degreeDatas>
</TraitDef>
	
<TraitDef MayRequire="yanzihko.EEVEM">
	<defName>Eeveelutions_IMPOS</defName>
    <commonality>0.000001</commonality>
    <degreeDatas>
      <li>
        <label>Implanted Memory</label>
        <description>{PAWN_nameDef} is an Eevee with implanted personality of a human person. {PAWN_pronoun} seems to enjoy being somewhat ressurected in a body like this.</description>
		<statOffsets>
          <MentalBreakThreshold>0.20</MentalBreakThreshold>
        </statOffsets>
      </li>
    </degreeDatas>
</TraitDef>

<TraitDef MayRequire="yanzihko.EEVEM">
	<defName>Eeveelutions_IMNEG</defName>
    <commonality>0.000001</commonality>
    <degreeDatas>
      <li>
        <label>Implanted Memory</label>
        <description>{PAWN_nameDef} is an Eevee with implanted personality of a human person. {PAWN_pronoun} seems to have physchological trauma because of this.</description>
 		<statOffsets>
          <MentalBreakThreshold>-0.20</MentalBreakThreshold>
        </statOffsets>
      </li>
    </degreeDatas>
</TraitDef>
</Defs>