<?xml version="1.0" encoding="utf-8" ?>
<!-- These patches adds Meowstic PawnKinds to all base game encounters, 
	 with 20% of the weighting of the equivalent Human PawnKinds -->

<Patch>
	<!-- Pirates -->
	<!-- Pirate raid 1; 100 commonality, ranged with melee mix-ins -->
	<Operation Class="PatchOperationAdd">
	<xpath>*/FactionDef[defName="Pirate"]/pawnGroupMakers/li[1]/options</xpath>
	<value>
        <Meowstic_Drifter>2</Meowstic_Drifter>
		<Meowstic_Thrasher>0.6</Meowstic_Thrasher>
        <Meowstic_Scavenger>2</Meowstic_Scavenger>
        <Meowstic_Pirate>2</Meowstic_Pirate>
        <Meowstic_Grenadier_EMP>0.1</Meowstic_Grenadier_EMP>
        <Meowstic_Grenadier_Destructive>0.4</Meowstic_Grenadier_Destructive>
        <Meowstic_Mercenary_Gunner>2</Meowstic_Mercenary_Gunner>
        <Meowstic_Mercenary_Heavy>1.2</Meowstic_Mercenary_Heavy>
        <Meowstic_Mercenary_Slasher>0.6</Meowstic_Mercenary_Slasher>
        <Meowstic_Mercenary_Sniper>1.4</Meowstic_Mercenary_Sniper>
        <Meowstic_Mercenary_Elite>2</Meowstic_Mercenary_Elite>
        <Meowstic_PirateBoss>1</Meowstic_PirateBoss>
	</value>
	</Operation>

	<!-- Pirate raid 2; 30 commonality, melee only -->
	<Operation Class="PatchOperationAdd">
	<xpath>*/FactionDef[defName="Pirate"]/pawnGroupMakers/li[2]/options</xpath>
	<value>
        <Meowstic_Thrasher>2</Meowstic_Thrasher>
        <Meowstic_Mercenary_Slasher>2</Meowstic_Mercenary_Slasher>
        <Meowstic_PirateBoss>1</Meowstic_PirateBoss>
	</value>
	</Operation>

	<!-- Pirate raid 3; 20 commonality, ranged only -->
	<Operation Class="PatchOperationAdd">
	<xpath>*/FactionDef[defName="Pirate"]/pawnGroupMakers/li[3]/options</xpath>
	<value>
		<Meowstic_Scavenger>2.0</Meowstic_Scavenger>
		<Meowstic_Pirate>2.0</Meowstic_Pirate>
		<Meowstic_Grenadier_EMP>0.05</Meowstic_Grenadier_EMP>
		<Meowstic_Grenadier_Smoke>0.05</Meowstic_Grenadier_Smoke>
		<Meowstic_Grenadier_Destructive>0.4</Meowstic_Grenadier_Destructive>
		<Meowstic_Mercenary_Gunner>2.0</Meowstic_Mercenary_Gunner>
		<Meowstic_Mercenary_Heavy>1.2</Meowstic_Mercenary_Heavy>
		<Meowstic_Mercenary_Sniper>1.4</Meowstic_Mercenary_Sniper>
		<Meowstic_Mercenary_Elite>2.0</Meowstic_Mercenary_Elite>
		<Meowstic_PirateBoss>1.0</Meowstic_PirateBoss>
	</value>
	</Operation>

	<!-- Pirate raid 4; 15 commonality, explosives with ranged mix-ins -->
	<Operation Class="PatchOperationAdd">
	<xpath>*/FactionDef[defName="Pirate"]/pawnGroupMakers/li[4]/options</xpath>
	<value>
        <Meowstic_Grenadier_EMP>0.2</Meowstic_Grenadier_EMP>
        <Meowstic_Grenadier_Destructive>2</Meowstic_Grenadier_Destructive>
        <Meowstic_Mercenary_Gunner>0.2</Meowstic_Mercenary_Gunner>
        <Meowstic_Mercenary_Heavy>2</Meowstic_Mercenary_Heavy>
        <Meowstic_Mercenary_Elite>0.2</Meowstic_Mercenary_Elite>
        <Meowstic_PirateBoss>0.2</Meowstic_PirateBoss>
	</value>
	</Operation>

	<!-- Pirate raid 5; 10 commonality, snipers only -->
	<Operation Class="PatchOperationAdd">
	<xpath>*/FactionDef[defName="Pirate"]/pawnGroupMakers/li[5]/options</xpath>
	<value>
        <Meowstic_Mercenary_Sniper>2</Meowstic_Mercenary_Sniper>
	</value>
	</Operation>

	<!-- Pirate raid 6; 2.5 commonality, drifters only -->
	<Operation Class="PatchOperationAdd">
	<xpath>*/FactionDef[defName="Pirate"]/pawnGroupMakers/li[6]/options</xpath>
	<value>
        <Meowstic_Drifter>2</Meowstic_Drifter>
	</value>
	</Operation>

	<!-- Pirate Settlement; mainly ranged with melee mix-ins -->
	<Operation Class="PatchOperationAdd">
	<xpath>*/FactionDef[defName="Pirate"]/pawnGroupMakers/li[7]/options</xpath>
	<value>
        <Meowstic_Thrasher>0.6</Meowstic_Thrasher>
        <Meowstic_Pirate>2</Meowstic_Pirate>
        <Meowstic_Grenadier_Destructive>0.4</Meowstic_Grenadier_Destructive>
		<Meowstic_Mercenary_Slasher>0.6</Meowstic_Mercenary_Slasher>
		<Meowstic_Mercenary_Sniper>2</Meowstic_Mercenary_Sniper>
		<Meowstic_Mercenary_Gunner>2</Meowstic_Mercenary_Gunner>
		<Meowstic_Mercenary_Elite>2</Meowstic_Mercenary_Elite>
        <Meowstic_PirateBoss>2</Meowstic_PirateBoss>
	</value>
	</Operation>
	
	<!-- Outlander -->
	<!-- Outlander Raid; standard mix -->
	<Operation Class="PatchOperationAdd">
	<xpath>*/FactionDef[@Name="OutlanderFactionBase"]/pawnGroupMakers/li[1]/options</xpath>
	<value>
        <Meowstic_Villager>1</Meowstic_Villager>
        <Meowstic_Town_Guard>2</Meowstic_Town_Guard>
        <Meowstic_Grenadier_Destructive>0.3</Meowstic_Grenadier_Destructive>
		<Meowstic_Mercenary_Slasher>1.4</Meowstic_Mercenary_Slasher>
		<Meowstic_Mercenary_Gunner>2</Meowstic_Mercenary_Gunner>
		<Meowstic_Mercenary_Elite>2</Meowstic_Mercenary_Elite>
        <Meowstic_Town_Councilman>2</Meowstic_Town_Councilman>
	</value>
	</Operation>
	
	<!-- Outlander Peaceful -->
	<Operation Class="PatchOperationAdd">
	<xpath>*/FactionDef[@Name="OutlanderFactionBase"]/pawnGroupMakers/li[2]/options</xpath>
	<value>
        <Meowstic_Villager>4</Meowstic_Villager>
        <Meowstic_Town_Guard>2</Meowstic_Town_Guard>
        <Meowstic_Town_Councilman>2</Meowstic_Town_Councilman>
	</value>
	</Operation>

	<!-- Outlander Traders -->
	<Operation Class="PatchOperationAdd">
	<xpath>*/FactionDef[@Name="OutlanderFactionBase"]/pawnGroupMakers/li[3]/guards</xpath>
	<value>
        <Meowstic_Villager>0.6</Meowstic_Villager>
        <Meowstic_Town_Guard>2</Meowstic_Town_Guard>
        <Meowstic_Grenadier_Destructive>0.3</Meowstic_Grenadier_Destructive>
        <Meowstic_Mercenary_Slasher>1.4</Meowstic_Mercenary_Slasher>
        <Meowstic_Mercenary_Gunner>2</Meowstic_Mercenary_Gunner>
		<Meowstic_Mercenary_Elite>2</Meowstic_Mercenary_Elite>
	</value>
	</Operation>

	<Operation Class="PatchOperationAdd">
	<xpath>*/FactionDef[@Name="OutlanderFactionBase"]/pawnGroupMakers/li[3]/traders</xpath>
	<value>
        <Meowstic_Town_Trader>0.2</Meowstic_Town_Trader>
	</value>
	</Operation>

	<Operation Class="PatchOperationAdd">
	<xpath>*/FactionDef[@Name="OutlanderFactionBase"]/pawnGroupMakers/li[4]/options</xpath>
	<value>
		<Meowstic_Villager>2</Meowstic_Villager>
        <Meowstic_Town_Guard>2</Meowstic_Town_Guard>
        <Meowstic_Grenadier_Destructive>0.3</Meowstic_Grenadier_Destructive>
		<Meowstic_Mercenary_Slasher>1.4</Meowstic_Mercenary_Slasher>
        <Meowstic_Mercenary_Gunner>2</Meowstic_Mercenary_Gunner>
        <Meowstic_Mercenary_Elite>2</Meowstic_Mercenary_Elite>
        <Meowstic_Town_Councilman>2</Meowstic_Town_Councilman>
	</value>
	</Operation>

	<!-- Villager -->
	<!-- Villager Raid 1; 100 commonality, ranged with melee mix-ins -->
	<Operation Class="PatchOperationAdd">
	<xpath>*/FactionDef[@Name="TribeBase"]/pawnGroupMakers/li[1]/options</xpath>
	<value>
        <Meowstic_Tribal_Penitent>1</Meowstic_Tribal_Penitent>
        <Meowstic_Tribal_Warrior>1</Meowstic_Tribal_Warrior>
        <Meowstic_Tribal_Archer>2</Meowstic_Tribal_Archer>
        <Meowstic_Tribal_Hunter>2</Meowstic_Tribal_Hunter>
        <Meowstic_Tribal_HeavyArcher>2</Meowstic_Tribal_HeavyArcher>
        <Meowstic_Tribal_Berserker>1</Meowstic_Tribal_Berserker>
        <Meowstic_Tribal_ChiefRanged>0.6</Meowstic_Tribal_ChiefRanged>
        <Meowstic_Tribal_ChiefMelee>0.3</Meowstic_Tribal_ChiefMelee>
	</value>
	</Operation>

	<!-- Villager Raid 2; 60 commonality, ranged only -->
	<Operation Class="PatchOperationAdd">
	<xpath>*/FactionDef[@Name="TribeBase"]/pawnGroupMakers/li[2]/options</xpath>
	<value>
        <Meowstic_Tribal_Archer>2</Meowstic_Tribal_Archer>
        <Meowstic_Tribal_Hunter>2</Meowstic_Tribal_Hunter>
        <Meowstic_Tribal_HeavyArcher>2</Meowstic_Tribal_HeavyArcher>
        <Meowstic_Tribal_ChiefRanged>1</Meowstic_Tribal_ChiefRanged>
	</value>
	</Operation>

	<!-- Villager Raid 3; 60 commonality, melee only -->
	<Operation Class="PatchOperationAdd">
	<xpath>*/FactionDef[@Name="TribeBase"]/pawnGroupMakers/li[3]/options</xpath>
	<value>
        <Meowstic_Tribal_Penitent>2</Meowstic_Tribal_Penitent>
        <Meowstic_Tribal_Warrior>2</Meowstic_Tribal_Warrior>
        <Meowstic_Tribal_Berserker>2</Meowstic_Tribal_Berserker>
        <Meowstic_Tribal_ChiefMelee>1</Meowstic_Tribal_ChiefMelee>
	</value>
	</Operation>

	<!-- Villager Peaceful -->
	<Operation Class="PatchOperationAdd">
	<xpath>*/FactionDef[@Name="TribeBase"]/pawnGroupMakers/li[5]/options</xpath>
	<value>
        <Meowstic_Tribal_Warrior>4</Meowstic_Tribal_Warrior>
        <Meowstic_Tribal_Archer>2</Meowstic_Tribal_Archer>
        <Meowstic_Tribal_Hunter>2</Meowstic_Tribal_Hunter>
        <Meowstic_Tribal_HeavyArcher>2</Meowstic_Tribal_HeavyArcher>
        <Meowstic_Tribal_Berserker>1</Meowstic_Tribal_Berserker>
        <Meowstic_Tribal_ChiefRanged>0.6</Meowstic_Tribal_ChiefRanged>
        <Meowstic_Tribal_ChiefMelee>0.3</Meowstic_Tribal_ChiefMelee>
	</value>
	</Operation>

	<!-- Villager Traders -->
	<Operation Class="PatchOperationAdd">
	<xpath>*/FactionDef[@Name="TribeBase"]/pawnGroupMakers/li[6]/guards</xpath>
	<value>
        <Meowstic_Tribal_Warrior>1.4</Meowstic_Tribal_Warrior>
        <Meowstic_Tribal_Archer>2</Meowstic_Tribal_Archer>
        <Meowstic_Tribal_Hunter>2</Meowstic_Tribal_Hunter>
        <Meowstic_Tribal_HeavyArcher>2</Meowstic_Tribal_HeavyArcher>
        <Meowstic_Tribal_Berserker>1.4</Meowstic_Tribal_Berserker>
	</value>
	</Operation>

	<Operation Class="PatchOperationAdd">
	<xpath>*/FactionDef[@Name="TribeBase"]/pawnGroupMakers/li[6]/traders</xpath>
	<value>
        <Meowstic_Tribal_Trader>0.2</Meowstic_Tribal_Trader>
	</value>
	</Operation>

	<!-- Settlement -->

	<Operation Class="PatchOperationAdd">
	<xpath>*/FactionDef[@Name="TribeBase"]/pawnGroupMakers/li[7]/options</xpath>
	<value>
          <Meowstic_Tribal_Warrior>1.4</Meowstic_Tribal_Warrior>
          <Meowstic_Tribal_Archer>2</Meowstic_Tribal_Archer>
          <Meowstic_Tribal_Hunter>2</Meowstic_Tribal_Hunter>
          <Meowstic_Tribal_HeavyArcher>2</Meowstic_Tribal_HeavyArcher>
          <Meowstic_Tribal_Berserker>1.4</Meowstic_Tribal_Berserker>
          <Meowstic_Tribal_ChiefRanged>2</Meowstic_Tribal_ChiefRanged>
	</value>
	</Operation>

</Patch>