﻿<?xml version="1.0" encoding="utf-8"?>
<ModMetaData>
<name>Zoroark - Illusion Pokemon [1.4]</name>
<author>Yanzihko</author>
<packageId>yanzihko.ZIP</packageId>
<supportedVersions>
		<li>1.4</li>
</supportedVersions>
<description>
	
Zoroark is a race of adorable genetically engineered foxes with slightly enchanted mental capabilities and agility. Originally designed by conglomerate of megacorporations in their home system as an advertisment tool for products, and as entertainers for selected few. These creatures became highly popular among elites in all neighouring systems.

Support me at Boosty: https://boosty.to/yanzihko
</description>
	<modDependencies>
		<li>
			<packageId>erdelf.HumanoidAlienRaces</packageId>
			<displayName>Humanoid Alien Races 2.0</displayName>
			<steamWorkshopUrl>steam://url/CommunityFilePage/839005762</steamWorkshopUrl>
		</li>
		<li>
			<packageId>yanzihko.YZRCM</packageId>
			<displayName>Yanzihko's Races - Core Module [YZRCM][1.4]</displayName>
			<steamWorkshopUrl>steam://url/CommunityFilePage/3005787388</steamWorkshopUrl>
		</li>
	</modDependencies>
</ModMetaData>