﻿<?xml version="1.0" encoding="utf-8" ?>
<Defs>

<ThingDef ParentName="BaseMeleeWeapon_Sharp_Quality">
    <defName>MeleeWeapon_YanzArchotechBlade</defName>
    <label>Archoblade</label>
    <description>An extremely dangerous archotech blade. It creates a cutting edge from dense light that is able to cut through individual atoms. Weapon even bends dense light to make sure that it hits the target. In addition, cutting edge deals burning damage to enemies while weapon itself emmits EMP fiels with each hit.</description>
    <soundInteract>Interact_PlasmaSword</soundInteract>
    <meleeHitSound>MeleeHit_PlasmaSword</meleeHitSound>
    <equippedAngleOffset>0</equippedAngleOffset>
	<statBases>
	  <MarketValue>10000</MarketValue>
      <WorkToMake>100000</WorkToMake>
      <Mass>2</Mass>
      <AccuracyTouch>1</AccuracyTouch>
      <AccuracyShort>0.9</AccuracyShort>
      <AccuracyMedium>0.8</AccuracyMedium>
      <AccuracyLong>0.7</AccuracyLong>
      <RangedWeapon_Cooldown>2.00</RangedWeapon_Cooldown>
    </statBases>
    <recipeMaker>
      <researchPrerequisite>ArchoMilDesigns</researchPrerequisite>
      <skillRequirements>
        <Crafting>10</Crafting>
      </skillRequirements>
      <recipeUsers Inherit="False">
        <li>ArchotechStation</li>
      </recipeUsers>
	<workSpeedStat>GeneralLaborSpeed</workSpeedStat>
	<unfinishedThingDef>UnfinishedComponent</unfinishedThingDef>
    </recipeMaker>
    <costList>
		<BlockArchotech>100</BlockArchotech>
		<Archostrand>50</Archostrand>
		<ComponentArchotech>10</ComponentArchotech>
		<Femtomachinery>100</Femtomachinery>
		<Attomachinery>50</Attomachinery>
    </costList>
    <thingSetMakerTags>
      <li>RewardStandardLowFreq</li>
      <li>RewardStandardQualitySuper</li>
    </thingSetMakerTags>
    <relicChance>3</relicChance>
    <weaponClasses>
      <li>MeleePiercer</li>
    </weaponClasses>
    <graphicData>
      <texPath>Things/Weapons/archotech_blade</texPath>
      <graphicClass>Graphic_Single</graphicClass>
    </graphicData>
    <tools>
      <li>
        <label>Dense Light</label>
        <capacities>
          <li>Stab</li>
        </capacities>
        <power>50</power>
        <cooldownTime>1</cooldownTime>
        <extraMeleeDamages>
          <li>
            <def>Flame</def>
            <amount>25</amount>
          </li>
		  <li>
            <def>EMP</def>
            <amount>25</amount>
          </li>
        </extraMeleeDamages>
      </li>
    </tools>
  </ThingDef>

</Defs>