﻿<?xml version="1.0" encoding="utf-8" ?>
<Defs>


  <ThingDef ParentName="BaseHumanMakeableGun">
    <defName>Gun_YanzArchotechRifle</defName>
    <label>archotech rifle</label>
    <description>An extremely dangerous archotech rifle that releases a chain of shots with highly unstable plasma heated to several million degrees. While this rifle does not have any specialization and is very generic, it still outmaches even highly specialised glitterworld weaponary.</description>
    <techLevel>Spacer</techLevel>
    <graphicData>
      <texPath>Things/Weapons/archotech_rifle</texPath>
      <graphicClass>Graphic_Single</graphicClass>
    </graphicData>
    <soundInteract>Interact_ChargeRifle</soundInteract>
    <statBases>
	  <MarketValue>20000</MarketValue>
      <WorkToMake>100000</WorkToMake>
      <Mass>5</Mass>
      <AccuracyTouch>1</AccuracyTouch>
      <AccuracyShort>0.9</AccuracyShort>
      <AccuracyMedium>0.8</AccuracyMedium>
      <AccuracyLong>0.7</AccuracyLong>
      <RangedWeapon_Cooldown>2.00</RangedWeapon_Cooldown>
    </statBases>
    <recipeMaker>
      <researchPrerequisite>ArchoMilDesigns</researchPrerequisite>
      <skillRequirements>
        <Crafting>10</Crafting>
      </skillRequirements>
      <recipeUsers Inherit="False">
        <li>ArchotechStation</li>
      </recipeUsers>
    </recipeMaker>
    <costList>
		<BlockArchotech>100</BlockArchotech>
		<Archostrand>50</Archostrand>
		<ComponentArchotech>10</ComponentArchotech>
		<Femtomachinery>100</Femtomachinery>
		<Attomachinery>50</Attomachinery>
    </costList>
    <thingSetMakerTags>
      <li>RewardStandardLowFreq</li>
      <li>RewardStandardQualitySuper</li>
    </thingSetMakerTags>
    <weaponTags>
      <li>ArchotechMilitary</li>
    </weaponTags>
    <weaponClasses>
      <li>RangedLight</li>
    </weaponClasses>
    <verbs>
      <li>
        <verbClass>Verb_Shoot</verbClass>
        <hasStandardCommand>true</hasStandardCommand>
        <defaultProjectile>Bullet_YanzArchotechRifle</defaultProjectile>
        <warmupTime>1.0</warmupTime>
        <range>40</range>
        <ticksBetweenBurstShots>6</ticksBetweenBurstShots>
        <burstShotCount>20</burstShotCount>
        <soundCast>Shot_ChargeRifle</soundCast>
        <soundCastTail>GunTail_Medium</soundCastTail>
        <muzzleFlashScale>9</muzzleFlashScale>
      </li>
    </verbs>
    <tools>
      <li>
        <label>stock</label>
        <capacities>
          <li>Blunt</li>
        </capacities>
        <power>10</power>
        <cooldownTime>2</cooldownTime>
      </li>
      <li>
        <label>barrel</label>
        <capacities>
          <li>Blunt</li>
          <li>Poke</li>
        </capacities>
        <power>10</power>
        <cooldownTime>2</cooldownTime>
      </li>
    </tools>
  </ThingDef>
  <ThingDef ParentName="BaseBullet">
    <defName>Bullet_YanzArchotechRifle</defName>
    <label>charge shot</label>
    <graphicData>
      <texPath>Things/Weapons/archotech_projective</texPath>
      <graphicClass>Graphic_Single</graphicClass>
    </graphicData>
    <projectile>
      <damageDef>Bullet</damageDef>
      <damageAmountBase>30</damageAmountBase>
      <armorPenetrationBase>1</armorPenetrationBase>
      <speed>100</speed>
    </projectile>
  </ThingDef>
  
    <ThingDef ParentName="BaseHumanMakeableGun">
    <defName>Gun_YanzArchotechRifleBlunt</defName>
    <label>archotech supression rifle</label>
    <description>Archotech rifle that releases a chain of projectives with attomachinery that deals small amount of damage to the target. Main purpose of this weapon is to cause maximum pain and blunt damage without killing the target. Best used in group</description>
    <techLevel>Spacer</techLevel>
    <graphicData>
      <texPath>Things/Weapons/archotech_rifleblunt</texPath>
      <graphicClass>Graphic_Single</graphicClass>
    </graphicData>
    <soundInteract>Interact_ChargeRifle</soundInteract>
    <statBases>
	  <MarketValue>10000</MarketValue>
      <WorkToMake>100000</WorkToMake>
      <Mass>5</Mass>
      <AccuracyTouch>1</AccuracyTouch>
      <AccuracyShort>0.9</AccuracyShort>
      <AccuracyMedium>0.8</AccuracyMedium>
      <AccuracyLong>0.7</AccuracyLong>
      <RangedWeapon_Cooldown>2.00</RangedWeapon_Cooldown>
    </statBases>
    <recipeMaker>
      <researchPrerequisite>ArchoMilDesigns</researchPrerequisite>
      <skillRequirements>
        <Crafting>10</Crafting>
      </skillRequirements>
      <recipeUsers Inherit="False">
        <li>ArchotechStation</li>
      </recipeUsers>
    </recipeMaker>
    <costList>
		<BlockArchotech>100</BlockArchotech>
		<Archostrand>50</Archostrand>
		<ComponentArchotech>10</ComponentArchotech>
		<Femtomachinery>100</Femtomachinery>
		<Attomachinery>50</Attomachinery>
    </costList>
    <thingSetMakerTags>
      <li>RewardStandardLowFreq</li>
      <li>RewardStandardQualitySuper</li>
    </thingSetMakerTags>
    <weaponTags>
      <li>ArchotechMilitary</li>
    </weaponTags>
    <weaponClasses>
      <li>RangedLight</li>
    </weaponClasses>
    <verbs>
      <li>
        <verbClass>Verb_Shoot</verbClass>
        <hasStandardCommand>true</hasStandardCommand>
        <defaultProjectile>Bullet_YanzArchotechRifleBlunt</defaultProjectile>
        <warmupTime>1.0</warmupTime>
        <range>30</range>
        <ticksBetweenBurstShots>3</ticksBetweenBurstShots>
        <burstShotCount>30</burstShotCount>
        <soundCast>Shot_ChargeRifle</soundCast>
        <soundCastTail>GunTail_Medium</soundCastTail>
        <muzzleFlashScale>9</muzzleFlashScale>
      </li>
    </verbs>
    <tools>
      <li>
        <label>stock</label>
        <capacities>
          <li>Blunt</li>
        </capacities>
        <power>10</power>
        <cooldownTime>2</cooldownTime>
      </li>
      <li>
        <label>barrel</label>
        <capacities>
          <li>Blunt</li>
          <li>Poke</li>
        </capacities>
        <power>10</power>
        <cooldownTime>2</cooldownTime>
      </li>
    </tools>
  </ThingDef>
  <ThingDef ParentName="BaseBullet">
    <defName>Bullet_YanzArchotechRifleBlunt</defName>
    <label>charge shot</label>
    <graphicData>
      <texPath>Things/Weapons/archotech_projectiveblunt</texPath>
      <graphicClass>Graphic_Single</graphicClass>
    </graphicData>
    <projectile>
      <damageDef>Blunt</damageDef>
      <damageAmountBase>1</damageAmountBase>
      <armorPenetrationBase>1</armorPenetrationBase>
      <speed>100</speed>
    </projectile>
  </ThingDef>

</Defs>