<?xml version="1.0" encoding="utf-8" ?>
<!-- These patches adds Icephox PawnKinds to all base game encounters, 
	 with 20% of the weighting of the equivalent Human PawnKinds -->

<Patch>
	<!-- Pirates -->
	<!-- Pirate raid 1; 100 commonality, ranged with melee mix-ins -->
	<Operation Class="PatchOperationAdd">
	<xpath>*/FactionDef[defName="Pirate"]/pawnGroupMakers/li[1]/options</xpath>
	<value>
        <Icephox_Drifter>2</Icephox_Drifter>
		<Icephox_Thrasher>0.6</Icephox_Thrasher>
        <Icephox_Scavenger>2</Icephox_Scavenger>
        <Icephox_Pirate>2</Icephox_Pirate>
        <Icephox_Grenadier_EMP>0.1</Icephox_Grenadier_EMP>
        <Icephox_Grenadier_Destructive>0.4</Icephox_Grenadier_Destructive>
        <Icephox_Mercenary_Gunner>2</Icephox_Mercenary_Gunner>
        <Icephox_Mercenary_Heavy>1.2</Icephox_Mercenary_Heavy>
        <Icephox_Mercenary_Slasher>0.6</Icephox_Mercenary_Slasher>
        <Icephox_Mercenary_Sniper>1.4</Icephox_Mercenary_Sniper>
        <Icephox_Mercenary_Elite>2</Icephox_Mercenary_Elite>
        <Icephox_PirateBoss>1</Icephox_PirateBoss>
	</value>
	</Operation>

	<!-- Pirate raid 2; 30 commonality, melee only -->
	<Operation Class="PatchOperationAdd">
	<xpath>*/FactionDef[defName="Pirate"]/pawnGroupMakers/li[2]/options</xpath>
	<value>
        <Icephox_Thrasher>2</Icephox_Thrasher>
        <Icephox_Mercenary_Slasher>2</Icephox_Mercenary_Slasher>
        <Icephox_PirateBoss>1</Icephox_PirateBoss>
	</value>
	</Operation>

	<!-- Pirate raid 3; 20 commonality, ranged only -->
	<Operation Class="PatchOperationAdd">
	<xpath>*/FactionDef[defName="Pirate"]/pawnGroupMakers/li[3]/options</xpath>
	<value>
		<Icephox_Scavenger>2.0</Icephox_Scavenger>
		<Icephox_Pirate>2.0</Icephox_Pirate>
		<Icephox_Grenadier_EMP>0.05</Icephox_Grenadier_EMP>
		<Icephox_Grenadier_Smoke>0.05</Icephox_Grenadier_Smoke>
		<Icephox_Grenadier_Destructive>0.4</Icephox_Grenadier_Destructive>
		<Icephox_Mercenary_Gunner>2.0</Icephox_Mercenary_Gunner>
		<Icephox_Mercenary_Heavy>1.2</Icephox_Mercenary_Heavy>
		<Icephox_Mercenary_Sniper>1.4</Icephox_Mercenary_Sniper>
		<Icephox_Mercenary_Elite>2.0</Icephox_Mercenary_Elite>
		<Icephox_PirateBoss>1.0</Icephox_PirateBoss>
	</value>
	</Operation>

	<!-- Pirate raid 4; 15 commonality, explosives with ranged mix-ins -->
	<Operation Class="PatchOperationAdd">
	<xpath>*/FactionDef[defName="Pirate"]/pawnGroupMakers/li[4]/options</xpath>
	<value>
        <Icephox_Grenadier_EMP>0.2</Icephox_Grenadier_EMP>
        <Icephox_Grenadier_Destructive>2</Icephox_Grenadier_Destructive>
        <Icephox_Mercenary_Gunner>0.2</Icephox_Mercenary_Gunner>
        <Icephox_Mercenary_Heavy>2</Icephox_Mercenary_Heavy>
        <Icephox_Mercenary_Elite>0.2</Icephox_Mercenary_Elite>
        <Icephox_PirateBoss>0.2</Icephox_PirateBoss>
	</value>
	</Operation>

	<!-- Pirate raid 5; 10 commonality, snipers only -->
	<Operation Class="PatchOperationAdd">
	<xpath>*/FactionDef[defName="Pirate"]/pawnGroupMakers/li[5]/options</xpath>
	<value>
        <Icephox_Mercenary_Sniper>2</Icephox_Mercenary_Sniper>
	</value>
	</Operation>

	<!-- Pirate raid 6; 2.5 commonality, drifters only -->
	<Operation Class="PatchOperationAdd">
	<xpath>*/FactionDef[defName="Pirate"]/pawnGroupMakers/li[6]/options</xpath>
	<value>
        <Icephox_Drifter>2</Icephox_Drifter>
	</value>
	</Operation>

	<!-- Pirate Settlement; mainly ranged with melee mix-ins -->
	<Operation Class="PatchOperationAdd">
	<xpath>*/FactionDef[defName="Pirate"]/pawnGroupMakers/li[7]/options</xpath>
	<value>
        <Icephox_Thrasher>0.6</Icephox_Thrasher>
        <Icephox_Pirate>2</Icephox_Pirate>
        <Icephox_Grenadier_Destructive>0.4</Icephox_Grenadier_Destructive>
		<Icephox_Mercenary_Slasher>0.6</Icephox_Mercenary_Slasher>
		<Icephox_Mercenary_Sniper>2</Icephox_Mercenary_Sniper>
		<Icephox_Mercenary_Gunner>2</Icephox_Mercenary_Gunner>
		<Icephox_Mercenary_Elite>2</Icephox_Mercenary_Elite>
        <Icephox_PirateBoss>2</Icephox_PirateBoss>
	</value>
	</Operation>
	
	<!-- Outlander -->
	<!-- Outlander Raid; standard mix -->
	<Operation Class="PatchOperationAdd">
	<xpath>*/FactionDef[@Name="OutlanderFactionBase"]/pawnGroupMakers/li[1]/options</xpath>
	<value>
        <Icephox_Villager>1</Icephox_Villager>
        <Icephox_Town_Guard>2</Icephox_Town_Guard>
        <Icephox_Grenadier_Destructive>0.3</Icephox_Grenadier_Destructive>
		<Icephox_Mercenary_Slasher>1.4</Icephox_Mercenary_Slasher>
		<Icephox_Mercenary_Gunner>2</Icephox_Mercenary_Gunner>
		<Icephox_Mercenary_Elite>2</Icephox_Mercenary_Elite>
        <Icephox_Town_Councilman>2</Icephox_Town_Councilman>
	</value>
	</Operation>
	
	<!-- Outlander Peaceful -->
	<Operation Class="PatchOperationAdd">
	<xpath>*/FactionDef[@Name="OutlanderFactionBase"]/pawnGroupMakers/li[2]/options</xpath>
	<value>
        <Icephox_Villager>4</Icephox_Villager>
        <Icephox_Town_Guard>2</Icephox_Town_Guard>
        <Icephox_Town_Councilman>2</Icephox_Town_Councilman>
	</value>
	</Operation>

	<!-- Outlander Traders -->
	<Operation Class="PatchOperationAdd">
	<xpath>*/FactionDef[@Name="OutlanderFactionBase"]/pawnGroupMakers/li[3]/guards</xpath>
	<value>
        <Icephox_Villager>0.6</Icephox_Villager>
        <Icephox_Town_Guard>2</Icephox_Town_Guard>
        <Icephox_Grenadier_Destructive>0.3</Icephox_Grenadier_Destructive>
        <Icephox_Mercenary_Slasher>1.4</Icephox_Mercenary_Slasher>
        <Icephox_Mercenary_Gunner>2</Icephox_Mercenary_Gunner>
		<Icephox_Mercenary_Elite>2</Icephox_Mercenary_Elite>
	</value>
	</Operation>

	<Operation Class="PatchOperationAdd">
	<xpath>*/FactionDef[@Name="OutlanderFactionBase"]/pawnGroupMakers/li[3]/traders</xpath>
	<value>
        <Icephox_Town_Trader>0.2</Icephox_Town_Trader>
	</value>
	</Operation>

	<Operation Class="PatchOperationAdd">
	<xpath>*/FactionDef[@Name="OutlanderFactionBase"]/pawnGroupMakers/li[4]/options</xpath>
	<value>
		<Icephox_Villager>2</Icephox_Villager>
        <Icephox_Town_Guard>2</Icephox_Town_Guard>
        <Icephox_Grenadier_Destructive>0.3</Icephox_Grenadier_Destructive>
		<Icephox_Mercenary_Slasher>1.4</Icephox_Mercenary_Slasher>
        <Icephox_Mercenary_Gunner>2</Icephox_Mercenary_Gunner>
        <Icephox_Mercenary_Elite>2</Icephox_Mercenary_Elite>
        <Icephox_Town_Councilman>2</Icephox_Town_Councilman>
	</value>
	</Operation>

	<!-- Villager -->
	<!-- Villager Raid 1; 100 commonality, ranged with melee mix-ins -->
	<Operation Class="PatchOperationAdd">
	<xpath>*/FactionDef[@Name="TribeBase"]/pawnGroupMakers/li[1]/options</xpath>
	<value>
        <Icephox_Tribal_Penitent>1</Icephox_Tribal_Penitent>
        <Icephox_Tribal_Warrior>1</Icephox_Tribal_Warrior>
        <Icephox_Tribal_Archer>2</Icephox_Tribal_Archer>
        <Icephox_Tribal_Hunter>2</Icephox_Tribal_Hunter>
        <Icephox_Tribal_HeavyArcher>2</Icephox_Tribal_HeavyArcher>
        <Icephox_Tribal_Berserker>1</Icephox_Tribal_Berserker>
        <Icephox_Tribal_ChiefRanged>0.6</Icephox_Tribal_ChiefRanged>
        <Icephox_Tribal_ChiefMelee>0.3</Icephox_Tribal_ChiefMelee>
	</value>
	</Operation>

	<!-- Villager Raid 2; 60 commonality, ranged only -->
	<Operation Class="PatchOperationAdd">
	<xpath>*/FactionDef[@Name="TribeBase"]/pawnGroupMakers/li[2]/options</xpath>
	<value>
        <Icephox_Tribal_Archer>2</Icephox_Tribal_Archer>
        <Icephox_Tribal_Hunter>2</Icephox_Tribal_Hunter>
        <Icephox_Tribal_HeavyArcher>2</Icephox_Tribal_HeavyArcher>
        <Icephox_Tribal_ChiefRanged>1</Icephox_Tribal_ChiefRanged>
	</value>
	</Operation>

	<!-- Villager Raid 3; 60 commonality, melee only -->
	<Operation Class="PatchOperationAdd">
	<xpath>*/FactionDef[@Name="TribeBase"]/pawnGroupMakers/li[3]/options</xpath>
	<value>
        <Icephox_Tribal_Penitent>2</Icephox_Tribal_Penitent>
        <Icephox_Tribal_Warrior>2</Icephox_Tribal_Warrior>
        <Icephox_Tribal_Berserker>2</Icephox_Tribal_Berserker>
        <Icephox_Tribal_ChiefMelee>1</Icephox_Tribal_ChiefMelee>
	</value>
	</Operation>

	<!-- Villager Peaceful -->
	<Operation Class="PatchOperationAdd">
	<xpath>*/FactionDef[@Name="TribeBase"]/pawnGroupMakers/li[5]/options</xpath>
	<value>
        <Icephox_Tribal_Warrior>4</Icephox_Tribal_Warrior>
        <Icephox_Tribal_Archer>2</Icephox_Tribal_Archer>
        <Icephox_Tribal_Hunter>2</Icephox_Tribal_Hunter>
        <Icephox_Tribal_HeavyArcher>2</Icephox_Tribal_HeavyArcher>
        <Icephox_Tribal_Berserker>1</Icephox_Tribal_Berserker>
        <Icephox_Tribal_ChiefRanged>0.6</Icephox_Tribal_ChiefRanged>
        <Icephox_Tribal_ChiefMelee>0.3</Icephox_Tribal_ChiefMelee>
	</value>
	</Operation>

	<!-- Villager Traders -->
	<Operation Class="PatchOperationAdd">
	<xpath>*/FactionDef[@Name="TribeBase"]/pawnGroupMakers/li[6]/guards</xpath>
	<value>
        <Icephox_Tribal_Warrior>1.4</Icephox_Tribal_Warrior>
        <Icephox_Tribal_Archer>2</Icephox_Tribal_Archer>
        <Icephox_Tribal_Hunter>2</Icephox_Tribal_Hunter>
        <Icephox_Tribal_HeavyArcher>2</Icephox_Tribal_HeavyArcher>
        <Icephox_Tribal_Berserker>1.4</Icephox_Tribal_Berserker>
	</value>
	</Operation>

	<Operation Class="PatchOperationAdd">
	<xpath>*/FactionDef[@Name="TribeBase"]/pawnGroupMakers/li[6]/traders</xpath>
	<value>
        <Icephox_Tribal_Trader>0.2</Icephox_Tribal_Trader>
	</value>
	</Operation>

	<!-- Settlement -->

	<Operation Class="PatchOperationAdd">
	<xpath>*/FactionDef[@Name="TribeBase"]/pawnGroupMakers/li[7]/options</xpath>
	<value>
          <Icephox_Tribal_Warrior>1.4</Icephox_Tribal_Warrior>
          <Icephox_Tribal_Archer>2</Icephox_Tribal_Archer>
          <Icephox_Tribal_Hunter>2</Icephox_Tribal_Hunter>
          <Icephox_Tribal_HeavyArcher>2</Icephox_Tribal_HeavyArcher>
          <Icephox_Tribal_Berserker>1.4</Icephox_Tribal_Berserker>
          <Icephox_Tribal_ChiefRanged>2</Icephox_Tribal_ChiefRanged>
	</value>
	</Operation>

</Patch>