<?xml version="1.0" encoding="utf-8" ?>
<!-- These patches adds Espeon PawnKinds to all base game encounters, 
	 with 20% of the weighting of the equivalent Human PawnKinds -->

<Patch>
	<!-- Pirates -->
	<!-- Pirate raid 1; 100 commonality, ranged with melee mix-ins -->
	<Operation Class="PatchOperationAdd">
	<xpath>*/FactionDef[defName="Pirate"]/pawnGroupMakers/li[1]/options</xpath>
	<value>
        <Espeon_Drifter>2</Espeon_Drifter>
		<Espeon_Thrasher>0.6</Espeon_Thrasher>
        <Espeon_Scavenger>2</Espeon_Scavenger>
        <Espeon_Pirate>2</Espeon_Pirate>
        <Espeon_Grenadier_EMP>0.1</Espeon_Grenadier_EMP>
        <Espeon_Grenadier_Destructive>0.4</Espeon_Grenadier_Destructive>
        <Espeon_Mercenary_Gunner>2</Espeon_Mercenary_Gunner>
        <Espeon_Mercenary_Heavy>1.2</Espeon_Mercenary_Heavy>
        <Espeon_Mercenary_Slasher>0.6</Espeon_Mercenary_Slasher>
        <Espeon_Mercenary_Sniper>1.4</Espeon_Mercenary_Sniper>
        <Espeon_Mercenary_Elite>2</Espeon_Mercenary_Elite>
        <Espeon_PirateBoss>1</Espeon_PirateBoss>
	</value>
	</Operation>

	<!-- Pirate raid 2; 30 commonality, melee only -->
	<Operation Class="PatchOperationAdd">
	<xpath>*/FactionDef[defName="Pirate"]/pawnGroupMakers/li[2]/options</xpath>
	<value>
        <Espeon_Thrasher>2</Espeon_Thrasher>
        <Espeon_Mercenary_Slasher>2</Espeon_Mercenary_Slasher>
        <Espeon_PirateBoss>1</Espeon_PirateBoss>
	</value>
	</Operation>

	<!-- Pirate raid 3; 20 commonality, ranged only -->
	<Operation Class="PatchOperationAdd">
	<xpath>*/FactionDef[defName="Pirate"]/pawnGroupMakers/li[3]/options</xpath>
	<value>
		<Espeon_Scavenger>2.0</Espeon_Scavenger>
		<Espeon_Pirate>2.0</Espeon_Pirate>
		<Espeon_Grenadier_EMP>0.05</Espeon_Grenadier_EMP>
		<Espeon_Grenadier_Smoke>0.05</Espeon_Grenadier_Smoke>
		<Espeon_Grenadier_Destructive>0.4</Espeon_Grenadier_Destructive>
		<Espeon_Mercenary_Gunner>2.0</Espeon_Mercenary_Gunner>
		<Espeon_Mercenary_Heavy>1.2</Espeon_Mercenary_Heavy>
		<Espeon_Mercenary_Sniper>1.4</Espeon_Mercenary_Sniper>
		<Espeon_Mercenary_Elite>2.0</Espeon_Mercenary_Elite>
		<Espeon_PirateBoss>1.0</Espeon_PirateBoss>
	</value>
	</Operation>

	<!-- Pirate raid 4; 15 commonality, explosives with ranged mix-ins -->
	<Operation Class="PatchOperationAdd">
	<xpath>*/FactionDef[defName="Pirate"]/pawnGroupMakers/li[4]/options</xpath>
	<value>
        <Espeon_Grenadier_EMP>0.2</Espeon_Grenadier_EMP>
        <Espeon_Grenadier_Destructive>2</Espeon_Grenadier_Destructive>
        <Espeon_Mercenary_Gunner>0.2</Espeon_Mercenary_Gunner>
        <Espeon_Mercenary_Heavy>2</Espeon_Mercenary_Heavy>
        <Espeon_Mercenary_Elite>0.2</Espeon_Mercenary_Elite>
        <Espeon_PirateBoss>0.2</Espeon_PirateBoss>
	</value>
	</Operation>

	<!-- Pirate raid 5; 10 commonality, snipers only -->
	<Operation Class="PatchOperationAdd">
	<xpath>*/FactionDef[defName="Pirate"]/pawnGroupMakers/li[5]/options</xpath>
	<value>
        <Espeon_Mercenary_Sniper>2</Espeon_Mercenary_Sniper>
	</value>
	</Operation>

	<!-- Pirate raid 6; 2.5 commonality, drifters only -->
	<Operation Class="PatchOperationAdd">
	<xpath>*/FactionDef[defName="Pirate"]/pawnGroupMakers/li[6]/options</xpath>
	<value>
        <Espeon_Drifter>2</Espeon_Drifter>
	</value>
	</Operation>

	<!-- Pirate Settlement; mainly ranged with melee mix-ins -->
	<Operation Class="PatchOperationAdd">
	<xpath>*/FactionDef[defName="Pirate"]/pawnGroupMakers/li[7]/options</xpath>
	<value>
        <Espeon_Thrasher>0.6</Espeon_Thrasher>
        <Espeon_Pirate>2</Espeon_Pirate>
        <Espeon_Grenadier_Destructive>0.4</Espeon_Grenadier_Destructive>
		<Espeon_Mercenary_Slasher>0.6</Espeon_Mercenary_Slasher>
		<Espeon_Mercenary_Sniper>2</Espeon_Mercenary_Sniper>
		<Espeon_Mercenary_Gunner>2</Espeon_Mercenary_Gunner>
		<Espeon_Mercenary_Elite>2</Espeon_Mercenary_Elite>
        <Espeon_PirateBoss>2</Espeon_PirateBoss>
	</value>
	</Operation>
	
	<!-- Outlander -->
	<!-- Outlander Raid; standard mix -->
	<Operation Class="PatchOperationAdd">
	<xpath>*/FactionDef[@Name="OutlanderFactionBase"]/pawnGroupMakers/li[1]/options</xpath>
	<value>
        <Espeon_Villager>1</Espeon_Villager>
        <Espeon_Town_Guard>2</Espeon_Town_Guard>
        <Espeon_Grenadier_Destructive>0.3</Espeon_Grenadier_Destructive>
		<Espeon_Mercenary_Slasher>1.4</Espeon_Mercenary_Slasher>
		<Espeon_Mercenary_Gunner>2</Espeon_Mercenary_Gunner>
		<Espeon_Mercenary_Elite>2</Espeon_Mercenary_Elite>
        <Espeon_Town_Councilman>2</Espeon_Town_Councilman>
	</value>
	</Operation>
	
	<!-- Outlander Peaceful -->
	<Operation Class="PatchOperationAdd">
	<xpath>*/FactionDef[@Name="OutlanderFactionBase"]/pawnGroupMakers/li[2]/options</xpath>
	<value>
        <Espeon_Villager>4</Espeon_Villager>
        <Espeon_Town_Guard>2</Espeon_Town_Guard>
        <Espeon_Town_Councilman>2</Espeon_Town_Councilman>
	</value>
	</Operation>

	<!-- Outlander Traders -->
	<Operation Class="PatchOperationAdd">
	<xpath>*/FactionDef[@Name="OutlanderFactionBase"]/pawnGroupMakers/li[3]/guards</xpath>
	<value>
        <Espeon_Villager>0.6</Espeon_Villager>
        <Espeon_Town_Guard>2</Espeon_Town_Guard>
        <Espeon_Grenadier_Destructive>0.3</Espeon_Grenadier_Destructive>
        <Espeon_Mercenary_Slasher>1.4</Espeon_Mercenary_Slasher>
        <Espeon_Mercenary_Gunner>2</Espeon_Mercenary_Gunner>
		<Espeon_Mercenary_Elite>2</Espeon_Mercenary_Elite>
	</value>
	</Operation>

	<Operation Class="PatchOperationAdd">
	<xpath>*/FactionDef[@Name="OutlanderFactionBase"]/pawnGroupMakers/li[3]/traders</xpath>
	<value>
        <Espeon_Town_Trader>0.2</Espeon_Town_Trader>
	</value>
	</Operation>

	<Operation Class="PatchOperationAdd">
	<xpath>*/FactionDef[@Name="OutlanderFactionBase"]/pawnGroupMakers/li[4]/options</xpath>
	<value>
		<Espeon_Villager>2</Espeon_Villager>
        <Espeon_Town_Guard>2</Espeon_Town_Guard>
        <Espeon_Grenadier_Destructive>0.3</Espeon_Grenadier_Destructive>
		<Espeon_Mercenary_Slasher>1.4</Espeon_Mercenary_Slasher>
        <Espeon_Mercenary_Gunner>2</Espeon_Mercenary_Gunner>
        <Espeon_Mercenary_Elite>2</Espeon_Mercenary_Elite>
        <Espeon_Town_Councilman>2</Espeon_Town_Councilman>
	</value>
	</Operation>

	<!-- Villager -->
	<!-- Villager Raid 1; 100 commonality, ranged with melee mix-ins -->
	<Operation Class="PatchOperationAdd">
	<xpath>*/FactionDef[@Name="TribeBase"]/pawnGroupMakers/li[1]/options</xpath>
	<value>
        <Espeon_Tribal_Penitent>1</Espeon_Tribal_Penitent>
        <Espeon_Tribal_Warrior>1</Espeon_Tribal_Warrior>
        <Espeon_Tribal_Archer>2</Espeon_Tribal_Archer>
        <Espeon_Tribal_Hunter>2</Espeon_Tribal_Hunter>
        <Espeon_Tribal_HeavyArcher>2</Espeon_Tribal_HeavyArcher>
        <Espeon_Tribal_Berserker>1</Espeon_Tribal_Berserker>
        <Espeon_Tribal_ChiefRanged>0.6</Espeon_Tribal_ChiefRanged>
        <Espeon_Tribal_ChiefMelee>0.3</Espeon_Tribal_ChiefMelee>
	</value>
	</Operation>

	<!-- Villager Raid 2; 60 commonality, ranged only -->
	<Operation Class="PatchOperationAdd">
	<xpath>*/FactionDef[@Name="TribeBase"]/pawnGroupMakers/li[2]/options</xpath>
	<value>
        <Espeon_Tribal_Archer>2</Espeon_Tribal_Archer>
        <Espeon_Tribal_Hunter>2</Espeon_Tribal_Hunter>
        <Espeon_Tribal_HeavyArcher>2</Espeon_Tribal_HeavyArcher>
        <Espeon_Tribal_ChiefRanged>1</Espeon_Tribal_ChiefRanged>
	</value>
	</Operation>

	<!-- Villager Raid 3; 60 commonality, melee only -->
	<Operation Class="PatchOperationAdd">
	<xpath>*/FactionDef[@Name="TribeBase"]/pawnGroupMakers/li[3]/options</xpath>
	<value>
        <Espeon_Tribal_Penitent>2</Espeon_Tribal_Penitent>
        <Espeon_Tribal_Warrior>2</Espeon_Tribal_Warrior>
        <Espeon_Tribal_Berserker>2</Espeon_Tribal_Berserker>
        <Espeon_Tribal_ChiefMelee>1</Espeon_Tribal_ChiefMelee>
	</value>
	</Operation>

	<!-- Villager Peaceful -->
	<Operation Class="PatchOperationAdd">
	<xpath>*/FactionDef[@Name="TribeBase"]/pawnGroupMakers/li[5]/options</xpath>
	<value>
        <Espeon_Tribal_Warrior>4</Espeon_Tribal_Warrior>
        <Espeon_Tribal_Archer>2</Espeon_Tribal_Archer>
        <Espeon_Tribal_Hunter>2</Espeon_Tribal_Hunter>
        <Espeon_Tribal_HeavyArcher>2</Espeon_Tribal_HeavyArcher>
        <Espeon_Tribal_Berserker>1</Espeon_Tribal_Berserker>
        <Espeon_Tribal_ChiefRanged>0.6</Espeon_Tribal_ChiefRanged>
        <Espeon_Tribal_ChiefMelee>0.3</Espeon_Tribal_ChiefMelee>
	</value>
	</Operation>

	<!-- Villager Traders -->
	<Operation Class="PatchOperationAdd">
	<xpath>*/FactionDef[@Name="TribeBase"]/pawnGroupMakers/li[6]/guards</xpath>
	<value>
        <Espeon_Tribal_Warrior>1.4</Espeon_Tribal_Warrior>
        <Espeon_Tribal_Archer>2</Espeon_Tribal_Archer>
        <Espeon_Tribal_Hunter>2</Espeon_Tribal_Hunter>
        <Espeon_Tribal_HeavyArcher>2</Espeon_Tribal_HeavyArcher>
        <Espeon_Tribal_Berserker>1.4</Espeon_Tribal_Berserker>
	</value>
	</Operation>

	<Operation Class="PatchOperationAdd">
	<xpath>*/FactionDef[@Name="TribeBase"]/pawnGroupMakers/li[6]/traders</xpath>
	<value>
        <Espeon_Tribal_Trader>0.2</Espeon_Tribal_Trader>
	</value>
	</Operation>

	<!-- Settlement -->

	<Operation Class="PatchOperationAdd">
	<xpath>*/FactionDef[@Name="TribeBase"]/pawnGroupMakers/li[7]/options</xpath>
	<value>
          <Espeon_Tribal_Warrior>1.4</Espeon_Tribal_Warrior>
          <Espeon_Tribal_Archer>2</Espeon_Tribal_Archer>
          <Espeon_Tribal_Hunter>2</Espeon_Tribal_Hunter>
          <Espeon_Tribal_HeavyArcher>2</Espeon_Tribal_HeavyArcher>
          <Espeon_Tribal_Berserker>1.4</Espeon_Tribal_Berserker>
          <Espeon_Tribal_ChiefRanged>2</Espeon_Tribal_ChiefRanged>
	</value>
	</Operation>

</Patch>