<?xml version="1.0" encoding="utf-8"?>
<Defs>
<TraitDef>
    <defName>FFR_Cheetah</defName>
    <commonality>0.000001</commonality>
    <degreeDatas>
      <li>
        <label>Cheetah</label>
		<description>{PAWN_nameDef} is a Cheetah. {PAWN_nameDef} is a great runner with a sharp sight. However, just like most Feline species, {PAWN_pronoun} is not a very Social being.</description>
		<statOffsets>
			<MeleeDodgeChance>0.25</MeleeDodgeChance>
			<ShootingAccuracyPawn>0.25</ShootingAccuracyPawn>
			<TradePriceImprovement>-0.25</TradePriceImprovement>
			<SocialImpact>-0.25</SocialImpact>
		</statOffsets>
		<skillGains>
			<li>
				<key>Shooting</key>
				<value>5</value>
			</li>
			<li>
				<key>Animals</key>
				<value>3</value>
			</li>
			<li>
				<key>Social</key>
				<value>-5</value>
			</li>
        </skillGains>
      </li>
    </degreeDatas>
</TraitDef>
<TraitDef>
    <defName>FFR_Leo</defName>
    <commonality>0.000001</commonality>
    <degreeDatas>
      <li>
        <label>Leo</label>
		<description>{PAWN_nameDef} is a Leo. {PAWN_nameDef} is a great natural predator with sharp sight and is rather Social, compared to other Feline species.</description>
		<statOffsets>
			<ShootingAccuracyPawn>0.25</ShootingAccuracyPawn>
		</statOffsets>
		<skillGains>
			<li>
				<key>Melee</key>
				<value>3</value>
			</li>
			<li>
				<key>Animals</key>
				<value>3</value>
			</li>
			<li>
				<key>Shooting</key>
				<value>2</value>
			</li>
			<li>
				<key>Social</key>
				<value>2</value>
			</li>
        </skillGains>
      </li>
    </degreeDatas>
</TraitDef>
<TraitDef>
    <defName>FFR_Jaguar</defName>
    <commonality>0.000001</commonality>
    <degreeDatas>
      <li>
        <label>Jaguar</label>
		<description>{PAWN_nameDef} is a Jaguar. {PAWN_nameDef} is a great natural predator with sharp sight. However, just like most Feline species, {PAWN_pronoun} is not a very Social being.</description>
		<statOffsets>
			<ShootingAccuracyPawn>0.25</ShootingAccuracyPawn>
			<TradePriceImprovement>-0.25</TradePriceImprovement>
			<SocialImpact>-0.25</SocialImpact>
		</statOffsets>
		<skillGains>
			<li>
				<key>Melee</key>
				<value>3</value>
			</li>
			<li>
				<key>Animals</key>
				<value>3</value>
			</li>
			<li>
				<key>Shooting</key>
				<value>2</value>
			</li>
			<li>
				<key>Social</key>
				<value>-5</value>
			</li>
        </skillGains>
      </li>
    </degreeDatas>
</TraitDef>
<TraitDef>
    <defName>FFR_Panther</defName>
    <commonality>0.000001</commonality>
    <degreeDatas>
      <li>
        <label>Panther</label>
		<description>{PAWN_nameDef} is a Panther. {PAWN_nameDef} is a great natural predator with sharp sight. However, just like most Feline species, {PAWN_pronoun} is not a very Social being.</description>
		<statOffsets>
			<ShootingAccuracyPawn>0.25</ShootingAccuracyPawn>
			<TradePriceImprovement>-0.25</TradePriceImprovement>
			<SocialImpact>-0.25</SocialImpact>
		</statOffsets>
		<skillGains>
			<li>
				<key>Melee</key>
				<value>3</value>
			</li>
			<li>
				<key>Animals</key>
				<value>3</value>
			</li>
			<li>
				<key>Shooting</key>
				<value>2</value>
			</li>
			<li>
				<key>Social</key>
				<value>-5</value>
			</li>
        </skillGains>
      </li>
    </degreeDatas>
</TraitDef>
<TraitDef>
    <defName>FFR_Tigris</defName>
    <commonality>0.000001</commonality>
    <degreeDatas>
      <li>
        <label>Tigris</label>
		<description>{PAWN_nameDef} is a Tigris. {PAWN_nameDef} is a great natural predator with sharp sight. However, just like most Feline species, {PAWN_pronoun} is not a very Social being.</description>
		<statOffsets>
			<ShootingAccuracyPawn>0.25</ShootingAccuracyPawn>
			<TradePriceImprovement>-0.25</TradePriceImprovement>
			<SocialImpact>-0.25</SocialImpact>
		</statOffsets>
		<skillGains>
			<li>
				<key>Melee</key>
				<value>3</value>
			</li>
			<li>
				<key>Animals</key>
				<value>3</value>
			</li>
			<li>
				<key>Shooting</key>
				<value>2</value>
			</li>
			<li>
				<key>Social</key>
				<value>-5</value>
			</li>
        </skillGains>
      </li>
    </degreeDatas>
</TraitDef>
</Defs>