﻿<?xml version="1.0" encoding="utf-8"?>
<ModMetaData>
<name>Yanzihko's Races - Core Module [YZRCM][1.5]</name>
<author>Yanzihko</author>
<packageId>yanzihko.YZRCM</packageId>
<supportedVersions>
		<li>1.5</li>
</supportedVersions>
<modIconPath IgnoreIfNoMatchingField="True">UI/MinimodYZRCM</modIconPath>
<description>
	
A core mod required by all my races. Reduces overall clutter and duplicated content when you have few of my races running at the same time. Also makes my life a bit easier.

All of this for single additional click from you :)

Support me at Boosty: https://boosty.to/yanzihko
</description>
	<modDependencies>
		<li>
			<packageId>erdelf.HumanoidAlienRaces</packageId>
			<displayName>Humanoid Alien Races 2.0</displayName>
			<steamWorkshopUrl>steam://url/CommunityFilePage/839005762</steamWorkshopUrl>
		</li>
	</modDependencies>
</ModMetaData>