<?xml version="1.0" encoding="utf-8" ?>
<!-- These patches adds Braixen PawnKinds to all base game encounters, 
	 with 20% of the weighting of the equivalent Human PawnKinds -->

<Patch>
	<!-- Pirates -->
	<!-- Pirate raid 1; 100 commonality, ranged with melee mix-ins -->
	<Operation Class="PatchOperationAdd">
	<xpath>*/FactionDef[defName="Pirate"]/pawnGroupMakers/li[1]/options</xpath>
	<value>
        <Braixen_Drifter>2</Braixen_Drifter>
		<Braixen_Thrasher>0.6</Braixen_Thrasher>
        <Braixen_Scavenger>2</Braixen_Scavenger>
        <Braixen_Pirate>2</Braixen_Pirate>
        <Braixen_Grenadier_EMP>0.1</Braixen_Grenadier_EMP>
        <Braixen_Grenadier_Destructive>0.4</Braixen_Grenadier_Destructive>
        <Braixen_Mercenary_Gunner>2</Braixen_Mercenary_Gunner>
        <Braixen_Mercenary_Heavy>1.2</Braixen_Mercenary_Heavy>
        <Braixen_Mercenary_Slasher>0.6</Braixen_Mercenary_Slasher>
        <Braixen_Mercenary_Sniper>1.4</Braixen_Mercenary_Sniper>
        <Braixen_Mercenary_Elite>2</Braixen_Mercenary_Elite>
        <Braixen_PirateBoss>1</Braixen_PirateBoss>
	</value>
	</Operation>

	<!-- Pirate raid 2; 30 commonality, melee only -->
	<Operation Class="PatchOperationAdd">
	<xpath>*/FactionDef[defName="Pirate"]/pawnGroupMakers/li[2]/options</xpath>
	<value>
        <Braixen_Thrasher>2</Braixen_Thrasher>
        <Braixen_Mercenary_Slasher>2</Braixen_Mercenary_Slasher>
        <Braixen_PirateBoss>1</Braixen_PirateBoss>
	</value>
	</Operation>

	<!-- Pirate raid 3; 20 commonality, ranged only -->
	<Operation Class="PatchOperationAdd">
	<xpath>*/FactionDef[defName="Pirate"]/pawnGroupMakers/li[3]/options</xpath>
	<value>
		<Braixen_Scavenger>2.0</Braixen_Scavenger>
		<Braixen_Pirate>2.0</Braixen_Pirate>
		<Braixen_Grenadier_EMP>0.05</Braixen_Grenadier_EMP>
		<Braixen_Grenadier_Smoke>0.05</Braixen_Grenadier_Smoke>
		<Braixen_Grenadier_Destructive>0.4</Braixen_Grenadier_Destructive>
		<Braixen_Mercenary_Gunner>2.0</Braixen_Mercenary_Gunner>
		<Braixen_Mercenary_Heavy>1.2</Braixen_Mercenary_Heavy>
		<Braixen_Mercenary_Sniper>1.4</Braixen_Mercenary_Sniper>
		<Braixen_Mercenary_Elite>2.0</Braixen_Mercenary_Elite>
		<Braixen_PirateBoss>1.0</Braixen_PirateBoss>
	</value>
	</Operation>

	<!-- Pirate raid 4; 15 commonality, explosives with ranged mix-ins -->
	<Operation Class="PatchOperationAdd">
	<xpath>*/FactionDef[defName="Pirate"]/pawnGroupMakers/li[4]/options</xpath>
	<value>
        <Braixen_Grenadier_EMP>0.2</Braixen_Grenadier_EMP>
        <Braixen_Grenadier_Destructive>2</Braixen_Grenadier_Destructive>
        <Braixen_Mercenary_Gunner>0.2</Braixen_Mercenary_Gunner>
        <Braixen_Mercenary_Heavy>2</Braixen_Mercenary_Heavy>
        <Braixen_Mercenary_Elite>0.2</Braixen_Mercenary_Elite>
        <Braixen_PirateBoss>0.2</Braixen_PirateBoss>
	</value>
	</Operation>

	<!-- Pirate raid 5; 10 commonality, snipers only -->
	<Operation Class="PatchOperationAdd">
	<xpath>*/FactionDef[defName="Pirate"]/pawnGroupMakers/li[5]/options</xpath>
	<value>
        <Braixen_Mercenary_Sniper>2</Braixen_Mercenary_Sniper>
	</value>
	</Operation>

	<!-- Pirate raid 6; 2.5 commonality, drifters only -->
	<Operation Class="PatchOperationAdd">
	<xpath>*/FactionDef[defName="Pirate"]/pawnGroupMakers/li[6]/options</xpath>
	<value>
        <Braixen_Drifter>2</Braixen_Drifter>
	</value>
	</Operation>

	<!-- Pirate Settlement; mainly ranged with melee mix-ins -->
	<Operation Class="PatchOperationAdd">
	<xpath>*/FactionDef[defName="Pirate"]/pawnGroupMakers/li[7]/options</xpath>
	<value>
        <Braixen_Thrasher>0.6</Braixen_Thrasher>
        <Braixen_Pirate>2</Braixen_Pirate>
        <Braixen_Grenadier_Destructive>0.4</Braixen_Grenadier_Destructive>
		<Braixen_Mercenary_Slasher>0.6</Braixen_Mercenary_Slasher>
		<Braixen_Mercenary_Sniper>2</Braixen_Mercenary_Sniper>
		<Braixen_Mercenary_Gunner>2</Braixen_Mercenary_Gunner>
		<Braixen_Mercenary_Elite>2</Braixen_Mercenary_Elite>
        <Braixen_PirateBoss>2</Braixen_PirateBoss>
	</value>
	</Operation>
	
	<!-- Outlander -->
	<!-- Outlander Raid; standard mix -->
	<Operation Class="PatchOperationAdd">
	<xpath>*/FactionDef[@Name="OutlanderFactionBase"]/pawnGroupMakers/li[1]/options</xpath>
	<value>
        <Braixen_Villager>1</Braixen_Villager>
        <Braixen_Town_Guard>2</Braixen_Town_Guard>
        <Braixen_Grenadier_Destructive>0.3</Braixen_Grenadier_Destructive>
		<Braixen_Mercenary_Slasher>1.4</Braixen_Mercenary_Slasher>
		<Braixen_Mercenary_Gunner>2</Braixen_Mercenary_Gunner>
		<Braixen_Mercenary_Elite>2</Braixen_Mercenary_Elite>
        <Braixen_Town_Councilman>2</Braixen_Town_Councilman>
	</value>
	</Operation>
	
	<!-- Outlander Peaceful -->
	<Operation Class="PatchOperationAdd">
	<xpath>*/FactionDef[@Name="OutlanderFactionBase"]/pawnGroupMakers/li[2]/options</xpath>
	<value>
        <Braixen_Villager>4</Braixen_Villager>
        <Braixen_Town_Guard>2</Braixen_Town_Guard>
        <Braixen_Town_Councilman>2</Braixen_Town_Councilman>
	</value>
	</Operation>

	<!-- Outlander Traders -->
	<Operation Class="PatchOperationAdd">
	<xpath>*/FactionDef[@Name="OutlanderFactionBase"]/pawnGroupMakers/li[3]/guards</xpath>
	<value>
        <Braixen_Villager>0.6</Braixen_Villager>
        <Braixen_Town_Guard>2</Braixen_Town_Guard>
        <Braixen_Grenadier_Destructive>0.3</Braixen_Grenadier_Destructive>
        <Braixen_Mercenary_Slasher>1.4</Braixen_Mercenary_Slasher>
        <Braixen_Mercenary_Gunner>2</Braixen_Mercenary_Gunner>
		<Braixen_Mercenary_Elite>2</Braixen_Mercenary_Elite>
	</value>
	</Operation>

	<Operation Class="PatchOperationAdd">
	<xpath>*/FactionDef[@Name="OutlanderFactionBase"]/pawnGroupMakers/li[3]/traders</xpath>
	<value>
        <Braixen_Town_Trader>0.2</Braixen_Town_Trader>
	</value>
	</Operation>

	<Operation Class="PatchOperationAdd">
	<xpath>*/FactionDef[@Name="OutlanderFactionBase"]/pawnGroupMakers/li[4]/options</xpath>
	<value>
		<Braixen_Villager>2</Braixen_Villager>
        <Braixen_Town_Guard>2</Braixen_Town_Guard>
        <Braixen_Grenadier_Destructive>0.3</Braixen_Grenadier_Destructive>
		<Braixen_Mercenary_Slasher>1.4</Braixen_Mercenary_Slasher>
        <Braixen_Mercenary_Gunner>2</Braixen_Mercenary_Gunner>
        <Braixen_Mercenary_Elite>2</Braixen_Mercenary_Elite>
        <Braixen_Town_Councilman>2</Braixen_Town_Councilman>
	</value>
	</Operation>

	<!-- Villager -->
	<!-- Villager Raid 1; 100 commonality, ranged with melee mix-ins -->
	<Operation Class="PatchOperationAdd">
	<xpath>*/FactionDef[@Name="TribeBase"]/pawnGroupMakers/li[1]/options</xpath>
	<value>
        <Braixen_Tribal_Penitent>1</Braixen_Tribal_Penitent>
        <Braixen_Tribal_Warrior>1</Braixen_Tribal_Warrior>
        <Braixen_Tribal_Archer>2</Braixen_Tribal_Archer>
        <Braixen_Tribal_Hunter>2</Braixen_Tribal_Hunter>
        <Braixen_Tribal_HeavyArcher>2</Braixen_Tribal_HeavyArcher>
        <Braixen_Tribal_Berserker>1</Braixen_Tribal_Berserker>
        <Braixen_Tribal_ChiefRanged>0.6</Braixen_Tribal_ChiefRanged>
        <Braixen_Tribal_ChiefMelee>0.3</Braixen_Tribal_ChiefMelee>
	</value>
	</Operation>

	<!-- Villager Raid 2; 60 commonality, ranged only -->
	<Operation Class="PatchOperationAdd">
	<xpath>*/FactionDef[@Name="TribeBase"]/pawnGroupMakers/li[2]/options</xpath>
	<value>
        <Braixen_Tribal_Archer>2</Braixen_Tribal_Archer>
        <Braixen_Tribal_Hunter>2</Braixen_Tribal_Hunter>
        <Braixen_Tribal_HeavyArcher>2</Braixen_Tribal_HeavyArcher>
        <Braixen_Tribal_ChiefRanged>1</Braixen_Tribal_ChiefRanged>
	</value>
	</Operation>

	<!-- Villager Raid 3; 60 commonality, melee only -->
	<Operation Class="PatchOperationAdd">
	<xpath>*/FactionDef[@Name="TribeBase"]/pawnGroupMakers/li[3]/options</xpath>
	<value>
        <Braixen_Tribal_Penitent>2</Braixen_Tribal_Penitent>
        <Braixen_Tribal_Warrior>2</Braixen_Tribal_Warrior>
        <Braixen_Tribal_Berserker>2</Braixen_Tribal_Berserker>
        <Braixen_Tribal_ChiefMelee>1</Braixen_Tribal_ChiefMelee>
	</value>
	</Operation>

	<!-- Villager Peaceful -->
	<Operation Class="PatchOperationAdd">
	<xpath>*/FactionDef[@Name="TribeBase"]/pawnGroupMakers/li[5]/options</xpath>
	<value>
        <Braixen_Tribal_Warrior>4</Braixen_Tribal_Warrior>
        <Braixen_Tribal_Archer>2</Braixen_Tribal_Archer>
        <Braixen_Tribal_Hunter>2</Braixen_Tribal_Hunter>
        <Braixen_Tribal_HeavyArcher>2</Braixen_Tribal_HeavyArcher>
        <Braixen_Tribal_Berserker>1</Braixen_Tribal_Berserker>
        <Braixen_Tribal_ChiefRanged>0.6</Braixen_Tribal_ChiefRanged>
        <Braixen_Tribal_ChiefMelee>0.3</Braixen_Tribal_ChiefMelee>
	</value>
	</Operation>

	<!-- Villager Traders -->
	<Operation Class="PatchOperationAdd">
	<xpath>*/FactionDef[@Name="TribeBase"]/pawnGroupMakers/li[6]/guards</xpath>
	<value>
        <Braixen_Tribal_Warrior>1.4</Braixen_Tribal_Warrior>
        <Braixen_Tribal_Archer>2</Braixen_Tribal_Archer>
        <Braixen_Tribal_Hunter>2</Braixen_Tribal_Hunter>
        <Braixen_Tribal_HeavyArcher>2</Braixen_Tribal_HeavyArcher>
        <Braixen_Tribal_Berserker>1.4</Braixen_Tribal_Berserker>
	</value>
	</Operation>

	<Operation Class="PatchOperationAdd">
	<xpath>*/FactionDef[@Name="TribeBase"]/pawnGroupMakers/li[6]/traders</xpath>
	<value>
        <Braixen_Tribal_Trader>0.2</Braixen_Tribal_Trader>
	</value>
	</Operation>

	<!-- Settlement -->

	<Operation Class="PatchOperationAdd">
	<xpath>*/FactionDef[@Name="TribeBase"]/pawnGroupMakers/li[7]/options</xpath>
	<value>
          <Braixen_Tribal_Warrior>1.4</Braixen_Tribal_Warrior>
          <Braixen_Tribal_Archer>2</Braixen_Tribal_Archer>
          <Braixen_Tribal_Hunter>2</Braixen_Tribal_Hunter>
          <Braixen_Tribal_HeavyArcher>2</Braixen_Tribal_HeavyArcher>
          <Braixen_Tribal_Berserker>1.4</Braixen_Tribal_Berserker>
          <Braixen_Tribal_ChiefRanged>2</Braixen_Tribal_ChiefRanged>
	</value>
	</Operation>

</Patch>