<?xml version="1.0" encoding="utf-8" ?>
<!-- These patches adds Delphox PawnKinds to all base game encounters, 
	 with 20% of the weighting of the equivalent Human PawnKinds -->

<Patch>
	<!-- Pirates -->
	<!-- Pirate raid 1; 100 commonality, ranged with melee mix-ins -->
	<Operation Class="PatchOperationAdd">
	<xpath>*/FactionDef[defName="Pirate"]/pawnGroupMakers/li[1]/options</xpath>
	<value>
        <Delphox_Drifter>2</Delphox_Drifter>
		<Delphox_Thrasher>0.6</Delphox_Thrasher>
        <Delphox_Scavenger>2</Delphox_Scavenger>
        <Delphox_Pirate>2</Delphox_Pirate>
        <Delphox_Grenadier_EMP>0.1</Delphox_Grenadier_EMP>
        <Delphox_Grenadier_Destructive>0.4</Delphox_Grenadier_Destructive>
        <Delphox_Mercenary_Gunner>2</Delphox_Mercenary_Gunner>
        <Delphox_Mercenary_Heavy>1.2</Delphox_Mercenary_Heavy>
        <Delphox_Mercenary_Slasher>0.6</Delphox_Mercenary_Slasher>
        <Delphox_Mercenary_Sniper>1.4</Delphox_Mercenary_Sniper>
        <Delphox_Mercenary_Elite>2</Delphox_Mercenary_Elite>
        <Delphox_PirateBoss>1</Delphox_PirateBoss>
	</value>
	</Operation>

	<!-- Pirate raid 2; 30 commonality, melee only -->
	<Operation Class="PatchOperationAdd">
	<xpath>*/FactionDef[defName="Pirate"]/pawnGroupMakers/li[2]/options</xpath>
	<value>
        <Delphox_Thrasher>2</Delphox_Thrasher>
        <Delphox_Mercenary_Slasher>2</Delphox_Mercenary_Slasher>
        <Delphox_PirateBoss>1</Delphox_PirateBoss>
	</value>
	</Operation>

	<!-- Pirate raid 3; 20 commonality, ranged only -->
	<Operation Class="PatchOperationAdd">
	<xpath>*/FactionDef[defName="Pirate"]/pawnGroupMakers/li[3]/options</xpath>
	<value>
		<Delphox_Scavenger>2.0</Delphox_Scavenger>
		<Delphox_Pirate>2.0</Delphox_Pirate>
		<Delphox_Grenadier_EMP>0.05</Delphox_Grenadier_EMP>
		<Delphox_Grenadier_Smoke>0.05</Delphox_Grenadier_Smoke>
		<Delphox_Grenadier_Destructive>0.4</Delphox_Grenadier_Destructive>
		<Delphox_Mercenary_Gunner>2.0</Delphox_Mercenary_Gunner>
		<Delphox_Mercenary_Heavy>1.2</Delphox_Mercenary_Heavy>
		<Delphox_Mercenary_Sniper>1.4</Delphox_Mercenary_Sniper>
		<Delphox_Mercenary_Elite>2.0</Delphox_Mercenary_Elite>
		<Delphox_PirateBoss>1.0</Delphox_PirateBoss>
	</value>
	</Operation>

	<!-- Pirate raid 4; 15 commonality, explosives with ranged mix-ins -->
	<Operation Class="PatchOperationAdd">
	<xpath>*/FactionDef[defName="Pirate"]/pawnGroupMakers/li[4]/options</xpath>
	<value>
        <Delphox_Grenadier_EMP>0.2</Delphox_Grenadier_EMP>
        <Delphox_Grenadier_Destructive>2</Delphox_Grenadier_Destructive>
        <Delphox_Mercenary_Gunner>0.2</Delphox_Mercenary_Gunner>
        <Delphox_Mercenary_Heavy>2</Delphox_Mercenary_Heavy>
        <Delphox_Mercenary_Elite>0.2</Delphox_Mercenary_Elite>
        <Delphox_PirateBoss>0.2</Delphox_PirateBoss>
	</value>
	</Operation>

	<!-- Pirate raid 5; 10 commonality, snipers only -->
	<Operation Class="PatchOperationAdd">
	<xpath>*/FactionDef[defName="Pirate"]/pawnGroupMakers/li[5]/options</xpath>
	<value>
        <Delphox_Mercenary_Sniper>2</Delphox_Mercenary_Sniper>
	</value>
	</Operation>

	<!-- Pirate raid 6; 2.5 commonality, drifters only -->
	<Operation Class="PatchOperationAdd">
	<xpath>*/FactionDef[defName="Pirate"]/pawnGroupMakers/li[6]/options</xpath>
	<value>
        <Delphox_Drifter>2</Delphox_Drifter>
	</value>
	</Operation>

	<!-- Pirate Settlement; mainly ranged with melee mix-ins -->
	<Operation Class="PatchOperationAdd">
	<xpath>*/FactionDef[defName="Pirate"]/pawnGroupMakers/li[7]/options</xpath>
	<value>
        <Delphox_Thrasher>0.6</Delphox_Thrasher>
        <Delphox_Pirate>2</Delphox_Pirate>
        <Delphox_Grenadier_Destructive>0.4</Delphox_Grenadier_Destructive>
		<Delphox_Mercenary_Slasher>0.6</Delphox_Mercenary_Slasher>
		<Delphox_Mercenary_Sniper>2</Delphox_Mercenary_Sniper>
		<Delphox_Mercenary_Gunner>2</Delphox_Mercenary_Gunner>
		<Delphox_Mercenary_Elite>2</Delphox_Mercenary_Elite>
        <Delphox_PirateBoss>2</Delphox_PirateBoss>
	</value>
	</Operation>
	
	<!-- Outlander -->
	<!-- Outlander Raid; standard mix -->
	<Operation Class="PatchOperationAdd">
	<xpath>*/FactionDef[@Name="OutlanderFactionBase"]/pawnGroupMakers/li[1]/options</xpath>
	<value>
        <Delphox_Villager>1</Delphox_Villager>
        <Delphox_Town_Guard>2</Delphox_Town_Guard>
        <Delphox_Grenadier_Destructive>0.3</Delphox_Grenadier_Destructive>
		<Delphox_Mercenary_Slasher>1.4</Delphox_Mercenary_Slasher>
		<Delphox_Mercenary_Gunner>2</Delphox_Mercenary_Gunner>
		<Delphox_Mercenary_Elite>2</Delphox_Mercenary_Elite>
        <Delphox_Town_Councilman>2</Delphox_Town_Councilman>
	</value>
	</Operation>
	
	<!-- Outlander Peaceful -->
	<Operation Class="PatchOperationAdd">
	<xpath>*/FactionDef[@Name="OutlanderFactionBase"]/pawnGroupMakers/li[2]/options</xpath>
	<value>
        <Delphox_Villager>4</Delphox_Villager>
        <Delphox_Town_Guard>2</Delphox_Town_Guard>
        <Delphox_Town_Councilman>2</Delphox_Town_Councilman>
	</value>
	</Operation>

	<!-- Outlander Traders -->
	<Operation Class="PatchOperationAdd">
	<xpath>*/FactionDef[@Name="OutlanderFactionBase"]/pawnGroupMakers/li[3]/guards</xpath>
	<value>
        <Delphox_Villager>0.6</Delphox_Villager>
        <Delphox_Town_Guard>2</Delphox_Town_Guard>
        <Delphox_Grenadier_Destructive>0.3</Delphox_Grenadier_Destructive>
        <Delphox_Mercenary_Slasher>1.4</Delphox_Mercenary_Slasher>
        <Delphox_Mercenary_Gunner>2</Delphox_Mercenary_Gunner>
		<Delphox_Mercenary_Elite>2</Delphox_Mercenary_Elite>
	</value>
	</Operation>

	<Operation Class="PatchOperationAdd">
	<xpath>*/FactionDef[@Name="OutlanderFactionBase"]/pawnGroupMakers/li[3]/traders</xpath>
	<value>
        <Delphox_Town_Trader>0.2</Delphox_Town_Trader>
	</value>
	</Operation>

	<Operation Class="PatchOperationAdd">
	<xpath>*/FactionDef[@Name="OutlanderFactionBase"]/pawnGroupMakers/li[4]/options</xpath>
	<value>
		<Delphox_Villager>2</Delphox_Villager>
        <Delphox_Town_Guard>2</Delphox_Town_Guard>
        <Delphox_Grenadier_Destructive>0.3</Delphox_Grenadier_Destructive>
		<Delphox_Mercenary_Slasher>1.4</Delphox_Mercenary_Slasher>
        <Delphox_Mercenary_Gunner>2</Delphox_Mercenary_Gunner>
        <Delphox_Mercenary_Elite>2</Delphox_Mercenary_Elite>
        <Delphox_Town_Councilman>2</Delphox_Town_Councilman>
	</value>
	</Operation>

	<!-- Villager -->
	<!-- Villager Raid 1; 100 commonality, ranged with melee mix-ins -->
	<Operation Class="PatchOperationAdd">
	<xpath>*/FactionDef[@Name="TribeBase"]/pawnGroupMakers/li[1]/options</xpath>
	<value>
        <Delphox_Tribal_Penitent>1</Delphox_Tribal_Penitent>
        <Delphox_Tribal_Warrior>1</Delphox_Tribal_Warrior>
        <Delphox_Tribal_Archer>2</Delphox_Tribal_Archer>
        <Delphox_Tribal_Hunter>2</Delphox_Tribal_Hunter>
        <Delphox_Tribal_HeavyArcher>2</Delphox_Tribal_HeavyArcher>
        <Delphox_Tribal_Berserker>1</Delphox_Tribal_Berserker>
        <Delphox_Tribal_ChiefRanged>0.6</Delphox_Tribal_ChiefRanged>
        <Delphox_Tribal_ChiefMelee>0.3</Delphox_Tribal_ChiefMelee>
	</value>
	</Operation>

	<!-- Villager Raid 2; 60 commonality, ranged only -->
	<Operation Class="PatchOperationAdd">
	<xpath>*/FactionDef[@Name="TribeBase"]/pawnGroupMakers/li[2]/options</xpath>
	<value>
        <Delphox_Tribal_Archer>2</Delphox_Tribal_Archer>
        <Delphox_Tribal_Hunter>2</Delphox_Tribal_Hunter>
        <Delphox_Tribal_HeavyArcher>2</Delphox_Tribal_HeavyArcher>
        <Delphox_Tribal_ChiefRanged>1</Delphox_Tribal_ChiefRanged>
	</value>
	</Operation>

	<!-- Villager Raid 3; 60 commonality, melee only -->
	<Operation Class="PatchOperationAdd">
	<xpath>*/FactionDef[@Name="TribeBase"]/pawnGroupMakers/li[3]/options</xpath>
	<value>
        <Delphox_Tribal_Penitent>2</Delphox_Tribal_Penitent>
        <Delphox_Tribal_Warrior>2</Delphox_Tribal_Warrior>
        <Delphox_Tribal_Berserker>2</Delphox_Tribal_Berserker>
        <Delphox_Tribal_ChiefMelee>1</Delphox_Tribal_ChiefMelee>
	</value>
	</Operation>

	<!-- Villager Peaceful -->
	<Operation Class="PatchOperationAdd">
	<xpath>*/FactionDef[@Name="TribeBase"]/pawnGroupMakers/li[5]/options</xpath>
	<value>
        <Delphox_Tribal_Warrior>4</Delphox_Tribal_Warrior>
        <Delphox_Tribal_Archer>2</Delphox_Tribal_Archer>
        <Delphox_Tribal_Hunter>2</Delphox_Tribal_Hunter>
        <Delphox_Tribal_HeavyArcher>2</Delphox_Tribal_HeavyArcher>
        <Delphox_Tribal_Berserker>1</Delphox_Tribal_Berserker>
        <Delphox_Tribal_ChiefRanged>0.6</Delphox_Tribal_ChiefRanged>
        <Delphox_Tribal_ChiefMelee>0.3</Delphox_Tribal_ChiefMelee>
	</value>
	</Operation>

	<!-- Villager Traders -->
	<Operation Class="PatchOperationAdd">
	<xpath>*/FactionDef[@Name="TribeBase"]/pawnGroupMakers/li[6]/guards</xpath>
	<value>
        <Delphox_Tribal_Warrior>1.4</Delphox_Tribal_Warrior>
        <Delphox_Tribal_Archer>2</Delphox_Tribal_Archer>
        <Delphox_Tribal_Hunter>2</Delphox_Tribal_Hunter>
        <Delphox_Tribal_HeavyArcher>2</Delphox_Tribal_HeavyArcher>
        <Delphox_Tribal_Berserker>1.4</Delphox_Tribal_Berserker>
	</value>
	</Operation>

	<Operation Class="PatchOperationAdd">
	<xpath>*/FactionDef[@Name="TribeBase"]/pawnGroupMakers/li[6]/traders</xpath>
	<value>
        <Delphox_Tribal_Trader>0.2</Delphox_Tribal_Trader>
	</value>
	</Operation>

	<!-- Settlement -->

	<Operation Class="PatchOperationAdd">
	<xpath>*/FactionDef[@Name="TribeBase"]/pawnGroupMakers/li[7]/options</xpath>
	<value>
          <Delphox_Tribal_Warrior>1.4</Delphox_Tribal_Warrior>
          <Delphox_Tribal_Archer>2</Delphox_Tribal_Archer>
          <Delphox_Tribal_Hunter>2</Delphox_Tribal_Hunter>
          <Delphox_Tribal_HeavyArcher>2</Delphox_Tribal_HeavyArcher>
          <Delphox_Tribal_Berserker>1.4</Delphox_Tribal_Berserker>
          <Delphox_Tribal_ChiefRanged>2</Delphox_Tribal_ChiefRanged>
	</value>
	</Operation>

</Patch>