<?xml version="1.0" encoding="utf-8" ?>
<Defs>

<ThingDef ParentName="ResourceBase">
    <defName>Picomachinery</defName>
    <label>Picomachinery</label>
    <description>A cluster of Picomachinery packed in protective plasteel case. Picomachinery is way more advanced and smaller than any glitteroworld Nanomachinery. It's usually used in creation of Archotech Blocks and Archostrand. All kinds of Archomachinery are always prohibit themselves from self-replicating beyond certain amount. Each individual Archomachinery unit is tied to it's native cluster. It's impossible to turn one cluster of Picomachinery into two.</description>
    <graphicData>
      <texPath>Things/Item/Resource/Picomachinery</texPath>
      <graphicClass>Graphic_Single</graphicClass>
    </graphicData>
	<soundInteract>Silver_Drop</soundInteract>
	<soundDrop>Silver_Drop</soundDrop>
    <stackLimit>150</stackLimit>
    <healthAffectsPrice>false</healthAffectsPrice>
    <statBases>
      <MaxHitPoints>1000</MaxHitPoints>
      <MarketValue>100</MarketValue>
      <Mass>0.1</Mass>
      <Flammability>0.1</Flammability>
      <DeteriorationRate>1.0</DeteriorationRate>
    </statBases>
    <intricate>true</intricate>
    <thingCategories>
      <li>ArchotechRE</li>
    </thingCategories>
    <tradeTags>
      <li>ExoticMisc</li>
    </tradeTags>
    <thingSetMakerTags><li>RewardStandardHighFreq</li></thingSetMakerTags>
  </ThingDef>
  
  <ThingDef ParentName="ResourceBase">
    <defName>Femtomachinery</defName>
    <label>Femtomachinery</label>
    <description>A cluster of Femtomachinery packed in protective plasteel case. Femtomachinery is way more advanced and smaller than Picomachinery. It's usually used in advanced archotech items and facilities. All kinds of Archomachinery are always prohibit themselves from self-replicating beyond certain amount. Each individual Archomachinery unit is tied to it's native cluster. It's impossible to turn one cluster of Femtomachinery into two.</description>
    <graphicData>
      <texPath>Things/Item/Resource/Femtomachinery</texPath>
      <graphicClass>Graphic_Single</graphicClass>
    </graphicData>
	<soundInteract>Silver_Drop</soundInteract>
	<soundDrop>Silver_Drop</soundDrop>
    <stackLimit>150</stackLimit>
    <healthAffectsPrice>false</healthAffectsPrice>
    <statBases>
      <MaxHitPoints>1000</MaxHitPoints>
      <MarketValue>200</MarketValue>
      <Mass>0.1</Mass>
      <Flammability>0.1</Flammability>
      <DeteriorationRate>1.0</DeteriorationRate>
    </statBases>
    <intricate>true</intricate>
    <thingCategories>
      <li>ArchotechRE</li>
    </thingCategories>
    <tradeTags>
      <li>ExoticMisc</li>
    </tradeTags>
    <thingSetMakerTags><li>RewardStandardHighFreq</li></thingSetMakerTags>
  </ThingDef>
  
  <ThingDef ParentName="ResourceBase">
    <defName>Attomachinery</defName>
    <label>Attomachinery</label>
    <description>A cluster of Attomachinery packed in protective plasteel case. Attomachinery is way more advanced and smaller than Femtomachinery. It's usually used in most complex and advanced archotech items, facilities and military. All kinds of Archomachinery are always prohibit themselves from self-replicating beyond certain amount. Each individual Archomachinery unit is tied to it's native cluster. It's impossible to turn one cluster of Attomachinery into two.</description>
    <graphicData>
      <texPath>Things/Item/Resource/Attomachinery</texPath>
      <graphicClass>Graphic_Single</graphicClass>
    </graphicData>
	<soundInteract>Silver_Drop</soundInteract>
	<soundDrop>Silver_Drop</soundDrop>
    <stackLimit>150</stackLimit>
    <healthAffectsPrice>false</healthAffectsPrice>
    <statBases>
      <MaxHitPoints>1000</MaxHitPoints>
      <MarketValue>300</MarketValue>
      <Mass>0.1</Mass>
      <Flammability>0.1</Flammability>
      <DeteriorationRate>1.0</DeteriorationRate>
    </statBases>
    <intricate>true</intricate>
    <thingCategories>
      <li>ArchotechRE</li>
    </thingCategories>
    <tradeTags>
      <li>ExoticMisc</li>
    </tradeTags>
    <thingSetMakerTags><li>RewardStandardHighFreq</li></thingSetMakerTags>
  </ThingDef>
  
  </Defs>