<?xml version="1.0" encoding="utf-8" ?>
<Defs>

<ThingDef ParentName="MedicineBase">
    <defName>MedicineArchotech</defName>
    <label>Archotech medicine</label>
    <description>A kit with a set of Archomachinery injections. Requires no medical skills at all. Injected Archomachinery will do it's best to save the patient.</description>
    <graphicData>
      <texPath>Things/Item/Resource/MedicineArchotech</texPath>
      <graphicClass>Graphic_StackCount</graphicClass>
      <drawSize>0.85</drawSize>
    </graphicData>
    <techLevel>Ultra</techLevel>
    <statBases>
      <MarketValue>100</MarketValue>
      <Mass>1</Mass>
      <Flammability>0.1</Flammability>
      <MedicalPotency>10</MedicalPotency>
      <MedicalQualityMax>10</MedicalQualityMax>
      <DeteriorationRate>1.0</DeteriorationRate>
    </statBases>
	<thingCategories>
      <li>ArchotechRE</li>
    </thingCategories>
    <tradeTags>
      <li>ExoticMisc</li>
    </tradeTags>
    <thingSetMakerTags><li>RewardStandardHighFreq</li></thingSetMakerTags>
  </ThingDef>
  
  </Defs>