<?xml version="1.0" encoding="utf-8" ?>
<Defs>

<ThingDef ParentName="ResourceBase">
    <defName>ComponentArchotech</defName>
    <label>Archotech component</label>
    <description>Archotech machinery utilizing Archomachinery technologies. Extremely dense, compact and efficient.</description>
    <graphicData>
      <texPath>Things/Item/Resource/ComponentArchotech</texPath>
      <graphicClass>Graphic_Single</graphicClass>
    </graphicData>
    <soundInteract>Metal_Drop</soundInteract>
    <soundDrop>Standard_Drop</soundDrop>
    <stackLimit>50</stackLimit>
    <healthAffectsPrice>false</healthAffectsPrice>
    <statBases>
      <MaxHitPoints>250</MaxHitPoints>
      <MarketValue>500</MarketValue>
      <Mass>1</Mass>
      <Flammability>0.1</Flammability>
      <DeteriorationRate>1.0</DeteriorationRate>
    </statBases>
    <intricate>true</intricate>
    <thingCategories>
      <li>ArchotechRE</li>
    </thingCategories>
    <tradeTags>
      <li>ExoticMisc</li>
    </tradeTags>
    <thingSetMakerTags><li>RewardStandardHighFreq</li></thingSetMakerTags>
  </ThingDef>
  
  <ThingDef ParentName="ResourceBase">
    <defName>BlockArchotech</defName>
    <label>Archotech block</label>
    <description>Archotech block is a universal unit used in most archotech structures and items. From facilities up to complex weaponary. It utilises Archomachinery technologies. It looks like a solid cube with gradient glowing lines all over the surface. Archotech block transforms itself according to where it is used at current moment and is easily combined with other blocks and components. Think of it as of self-assembling lego where all parts fit each other. All what you have to do is to give them an order and bring enough materials.</description>
    <graphicData>
      <texPath>Things/Item/Resource/BlockArchotech</texPath>
      <graphicClass>Graphic_Single</graphicClass>
    </graphicData>
    <soundInteract>Metal_Drop</soundInteract>
    <soundDrop>Standard_Drop</soundDrop>
    <statBases>
			<MaxHitPoints>1000</MaxHitPoints>
		<MarketValue>100</MarketValue>
		<Mass>0.5</Mass>
		<Flammability>0</Flammability>
		<DeteriorationRate>1.0</DeteriorationRate>
		<StuffPower_Armor_Sharp>3</StuffPower_Armor_Sharp>
		<StuffPower_Armor_Blunt>3</StuffPower_Armor_Blunt>
		<StuffPower_Armor_Heat>3</StuffPower_Armor_Heat>
		<StuffPower_Insulation_Cold>100</StuffPower_Insulation_Cold>
		<StuffPower_Insulation_Heat>100</StuffPower_Insulation_Heat>
		<SharpDamageMultiplier>3</SharpDamageMultiplier>
		<BluntDamageMultiplier>3</BluntDamageMultiplier>
		</statBases>
    <stuffProps>
      <categories>
		<li>Metallic</li>
      </categories>
      <commonality>0.01</commonality>
      <color>(0,153,76)</color>
      <statFactors>
        <Flammability>0</Flammability>
        <MaxHitPoints>20</MaxHitPoints>
		<Beauty>10</Beauty>
		<MeleeWeapon_CooldownMultiplier>0.9</MeleeWeapon_CooldownMultiplier>
      </statFactors>
    </stuffProps>
    <thingCategories>
	  <li>ArchotechRE</li>
    </thingCategories>
    <tradeTags>
      <li>ExoticMisc</li>
    </tradeTags>
  </ThingDef>
  
  <ThingDef ParentName="ResourceBase">
    <defName>Archostrand</defName>
    <label>Archostrand</label>
    <description>Archostrand is an extremely durable fabric made from a complex network of Archomachinery. This fabric transforms itself according to situation. For example, clothing made from Archostrand will produce heat in cold enviroment. If you look close enough, it's possible to see how some threads are glowing with gradient light.</description>
    <graphicData>
      <texPath>Things/Item/Resource/Archostrand</texPath>
      <graphicClass>Graphic_Single</graphicClass>
    </graphicData>
    <soundInteract>Metal_Drop</soundInteract>
    <soundDrop>Standard_Drop</soundDrop>
    <statBases>
			<MaxHitPoints>1000</MaxHitPoints>
		<MarketValue>100</MarketValue>
		<Mass>0.5</Mass>
		<Flammability>0</Flammability>
		<DeteriorationRate>1.0</DeteriorationRate>
		<StuffPower_Armor_Sharp>3</StuffPower_Armor_Sharp>
		<StuffPower_Armor_Blunt>3</StuffPower_Armor_Blunt>
		<StuffPower_Armor_Heat>3</StuffPower_Armor_Heat>
		<StuffPower_Insulation_Cold>100</StuffPower_Insulation_Cold>
		<StuffPower_Insulation_Heat>100</StuffPower_Insulation_Heat>
		<SharpDamageMultiplier>3</SharpDamageMultiplier>
		<BluntDamageMultiplier>3</BluntDamageMultiplier>
		</statBases>
    <stuffProps>
      <categories>
        <li>Fabric</li>
      </categories>
      <commonality>0.05</commonality>
      <color>(58,201,123)</color>
      <statFactors>
        <Flammability>0</Flammability>
        <MaxHitPoints>10</MaxHitPoints>
		<Beauty>20</Beauty>
      </statFactors>
    </stuffProps>
    <thingCategories>
      <li>ArchotechRE</li>
    </thingCategories>
    <tradeTags>
      <li>ExoticMisc</li>
    </tradeTags>
	</ThingDef>
  
  </Defs>